url,label
secure-hdfc-login.verify-now.xyz/update,1
sbi-alert-kyc.account-verify.tk/login,1
paytm-kyc-update.upi-link.ml/verify,1
aadhaar-verify.gov-india.cf/update,1
trai-notice-urgent.action-required.xyz,1
free-jio-data.claim-now.tk/redeem,1
upi-reward-claim.prize-winner.xyz,1
hdfc-secure-login.verify-account.top,1
sbi-net-banking.login-update.work,1
income-tax-refund.claim-prize.xyz,1
pm-kisan-portal.gov-scheme.ml,1
icici-bank-alert.account-blocked.xyz,1
axis-bank-verify.urgent-action.tk,1
phonepe-blocked.verify-now.xyz/kyc,1
gpay-reward.upi-cashback.ml/claim,1
corona-relief-fund.claim-now.cf,1
epf-withdrawal-online.verify.xyz,1
lic-premium-due.payment-link.tk,1
amazon-lucky-winner.prize-claim.xyz,1
flipkart-offer-claim.free-gift.ml,1
sim-block-trai.immediate-action.xyz,1
whatsapp-account-suspended.verify.tk,1
facebook-security-alert.login.xyz,1
bitcoin-investment-india.profit.ml,1
mutual-fund-claim.return-now.xyz,1
http://axis-verify-now.win-india.cf/login,1
http://jio-login-now.kyc-india.fun/login,1
http://axis-free-now.win-india.loan/login,1
http://icici-suspend-now.reward-india.xyz/login,1
http://sbi-update-now.login-india.ga/login,1
http://trai-suspend-now.verify-india.loan/login,1
http://gpay-win-now.free-india.fun/login,1
http://aadhaar-reward-now.login-india.work/login,1
http://uidai-secure-now.verify-india.ml/login,1
http://amazon-claim-now.secure-india.ml/login,1
http://gpay-claim-now.update-india.tk/login,1
http://bob-update-now.claim-india.click/login,1
http://airtel-verify-now.win-india.work/login,1
http://aadhaar-update-now.reward-india.tk/login,1
http://aadhaar-secure-now.free-india.pw/login,1
http://pnb-suspend-now.login-india.fun/login,1
http://icici-verify-now.free-india.ga/login,1
http://kotak-update-now.login-india.tk/login,1
http://bob-secure-now.alert-india.buzz/login,1
http://pnb-kyc-now.claim-india.click/login,1
http://gpay-free-now.secure-india.fun/login,1
http://icici-suspend-now.free-india.ml/login,1
http://aadhaar-win-now.login-india.ml/login,1
http://flipkart-reward-now.secure-india.buzz/login,1
http://aadhaar-login-now.free-india.click/login,1
http://hdfc-login-now.verify-india.click/login,1
http://bob-secure-now.update-india.ga/login,1
http://uidai-win-now.claim-india.ga/login,1
http://irctc-reward-now.free-india.work/login,1
http://paytm-secure-now.kyc-india.ga/login,1
http://aadhaar-block-now.secure-india.fun/login,1
http://uidai-reward-now.suspend-india.top/login,1
http://pnb-login-now.kyc-india.loan/login,1
http://irctc-update-now.verify-india.tk/login,1
http://paytm-free-now.kyc-india.buzz/login,1
http://amazon-suspend-now.update-india.top/login,1
http://bob-suspend-now.alert-india.loan/login,1
http://airtel-block-now.verify-india.buzz/login,1
http://axis-free-now.block-india.cf/login,1
http://yesbank-update-now.secure-india.top/login,1
http://phonepe-alert-now.verify-india.fun/login,1
http://airtel-block-now.kyc-india.loan/login,1
http://axis-free-now.secure-india.buzz/login,1
http://trai-suspend-now.login-india.ml/login,1
http://pnb-kyc-now.block-india.loan/login,1
http://sbi-suspend-now.claim-india.work/login,1
http://sbi-update-now.claim-india.cf/login,1
http://jio-verify-now.login-india.pw/login,1
http://icici-update-now.win-india.work/login,1
http://icici-block-now.kyc-india.ml/login,1
http://irctc-block-now.kyc-india.cf/login,1
http://trai-suspend-now.reward-india.ga/login,1
http://aadhaar-win-now.win-india.ga/login,1
http://kotak-reward-now.free-india.buzz/login,1
http://pnb-alert-now.block-india.work/login,1
http://axis-login-now.login-india.tk/login,1
http://yesbank-verify-now.suspend-india.loan/login,1
http://jio-suspend-now.login-india.xyz/login,1
http://icici-win-now.free-india.xyz/login,1
http://jio-update-now.verify-india.click/login,1
http://icici-block-now.login-india.cf/login,1
http://irctc-login-now.block-india.ml/login,1
http://uidai-suspend-now.alert-india.ga/login,1
http://irctc-reward-now.login-india.tk/login,1
http://axis-free-now.reward-india.click/login,1
http://amazon-reward-now.alert-india.fun/login,1
http://hdfc-free-now.free-india.buzz/login,1
http://axis-verify-now.reward-india.fun/login,1
http://yesbank-update-now.login-india.ga/login,1
http://gpay-block-now.alert-india.ml/login,1
http://amazon-kyc-now.secure-india.work/login,1
http://jio-update-now.alert-india.loan/login,1
http://axis-verify-now.free-india.loan/login,1
http://sbi-update-now.login-india.ml/login,1
http://amazon-alert-now.alert-india.ga/login,1
http://bob-verify-now.kyc-india.top/login,1
http://sbi-reward-now.secure-india.work/login,1
http://kotak-reward-now.win-india.fun/login,1
http://aadhaar-free-now.win-india.work/login,1
http://paytm-login-now.secure-india.ga/login,1
http://hdfc-suspend-now.win-india.loan/login,1
http://hdfc-win-now.claim-india.xyz/login,1
http://hdfc-suspend-now.alert-india.loan/login,1
http://trai-kyc-now.verify-india.loan/login,1
http://icici-kyc-now.update-india.pw/login,1
http://icici-free-now.login-india.top/login,1
http://axis-suspend-now.login-india.pw/login,1
http://hdfc-suspend-now.update-india.top/login,1
http://uidai-suspend-now.block-india.click/login,1
http://airtel-login-now.free-india.fun/login,1
http://yesbank-login-now.secure-india.top/login,1
http://paytm-free-now.free-india.cf/login,1
http://flipkart-claim-now.update-india.xyz/login,1
http://flipkart-suspend-now.suspend-india.tk/login,1
http://icici-block-now.login-india.loan/login,1
http://airtel-kyc-now.claim-india.tk/login,1
http://jio-claim-now.secure-india.ml/login,1
http://flipkart-block-now.win-india.cf/login,1
http://trai-verify-now.free-india.loan/login,1
http://kotak-free-now.update-india.ml/login,1
http://airtel-update-now.update-india.fun/login,1
http://aadhaar-kyc-now.secure-india.cf/login,1
http://gpay-win-now.claim-india.ga/login,1
http://airtel-block-now.alert-india.cf/login,1
http://hdfc-update-now.free-india.top/login,1
http://airtel-verify-now.verify-india.click/login,1
http://paytm-free-now.secure-india.ml/login,1
http://flipkart-block-now.win-india.top/login,1
http://aadhaar-verify-now.update-india.tk/login,1
http://paytm-block-now.verify-india.click/login,1
http://uidai-block-now.kyc-india.top/login,1
http://paytm-verify-now.secure-india.click/login,1
http://hdfc-claim-now.login-india.buzz/login,1
http://jio-free-now.update-india.click/login,1
http://aadhaar-reward-now.suspend-india.fun/login,1
http://paytm-login-now.kyc-india.ml/login,1
http://amazon-verify-now.kyc-india.fun/login,1
http://yesbank-reward-now.free-india.fun/login,1
http://jio-secure-now.kyc-india.fun/login,1
http://axis-reward-now.verify-india.work/login,1
http://jio-login-now.alert-india.click/login,1
http://kotak-login-now.login-india.xyz/login,1
http://gpay-reward-now.claim-india.cf/login,1
http://icici-secure-now.claim-india.buzz/login,1
http://trai-reward-now.free-india.loan/login,1
http://yesbank-verify-now.update-india.cf/login,1
http://phonepe-suspend-now.secure-india.xyz/login,1
http://axis-suspend-now.reward-india.click/login,1
http://yesbank-reward-now.suspend-india.loan/login,1
http://axis-reward-now.suspend-india.ga/login,1
http://airtel-verify-now.win-india.top/login,1
http://sbi-block-now.block-india.buzz/login,1
http://gpay-claim-now.reward-india.tk/login,1
http://yesbank-suspend-now.claim-india.buzz/login,1
http://axis-win-now.secure-india.loan/login,1
http://kotak-free-now.reward-india.click/login,1
http://bob-win-now.secure-india.loan/login,1
http://paytm-login-now.reward-india.buzz/login,1
http://bob-free-now.win-india.ml/login,1
http://uidai-secure-now.reward-india.loan/login,1
http://sbi-secure-now.secure-india.ga/login,1
http://amazon-suspend-now.suspend-india.buzz/login,1
http://yesbank-alert-now.alert-india.work/login,1
http://gpay-block-now.alert-india.fun/login,1
http://phonepe-free-now.update-india.cf/login,1
http://trai-free-now.free-india.pw/login,1
http://yesbank-update-now.login-india.buzz/login,1
http://kotak-login-now.login-india.ml/login,1
http://sbi-verify-now.login-india.work/login,1
http://icici-alert-now.reward-india.buzz/login,1
http://uidai-login-now.win-india.fun/login,1
http://bob-alert-now.reward-india.ga/login,1
http://paytm-free-now.win-india.xyz/login,1
http://axis-reward-now.login-india.ml/login,1
http://trai-alert-now.verify-india.loan/login,1
http://jio-update-now.alert-india.ml/login,1
http://flipkart-free-now.block-india.loan/login,1
http://yesbank-alert-now.suspend-india.fun/login,1
http://trai-reward-now.block-india.work/login,1
http://phonepe-win-now.alert-india.work/login,1
http://airtel-login-now.free-india.cf/login,1
http://trai-alert-now.free-india.ga/login,1
http://airtel-alert-now.update-india.fun/login,1
http://kotak-login-now.secure-india.click/login,1
http://yesbank-block-now.update-india.ml/login,1
http://paytm-login-now.reward-india.fun/login,1
http://paytm-win-now.login-india.tk/login,1
http://amazon-reward-now.claim-india.loan/login,1
http://flipkart-reward-now.verify-india.ga/login,1
http://amazon-reward-now.suspend-india.fun/login,1
http://sbi-suspend-now.reward-india.work/login,1
http://sbi-claim-now.secure-india.top/login,1
http://amazon-block-now.win-india.fun/login,1
http://aadhaar-suspend-now.login-india.work/login,1
http://jio-secure-now.reward-india.work/login,1
http://sbi-reward-now.claim-india.buzz/login,1
http://bob-win-now.kyc-india.work/login,1
http://paytm-suspend-now.block-india.xyz/login,1
http://bob-suspend-now.suspend-india.buzz/login,1
http://sbi-update-now.free-india.top/login,1
http://paytm-alert-now.kyc-india.xyz/login,1
http://airtel-reward-now.claim-india.ga/login,1
http://flipkart-claim-now.claim-india.top/login,1
http://airtel-reward-now.secure-india.tk/login,1
http://irctc-verify-now.win-india.loan/login,1
http://hdfc-claim-now.login-india.buzz/login,1
http://icici-free-now.verify-india.xyz/login,1
http://jio-login-now.verify-india.pw/login,1
http://paytm-login-now.kyc-india.work/login,1
http://axis-suspend-now.login-india.work/login,1
http://airtel-claim-now.kyc-india.pw/login,1
http://axis-kyc-now.secure-india.tk/login,1
http://uidai-verify-now.secure-india.pw/login,1
http://bob-reward-now.win-india.ga/login,1
http://icici-suspend-now.win-india.buzz/login,1
http://jio-update-now.win-india.cf/login,1
http://axis-suspend-now.verify-india.click/login,1
http://aadhaar-reward-now.free-india.click/login,1
http://icici-block-now.free-india.click/login,1
http://sbi-reward-now.alert-india.tk/login,1
http://amazon-claim-now.free-india.work/login,1
http://paytm-reward-now.kyc-india.fun/login,1
http://trai-free-now.secure-india.pw/login,1
http://aadhaar-alert-now.alert-india.top/login,1
http://uidai-secure-now.claim-india.ga/login,1
http://icici-secure-now.alert-india.ga/login,1
http://flipkart-suspend-now.suspend-india.buzz/login,1
http://bob-claim-now.verify-india.work/login,1
http://yesbank-kyc-now.alert-india.ga/login,1
http://pnb-secure-now.claim-india.cf/login,1
http://airtel-block-now.verify-india.loan/login,1
http://gpay-update-now.login-india.fun/login,1
http://amazon-alert-now.block-india.ga/login,1
http://irctc-free-now.win-india.work/login,1
http://flipkart-verify-now.update-india.cf/login,1
http://jio-reward-now.win-india.ga/login,1
http://kotak-free-now.suspend-india.click/login,1
http://irctc-block-now.block-india.click/login,1
http://amazon-win-now.block-india.click/login,1
http://pnb-win-now.alert-india.cf/login,1
http://kotak-secure-now.login-india.tk/login,1
http://gpay-claim-now.update-india.fun/login,1
http://aadhaar-win-now.kyc-india.ga/login,1
http://gpay-win-now.alert-india.cf/login,1
http://uidai-block-now.suspend-india.cf/login,1
http://axis-login-now.secure-india.ga/login,1
http://pnb-kyc-now.secure-india.xyz/login,1
http://aadhaar-kyc-now.secure-india.xyz/login,1
http://hdfc-block-now.secure-india.fun/login,1
http://paytm-free-now.alert-india.tk/login,1
http://sbi-suspend-now.secure-india.work/login,1
http://irctc-alert-now.claim-india.ml/login,1
http://hdfc-secure-now.alert-india.tk/login,1
http://icici-reward-now.alert-india.tk/login,1
http://uidai-free-now.free-india.xyz/login,1
http://paytm-kyc-now.suspend-india.cf/login,1
http://icici-login-now.update-india.loan/login,1
http://amazon-suspend-now.suspend-india.pw/login,1
http://jio-block-now.reward-india.work/login,1
http://flipkart-secure-now.suspend-india.top/login,1
http://kotak-suspend-now.suspend-india.xyz/login,1
http://axis-login-now.free-india.ga/login,1
http://airtel-free-now.update-india.ml/login,1
http://jio-kyc-now.block-india.tk/login,1
http://phonepe-verify-now.reward-india.work/login,1
http://irctc-secure-now.verify-india.ga/login,1
http://kotak-win-now.secure-india.fun/login,1
http://flipkart-update-now.free-india.ga/login,1
http://airtel-free-now.suspend-india.buzz/login,1
http://gpay-reward-now.update-india.loan/login,1
http://jio-free-now.kyc-india.cf/login,1
http://paytm-update-now.verify-india.ml/login,1
http://kotak-suspend-now.win-india.pw/login,1
http://kotak-alert-now.update-india.work/login,1
http://kotak-win-now.reward-india.cf/login,1
http://trai-block-now.alert-india.work/login,1
http://icici-suspend-now.verify-india.top/login,1
http://yesbank-suspend-now.secure-india.xyz/login,1
http://icici-login-now.free-india.pw/login,1
http://uidai-verify-now.free-india.cf/login,1
http://uidai-verify-now.kyc-india.work/login,1
http://trai-free-now.alert-india.cf/login,1
http://phonepe-suspend-now.reward-india.buzz/login,1
http://irctc-update-now.alert-india.click/login,1
http://amazon-claim-now.claim-india.buzz/login,1
http://axis-kyc-now.claim-india.top/login,1
http://irctc-secure-now.free-india.top/login,1
http://aadhaar-verify-now.alert-india.tk/login,1
http://yesbank-secure-now.claim-india.tk/login,1
http://bob-block-now.verify-india.buzz/login,1
http://aadhaar-alert-now.reward-india.xyz/login,1
http://gpay-block-now.claim-india.pw/login,1
http://irctc-free-now.alert-india.xyz/login,1
http://gpay-secure-now.block-india.ml/login,1
http://kotak-alert-now.win-india.work/login,1
http://axis-verify-now.free-india.pw/login,1
http://jio-win-now.kyc-india.cf/login,1
http://aadhaar-verify-now.block-india.top/login,1
http://icici-login-now.update-india.work/login,1
http://axis-free-now.kyc-india.work/login,1
http://kotak-block-now.win-india.cf/login,1
http://amazon-alert-now.alert-india.ga/login,1
http://flipkart-block-now.kyc-india.top/login,1
http://gpay-suspend-now.block-india.fun/login,1
http://paytm-update-now.secure-india.top/login,1
http://yesbank-block-now.secure-india.xyz/login,1
http://kotak-win-now.secure-india.pw/login,1
http://uidai-free-now.alert-india.ml/login,1
http://flipkart-block-now.alert-india.click/login,1
http://yesbank-block-now.block-india.top/login,1
http://flipkart-claim-now.login-india.fun/login,1
http://jio-suspend-now.reward-india.ga/login,1
http://amazon-verify-now.claim-india.fun/login,1
http://irctc-win-now.reward-india.top/login,1
http://paytm-alert-now.verify-india.ml/login,1
http://trai-suspend-now.claim-india.tk/login,1
http://flipkart-update-now.block-india.work/login,1
http://sbi-win-now.kyc-india.top/login,1
http://paytm-update-now.alert-india.cf/login,1
http://yesbank-suspend-now.win-india.top/login,1
http://icici-claim-now.free-india.loan/login,1
http://bob-claim-now.free-india.fun/login,1
http://irctc-block-now.verify-india.pw/login,1
http://icici-login-now.free-india.buzz/login,1
http://kotak-login-now.win-india.tk/login,1
http://amazon-update-now.free-india.fun/login,1
http://axis-alert-now.kyc-india.fun/login,1
http://kotak-verify-now.verify-india.click/login,1
http://hdfc-secure-now.claim-india.click/login,1
http://amazon-kyc-now.login-india.loan/login,1
http://amazon-suspend-now.free-india.ml/login,1
http://phonepe-kyc-now.update-india.pw/login,1
http://bob-suspend-now.free-india.ga/login,1
http://irctc-suspend-now.kyc-india.ga/login,1
http://flipkart-free-now.secure-india.work/login,1
http://airtel-free-now.verify-india.work/login,1
http://kotak-free-now.block-india.ml/login,1
http://icici-alert-now.claim-india.pw/login,1
http://kotak-free-now.reward-india.fun/login,1
http://airtel-alert-now.secure-india.ga/login,1
http://bob-alert-now.update-india.ga/login,1
http://bob-suspend-now.claim-india.pw/login,1
http://kotak-win-now.secure-india.xyz/login,1
http://bob-secure-now.verify-india.pw/login,1
http://hdfc-suspend-now.win-india.work/login,1
http://kotak-login-now.suspend-india.click/login,1
http://jio-free-now.login-india.pw/login,1
http://airtel-free-now.win-india.buzz/login,1
http://paytm-free-now.update-india.buzz/login,1
http://hdfc-secure-now.alert-india.xyz/login,1
http://uidai-claim-now.win-india.ml/login,1
http://icici-secure-now.claim-india.fun/login,1
http://amazon-kyc-now.login-india.ml/login,1
http://aadhaar-claim-now.block-india.loan/login,1
http://airtel-kyc-now.secure-india.work/login,1
http://kotak-win-now.claim-india.tk/login,1
http://flipkart-update-now.kyc-india.ga/login,1
http://bob-block-now.claim-india.tk/login,1
http://bob-verify-now.secure-india.loan/login,1
http://axis-alert-now.claim-india.buzz/login,1
http://airtel-suspend-now.reward-india.buzz/login,1
http://pnb-update-now.free-india.ga/login,1
http://irctc-verify-now.suspend-india.loan/login,1
http://yesbank-suspend-now.login-india.buzz/login,1
http://icici-free-now.alert-india.fun/login,1
http://kotak-free-now.reward-india.tk/login,1
http://paytm-verify-now.verify-india.cf/login,1
http://irctc-update-now.update-india.ga/login,1
http://aadhaar-kyc-now.reward-india.work/login,1
http://pnb-free-now.win-india.fun/login,1
http://aadhaar-reward-now.suspend-india.fun/login,1
http://paytm-reward-now.free-india.tk/login,1
http://irctc-suspend-now.reward-india.cf/login,1
http://hdfc-win-now.claim-india.ga/login,1
http://flipkart-alert-now.login-india.click/login,1
http://axis-free-now.claim-india.loan/login,1
http://pnb-verify-now.reward-india.cf/login,1
http://gpay-update-now.alert-india.tk/login,1
http://gpay-free-now.free-india.pw/login,1
http://sbi-verify-now.claim-india.ga/login,1
http://paytm-suspend-now.login-india.tk/login,1
http://aadhaar-login-now.suspend-india.ga/login,1
http://jio-claim-now.kyc-india.pw/login,1
http://sbi-secure-now.kyc-india.ml/login,1
http://aadhaar-secure-now.kyc-india.tk/login,1
http://sbi-kyc-now.verify-india.click/login,1
http://jio-suspend-now.claim-india.xyz/login,1
http://phonepe-secure-now.verify-india.ml/login,1
http://amazon-block-now.update-india.fun/login,1
http://icici-alert-now.alert-india.click/login,1
http://trai-suspend-now.update-india.work/login,1
http://trai-login-now.suspend-india.xyz/login,1
http://trai-secure-now.alert-india.buzz/login,1
http://sbi-verify-now.alert-india.top/login,1
http://amazon-free-now.update-india.work/login,1
http://flipkart-update-now.update-india.click/login,1
http://paytm-update-now.kyc-india.cf/login,1
http://uidai-block-now.win-india.click/login,1
http://bob-suspend-now.block-india.cf/login,1
http://flipkart-block-now.suspend-india.top/login,1
http://axis-win-now.update-india.buzz/login,1
http://aadhaar-win-now.login-india.top/login,1
http://flipkart-login-now.reward-india.click/login,1
http://flipkart-reward-now.reward-india.fun/login,1
http://axis-claim-now.reward-india.click/login,1
http://airtel-claim-now.kyc-india.buzz/login,1
http://irctc-update-now.update-india.tk/login,1
http://icici-reward-now.update-india.fun/login,1
http://pnb-kyc-now.block-india.xyz/login,1
http://uidai-block-now.block-india.click/login,1
http://axis-reward-now.claim-india.buzz/login,1
http://amazon-win-now.verify-india.cf/login,1
http://kotak-claim-now.update-india.pw/login,1
http://trai-login-now.kyc-india.buzz/login,1
http://irctc-login-now.update-india.click/login,1
http://aadhaar-claim-now.update-india.cf/login,1
http://uidai-login-now.reward-india.loan/login,1
http://aadhaar-verify-now.suspend-india.buzz/login,1
http://airtel-verify-now.kyc-india.cf/login,1
http://kotak-claim-now.claim-india.xyz/login,1
http://phonepe-kyc-now.suspend-india.buzz/login,1
http://bob-update-now.kyc-india.fun/login,1
http://sbi-update-now.win-india.loan/login,1
http://gpay-reward-now.reward-india.work/login,1
http://yesbank-kyc-now.claim-india.cf/login,1
http://yesbank-suspend-now.suspend-india.tk/login,1
http://hdfc-kyc-now.kyc-india.pw/login,1
http://hdfc-free-now.update-india.cf/login,1
http://flipkart-free-now.reward-india.work/login,1
http://flipkart-reward-now.secure-india.ga/login,1
http://trai-update-now.claim-india.top/login,1
http://axis-secure-now.free-india.buzz/login,1
http://uidai-alert-now.block-india.buzz/login,1
http://kotak-verify-now.login-india.top/login,1
http://hdfc-verify-now.login-india.cf/login,1
http://gpay-kyc-now.secure-india.cf/login,1
http://yesbank-update-now.verify-india.work/login,1
http://amazon-kyc-now.kyc-india.top/login,1
http://aadhaar-win-now.login-india.loan/login,1
http://aadhaar-free-now.claim-india.tk/login,1
http://bob-win-now.verify-india.top/login,1
http://sbi-alert-now.update-india.click/login,1
http://uidai-reward-now.suspend-india.top/login,1
http://amazon-secure-now.update-india.top/login,1
http://sbi-claim-now.kyc-india.pw/login,1
http://flipkart-win-now.claim-india.tk/login,1
http://amazon-update-now.login-india.top/login,1
http://uidai-reward-now.block-india.tk/login,1
http://bob-secure-now.win-india.click/login,1
http://jio-claim-now.kyc-india.tk/login,1
http://trai-free-now.update-india.loan/login,1
http://trai-login-now.claim-india.click/login,1
http://paytm-login-now.update-india.ml/login,1
http://airtel-login-now.kyc-india.pw/login,1
http://paytm-free-now.update-india.ml/login,1
http://irctc-alert-now.suspend-india.pw/login,1
http://flipkart-free-now.suspend-india.buzz/login,1
http://yesbank-free-now.claim-india.ml/login,1
http://flipkart-update-now.alert-india.work/login,1
http://kotak-secure-now.suspend-india.xyz/login,1
http://pnb-block-now.update-india.cf/login,1
http://flipkart-alert-now.verify-india.xyz/login,1
http://pnb-secure-now.update-india.buzz/login,1
http://icici-suspend-now.suspend-india.loan/login,1
http://bob-alert-now.suspend-india.loan/login,1
http://hdfc-alert-now.suspend-india.buzz/login,1
http://gpay-claim-now.suspend-india.work/login,1
http://trai-kyc-now.verify-india.work/login,1
http://axis-claim-now.win-india.tk/login,1
http://trai-free-now.kyc-india.xyz/login,1
http://jio-win-now.alert-india.work/login,1
http://trai-block-now.suspend-india.ml/login,1
http://pnb-claim-now.secure-india.top/login,1
http://amazon-claim-now.free-india.pw/login,1
http://hdfc-free-now.free-india.click/login,1
http://icici-claim-now.update-india.loan/login,1
http://bob-secure-now.secure-india.fun/login,1
http://paytm-claim-now.update-india.pw/login,1
http://paytm-claim-now.secure-india.buzz/login,1
http://bob-kyc-now.suspend-india.fun/login,1
http://icici-secure-now.block-india.top/login,1
http://yesbank-kyc-now.free-india.fun/login,1
http://trai-update-now.free-india.buzz/login,1
http://amazon-block-now.claim-india.xyz/login,1
http://pnb-secure-now.kyc-india.ga/login,1
http://yesbank-alert-now.login-india.ga/login,1
http://paytm-kyc-now.update-india.cf/login,1
http://axis-block-now.block-india.fun/login,1
http://trai-verify-now.free-india.click/login,1
http://paytm-suspend-now.reward-india.ml/login,1
http://phonepe-kyc-now.win-india.pw/login,1
http://phonepe-win-now.alert-india.xyz/login,1
http://amazon-claim-now.free-india.fun/login,1
http://jio-alert-now.suspend-india.cf/login,1
http://flipkart-login-now.block-india.ga/login,1
http://kotak-alert-now.login-india.click/login,1
http://uidai-alert-now.alert-india.cf/login,1
http://bob-block-now.block-india.top/login,1
http://phonepe-login-now.suspend-india.ml/login,1
http://airtel-verify-now.free-india.work/login,1
http://pnb-block-now.update-india.fun/login,1
http://trai-update-now.secure-india.tk/login,1
http://phonepe-secure-now.alert-india.loan/login,1
http://paytm-reward-now.update-india.ga/login,1
http://flipkart-claim-now.verify-india.top/login,1
http://hdfc-reward-now.block-india.click/login,1
http://jio-reward-now.update-india.click/login,1
http://jio-verify-now.claim-india.tk/login,1
http://yesbank-kyc-now.kyc-india.xyz/login,1
http://kotak-alert-now.win-india.ml/login,1
http://irctc-alert-now.suspend-india.xyz/login,1
http://icici-verify-now.secure-india.ga/login,1
http://paytm-block-now.win-india.pw/login,1
http://trai-reward-now.update-india.cf/login,1
http://jio-secure-now.update-india.xyz/login,1
http://jio-reward-now.free-india.pw/login,1
http://flipkart-update-now.update-india.work/login,1
http://aadhaar-verify-now.free-india.loan/login,1
http://uidai-login-now.win-india.ml/login,1
http://kotak-reward-now.verify-india.pw/login,1
http://pnb-login-now.suspend-india.top/login,1
http://phonepe-free-now.free-india.tk/login,1
http://trai-claim-now.update-india.loan/login,1
http://aadhaar-block-now.block-india.loan/login,1
http://sbi-reward-now.alert-india.xyz/login,1
http://bob-claim-now.secure-india.fun/login,1
http://sbi-claim-now.update-india.click/login,1
http://jio-win-now.free-india.buzz/login,1
http://axis-suspend-now.win-india.click/login,1
http://paytm-verify-now.claim-india.loan/login,1
http://yesbank-free-now.kyc-india.buzz/login,1
http://flipkart-win-now.alert-india.buzz/login,1
http://phonepe-kyc-now.update-india.fun/login,1
http://flipkart-verify-now.secure-india.ga/login,1
http://hdfc-login-now.verify-india.click/login,1
http://kotak-block-now.reward-india.loan/login,1
http://irctc-secure-now.verify-india.buzz/login,1
http://gpay-secure-now.claim-india.xyz/login,1
http://yesbank-secure-now.update-india.click/login,1
http://amazon-reward-now.win-india.work/login,1
http://bob-claim-now.kyc-india.work/login,1
http://irctc-claim-now.block-india.cf/login,1
http://icici-win-now.reward-india.tk/login,1
http://amazon-suspend-now.kyc-india.loan/login,1
http://kotak-claim-now.update-india.tk/login,1
http://yesbank-free-now.secure-india.cf/login,1
http://flipkart-suspend-now.win-india.top/login,1
http://phonepe-win-now.alert-india.click/login,1
http://flipkart-verify-now.win-india.click/login,1
http://amazon-secure-now.free-india.xyz/login,1
http://icici-free-now.free-india.top/login,1
http://pnb-block-now.win-india.buzz/login,1
http://phonepe-verify-now.kyc-india.pw/login,1
http://flipkart-verify-now.kyc-india.tk/login,1
http://jio-free-now.claim-india.click/login,1
http://bob-suspend-now.verify-india.pw/login,1
http://paytm-free-now.alert-india.click/login,1
http://pnb-alert-now.update-india.pw/login,1
http://paytm-block-now.claim-india.top/login,1
http://yesbank-free-now.secure-india.ga/login,1
http://axis-verify-now.win-india.ml/login,1
http://irctc-block-now.reward-india.loan/login,1
http://axis-secure-now.secure-india.fun/login,1
http://flipkart-login-now.suspend-india.cf/login,1
http://irctc-login-now.update-india.ml/login,1
http://icici-alert-now.kyc-india.fun/login,1
http://flipkart-update-now.free-india.click/login,1
http://pnb-win-now.update-india.loan/login,1
http://aadhaar-secure-now.secure-india.ml/login,1
http://phonepe-claim-now.block-india.ga/login,1
http://axis-login-now.kyc-india.ga/login,1
http://irctc-verify-now.claim-india.loan/login,1
http://uidai-claim-now.alert-india.loan/login,1
http://paytm-suspend-now.update-india.tk/login,1
http://kotak-reward-now.win-india.fun/login,1
http://irctc-block-now.reward-india.top/login,1
http://uidai-update-now.kyc-india.click/login,1
http://icici-alert-now.alert-india.buzz/login,1
http://trai-claim-now.kyc-india.loan/login,1
http://uidai-kyc-now.kyc-india.top/login,1
http://trai-verify-now.update-india.loan/login,1
http://paytm-secure-now.kyc-india.ml/login,1
http://yesbank-win-now.login-india.click/login,1
http://trai-secure-now.update-india.cf/login,1
http://gpay-free-now.block-india.cf/login,1
http://paytm-free-now.secure-india.pw/login,1
http://aadhaar-update-now.block-india.buzz/login,1
http://phonepe-suspend-now.suspend-india.ml/login,1
http://phonepe-free-now.suspend-india.fun/login,1
http://yesbank-suspend-now.verify-india.xyz/login,1
http://icici-verify-now.free-india.pw/login,1
http://airtel-free-now.login-india.pw/login,1
http://amazon-suspend-now.free-india.xyz/login,1
http://irctc-free-now.block-india.cf/login,1
http://kotak-alert-now.login-india.buzz/login,1
http://bob-secure-now.alert-india.tk/login,1
http://hdfc-kyc-now.alert-india.top/login,1
http://irctc-alert-now.login-india.click/login,1
http://paytm-claim-now.win-india.click/login,1
http://pnb-reward-now.kyc-india.click/login,1
http://trai-block-now.update-india.click/login,1
http://jio-alert-now.update-india.cf/login,1
http://flipkart-login-now.kyc-india.tk/login,1
http://hdfc-secure-now.reward-india.pw/login,1
http://amazon-login-now.kyc-india.click/login,1
http://uidai-win-now.claim-india.ga/login,1
http://phonepe-alert-now.block-india.work/login,1
http://irctc-secure-now.alert-india.xyz/login,1
http://icici-reward-now.block-india.work/login,1
http://jio-login-now.suspend-india.click/login,1
http://hdfc-verify-now.secure-india.work/login,1
http://irctc-secure-now.block-india.xyz/login,1
http://axis-reward-now.kyc-india.cf/login,1
http://pnb-reward-now.claim-india.xyz/login,1
http://bob-verify-now.suspend-india.loan/login,1
http://gpay-claim-now.block-india.cf/login,1
http://icici-reward-now.block-india.work/login,1
http://aadhaar-secure-now.suspend-india.buzz/login,1
http://axis-kyc-now.update-india.top/login,1
http://pnb-claim-now.block-india.click/login,1
http://paytm-login-now.suspend-india.loan/login,1
http://bob-block-now.verify-india.xyz/login,1
http://hdfc-kyc-now.win-india.click/login,1
http://irctc-block-now.alert-india.ml/login,1
http://trai-kyc-now.claim-india.pw/login,1
http://yesbank-kyc-now.reward-india.pw/login,1
http://kotak-suspend-now.claim-india.loan/login,1
http://trai-block-now.alert-india.fun/login,1
http://uidai-secure-now.alert-india.xyz/login,1
http://pnb-claim-now.free-india.tk/login,1
http://amazon-suspend-now.secure-india.fun/login,1
http://sbi-suspend-now.alert-india.cf/login,1
http://uidai-suspend-now.login-india.fun/login,1
http://hdfc-suspend-now.alert-india.ml/login,1
http://trai-free-now.win-india.pw/login,1
http://bob-kyc-now.free-india.ga/login,1
http://hdfc-suspend-now.win-india.tk/login,1
http://gpay-verify-now.alert-india.click/login,1
http://amazon-kyc-now.reward-india.fun/login,1
http://gpay-reward-now.block-india.pw/login,1
http://irctc-win-now.win-india.xyz/login,1
http://paytm-block-now.login-india.loan/login,1
http://yesbank-free-now.alert-india.loan/login,1
http://bob-claim-now.kyc-india.work/login,1
http://aadhaar-claim-now.block-india.click/login,1
http://airtel-suspend-now.alert-india.ga/login,1
http://jio-secure-now.block-india.cf/login,1
http://jio-secure-now.secure-india.fun/login,1
http://gpay-win-now.win-india.work/login,1
http://yesbank-alert-now.claim-india.loan/login,1
http://airtel-secure-now.update-india.pw/login,1
http://aadhaar-reward-now.reward-india.click/login,1
http://paytm-secure-now.verify-india.cf/login,1
http://icici-claim-now.alert-india.buzz/login,1
http://airtel-win-now.alert-india.ga/login,1
http://gpay-block-now.secure-india.loan/login,1
http://airtel-kyc-now.update-india.pw/login,1
http://uidai-login-now.login-india.xyz/login,1
http://trai-login-now.free-india.ga/login,1
http://hdfc-update-now.reward-india.click/login,1
http://irctc-update-now.free-india.ml/login,1
http://sbi-block-now.kyc-india.top/login,1
http://irctc-alert-now.free-india.ga/login,1
http://kotak-claim-now.secure-india.buzz/login,1
http://hdfc-update-now.free-india.pw/login,1
http://jio-block-now.win-india.fun/login,1
http://hdfc-kyc-now.reward-india.ml/login,1
http://hdfc-reward-now.alert-india.ml/login,1
http://kotak-verify-now.verify-india.cf/login,1
http://uidai-suspend-now.update-india.click/login,1
http://kotak-alert-now.free-india.loan/login,1
http://trai-alert-now.kyc-india.loan/login,1
http://flipkart-secure-now.login-india.tk/login,1
http://yesbank-kyc-now.win-india.work/login,1
http://airtel-win-now.kyc-india.xyz/login,1
http://yesbank-secure-now.suspend-india.buzz/login,1
http://gpay-kyc-now.suspend-india.buzz/login,1
http://bob-reward-now.block-india.click/login,1
http://icici-reward-now.free-india.tk/login,1
http://phonepe-kyc-now.alert-india.click/login,1
http://jio-verify-now.secure-india.top/login,1
http://jio-alert-now.secure-india.click/login,1
http://kotak-suspend-now.win-india.pw/login,1
http://sbi-secure-now.free-india.click/login,1
http://jio-verify-now.free-india.tk/login,1
http://flipkart-secure-now.kyc-india.top/login,1
http://trai-win-now.secure-india.fun/login,1
http://axis-free-now.secure-india.click/login,1
http://jio-login-now.kyc-india.work/login,1
http://paytm-alert-now.win-india.pw/login,1
http://pnb-reward-now.win-india.loan/login,1
http://irctc-block-now.free-india.ga/login,1
http://jio-free-now.suspend-india.tk/login,1
http://trai-alert-now.block-india.fun/login,1
http://pnb-update-now.suspend-india.tk/login,1
http://hdfc-block-now.block-india.ga/login,1
http://uidai-block-now.kyc-india.ml/login,1
http://yesbank-block-now.alert-india.tk/login,1
http://gpay-win-now.suspend-india.work/login,1
http://icici-block-now.alert-india.xyz/login,1
http://flipkart-kyc-now.block-india.top/login,1
http://flipkart-suspend-now.verify-india.loan/login,1
http://flipkart-free-now.secure-india.fun/login,1
http://sbi-reward-now.secure-india.xyz/login,1
http://gpay-suspend-now.update-india.xyz/login,1
http://amazon-claim-now.win-india.tk/login,1
http://aadhaar-verify-now.update-india.work/login,1
http://hdfc-secure-now.reward-india.ml/login,1
http://paytm-free-now.win-india.buzz/login,1
http://amazon-claim-now.reward-india.work/login,1
http://bob-reward-now.update-india.buzz/login,1
http://aadhaar-kyc-now.free-india.click/login,1
http://axis-kyc-now.block-india.top/login,1
http://trai-kyc-now.win-india.ga/login,1
http://sbi-verify-now.secure-india.work/login,1
http://aadhaar-reward-now.block-india.top/login,1
http://jio-login-now.alert-india.click/login,1
http://paytm-secure-now.login-india.fun/login,1
http://axis-verify-now.free-india.top/login,1
http://sbi-login-now.login-india.tk/login,1
http://axis-suspend-now.verify-india.work/login,1
http://hdfc-login-now.win-india.xyz/login,1
http://bob-alert-now.login-india.loan/login,1
http://gpay-verify-now.kyc-india.loan/login,1
http://kotak-login-now.win-india.pw/login,1
http://yesbank-suspend-now.suspend-india.buzz/login,1
http://yesbank-login-now.secure-india.ml/login,1
http://trai-login-now.reward-india.cf/login,1
http://airtel-verify-now.block-india.pw/login,1
http://phonepe-free-now.free-india.top/login,1
http://aadhaar-alert-now.verify-india.click/login,1
http://bob-block-now.claim-india.fun/login,1
http://amazon-reward-now.kyc-india.cf/login,1
http://bob-kyc-now.block-india.work/login,1
http://jio-login-now.secure-india.fun/login,1
http://paytm-alert-now.verify-india.loan/login,1
http://amazon-reward-now.block-india.loan/login,1
http://paytm-reward-now.login-india.cf/login,1
http://gpay-claim-now.free-india.tk/login,1
http://flipkart-claim-now.update-india.loan/login,1
http://gpay-verify-now.secure-india.top/login,1
http://hdfc-update-now.login-india.pw/login,1
http://aadhaar-login-now.alert-india.ga/login,1
http://yesbank-secure-now.verify-india.ga/login,1
http://gpay-win-now.update-india.fun/login,1
http://irctc-login-now.win-india.pw/login,1
http://gpay-reward-now.login-india.loan/login,1
http://yesbank-secure-now.reward-india.work/login,1
http://aadhaar-free-now.claim-india.cf/login,1
http://airtel-claim-now.block-india.work/login,1
http://flipkart-update-now.win-india.work/login,1
http://yesbank-login-now.claim-india.click/login,1
http://amazon-verify-now.suspend-india.ga/login,1
http://paytm-verify-now.secure-india.loan/login,1
http://uidai-suspend-now.win-india.top/login,1
http://kotak-kyc-now.login-india.click/login,1
http://jio-reward-now.suspend-india.ga/login,1
http://irctc-block-now.free-india.buzz/login,1
http://yesbank-secure-now.alert-india.fun/login,1
http://irctc-alert-now.kyc-india.fun/login,1
http://pnb-kyc-now.kyc-india.fun/login,1
http://aadhaar-alert-now.kyc-india.loan/login,1
http://hdfc-block-now.verify-india.tk/login,1
http://hdfc-verify-now.reward-india.ml/login,1
http://jio-update-now.win-india.ml/login,1
http://sbi-login-now.block-india.work/login,1
http://pnb-verify-now.suspend-india.buzz/login,1
http://irctc-free-now.alert-india.xyz/login,1
http://sbi-block-now.block-india.top/login,1
http://sbi-verify-now.block-india.fun/login,1
http://airtel-block-now.secure-india.xyz/login,1
http://trai-win-now.free-india.top/login,1
http://phonepe-update-now.update-india.loan/login,1
http://paytm-login-now.login-india.pw/login,1
http://trai-secure-now.claim-india.cf/login,1
http://bob-update-now.claim-india.top/login,1
http://flipkart-suspend-now.login-india.fun/login,1
http://jio-secure-now.free-india.tk/login,1
http://hdfc-update-now.reward-india.top/login,1
http://bob-block-now.alert-india.xyz/login,1
http://sbi-win-now.kyc-india.tk/login,1
http://irctc-reward-now.free-india.click/login,1
http://uidai-update-now.block-india.xyz/login,1
http://jio-login-now.win-india.pw/login,1
http://irctc-secure-now.verify-india.tk/login,1
http://airtel-block-now.suspend-india.buzz/login,1
http://hdfc-kyc-now.claim-india.xyz/login,1
http://gpay-suspend-now.kyc-india.fun/login,1
http://bob-update-now.secure-india.ml/login,1
http://uidai-login-now.suspend-india.top/login,1
http://aadhaar-claim-now.reward-india.fun/login,1
http://paytm-win-now.win-india.tk/login,1
http://trai-win-now.claim-india.xyz/login,1
http://axis-reward-now.login-india.tk/login,1
http://yesbank-suspend-now.suspend-india.pw/login,1
http://bob-claim-now.verify-india.buzz/login,1
http://airtel-alert-now.alert-india.ga/login,1
http://pnb-block-now.reward-india.top/login,1
http://phonepe-free-now.suspend-india.buzz/login,1
http://bob-update-now.suspend-india.cf/login,1
http://jio-win-now.update-india.tk/login,1
http://airtel-kyc-now.reward-india.fun/login,1
http://paytm-win-now.reward-india.click/login,1
http://pnb-update-now.update-india.xyz/login,1
http://kotak-alert-now.claim-india.cf/login,1
http://axis-kyc-now.update-india.ml/login,1
http://amazon-alert-now.block-india.loan/login,1
http://trai-reward-now.update-india.xyz/login,1
http://icici-claim-now.block-india.tk/login,1
http://yesbank-reward-now.verify-india.cf/login,1
http://amazon-reward-now.update-india.fun/login,1
http://aadhaar-login-now.suspend-india.loan/login,1
http://phonepe-free-now.reward-india.ml/login,1
http://paytm-secure-now.secure-india.cf/login,1
http://irctc-kyc-now.update-india.ml/login,1
http://amazon-secure-now.reward-india.cf/login,1
http://irctc-update-now.claim-india.cf/login,1
http://jio-win-now.free-india.work/login,1
http://gpay-alert-now.update-india.ml/login,1
http://kotak-verify-now.reward-india.click/login,1
http://bob-claim-now.alert-india.click/login,1
http://amazon-free-now.suspend-india.ml/login,1
http://kotak-claim-now.suspend-india.fun/login,1
http://gpay-alert-now.claim-india.ml/login,1
http://bob-claim-now.secure-india.fun/login,1
http://irctc-suspend-now.login-india.click/login,1
http://bob-secure-now.reward-india.click/login,1
http://axis-suspend-now.login-india.pw/login,1
http://aadhaar-kyc-now.free-india.loan/login,1
http://sbi-win-now.alert-india.fun/login,1
http://gpay-alert-now.secure-india.fun/login,1
http://icici-reward-now.free-india.work/login,1
http://paytm-free-now.secure-india.ga/login,1
http://airtel-free-now.kyc-india.fun/login,1
http://amazon-reward-now.update-india.work/login,1
http://irctc-suspend-now.reward-india.loan/login,1
http://trai-win-now.reward-india.loan/login,1
http://hdfc-claim-now.win-india.loan/login,1
http://icici-update-now.login-india.buzz/login,1
http://pnb-kyc-now.free-india.pw/login,1
http://hdfc-suspend-now.free-india.buzz/login,1
http://bob-claim-now.reward-india.tk/login,1
http://sbi-update-now.secure-india.ga/login,1
http://trai-win-now.block-india.loan/login,1
http://uidai-win-now.suspend-india.ga/login,1
http://flipkart-claim-now.reward-india.work/login,1
http://uidai-win-now.block-india.ml/login,1
http://pnb-verify-now.alert-india.tk/login,1
http://kotak-reward-now.update-india.tk/login,1
http://paytm-claim-now.secure-india.click/login,1
http://flipkart-login-now.block-india.work/login,1
http://pnb-alert-now.update-india.work/login,1
http://flipkart-claim-now.update-india.cf/login,1
http://hdfc-win-now.update-india.xyz/login,1
http://yesbank-free-now.update-india.buzz/login,1
http://phonepe-win-now.login-india.loan/login,1
http://phonepe-block-now.kyc-india.click/login,1
http://aadhaar-reward-now.alert-india.ga/login,1
http://bob-free-now.kyc-india.ml/login,1
http://amazon-reward-now.verify-india.fun/login,1
http://gpay-alert-now.suspend-india.top/login,1
http://bob-verify-now.win-india.ga/login,1
http://gpay-secure-now.win-india.tk/login,1
http://uidai-update-now.block-india.ml/login,1
http://pnb-claim-now.login-india.work/login,1
http://axis-secure-now.free-india.work/login,1
http://trai-free-now.claim-india.pw/login,1
http://bob-suspend-now.reward-india.pw/login,1
http://axis-claim-now.claim-india.work/login,1
http://phonepe-free-now.win-india.cf/login,1
http://uidai-update-now.free-india.ml/login,1
http://yesbank-update-now.login-india.cf/login,1
http://axis-kyc-now.claim-india.fun/login,1
http://paytm-block-now.reward-india.top/login,1
http://paytm-suspend-now.reward-india.top/login,1
http://phonepe-alert-now.free-india.loan/login,1
http://phonepe-block-now.kyc-india.work/login,1
http://kotak-kyc-now.kyc-india.click/login,1
http://flipkart-suspend-now.verify-india.click/login,1
http://sbi-alert-now.kyc-india.ga/login,1
http://bob-block-now.block-india.buzz/login,1
http://irctc-reward-now.free-india.work/login,1
http://amazon-win-now.alert-india.work/login,1
http://phonepe-update-now.suspend-india.xyz/login,1
http://jio-secure-now.verify-india.cf/login,1
http://jio-block-now.secure-india.ml/login,1
http://flipkart-suspend-now.win-india.work/login,1
http://aadhaar-block-now.update-india.pw/login,1
http://axis-secure-now.block-india.click/login,1
http://aadhaar-verify-now.win-india.work/login,1
http://aadhaar-login-now.reward-india.tk/login,1
http://jio-secure-now.verify-india.work/login,1
http://airtel-claim-now.update-india.work/login,1
http://axis-login-now.login-india.fun/login,1
http://uidai-win-now.claim-india.fun/login,1
http://amazon-kyc-now.suspend-india.ml/login,1
http://gpay-login-now.verify-india.pw/login,1
http://pnb-block-now.secure-india.pw/login,1
http://aadhaar-kyc-now.claim-india.fun/login,1
http://kotak-secure-now.suspend-india.cf/login,1
http://trai-free-now.update-india.ml/login,1
http://amazon-verify-now.secure-india.buzz/login,1
http://paytm-win-now.kyc-india.ga/login,1
http://paytm-win-now.claim-india.ga/login,1
http://bob-alert-now.kyc-india.pw/login,1
http://airtel-free-now.reward-india.top/login,1
http://flipkart-update-now.free-india.tk/login,1
http://bob-block-now.win-india.cf/login,1
http://pnb-alert-now.alert-india.click/login,1
http://uidai-verify-now.win-india.tk/login,1
http://flipkart-free-now.free-india.fun/login,1
http://pnb-update-now.block-india.top/login,1
http://gpay-reward-now.login-india.work/login,1
http://airtel-claim-now.secure-india.click/login,1
http://aadhaar-suspend-now.kyc-india.pw/login,1
http://irctc-claim-now.free-india.xyz/login,1
http://hdfc-update-now.free-india.work/login,1
http://sbi-update-now.kyc-india.work/login,1
http://flipkart-verify-now.reward-india.ga/login,1
http://paytm-free-now.secure-india.ml/login,1
http://airtel-update-now.free-india.click/login,1
http://airtel-update-now.claim-india.buzz/login,1
http://phonepe-verify-now.reward-india.buzz/login,1
http://kotak-win-now.win-india.ga/login,1
http://amazon-free-now.update-india.fun/login,1
http://axis-verify-now.login-india.work/login,1
http://icici-kyc-now.suspend-india.ga/login,1
http://trai-free-now.alert-india.xyz/login,1
http://sbi-win-now.claim-india.tk/login,1
http://amazon-win-now.kyc-india.work/login,1
http://icici-login-now.reward-india.tk/login,1
http://axis-update-now.claim-india.click/login,1
http://kotak-kyc-now.reward-india.ml/login,1
http://paytm-update-now.block-india.pw/login,1
http://sbi-suspend-now.free-india.ml/login,1
http://flipkart-claim-now.win-india.ga/login,1
http://paytm-reward-now.suspend-india.buzz/login,1
http://flipkart-login-now.update-india.tk/login,1
http://paytm-update-now.suspend-india.fun/login,1
http://bob-claim-now.reward-india.click/login,1
http://paytm-login-now.secure-india.buzz/login,1
http://icici-login-now.block-india.pw/login,1
http://kotak-win-now.verify-india.buzz/login,1
http://kotak-login-now.block-india.pw/login,1
http://trai-login-now.win-india.top/login,1
http://kotak-free-now.verify-india.ga/login,1
http://irctc-reward-now.update-india.ga/login,1
http://irctc-free-now.suspend-india.tk/login,1
http://trai-verify-now.claim-india.click/login,1
http://paytm-reward-now.suspend-india.top/login,1
http://pnb-block-now.free-india.ml/login,1
http://irctc-update-now.verify-india.pw/login,1
http://icici-verify-now.secure-india.ga/login,1
http://hdfc-verify-now.reward-india.loan/login,1
http://kotak-free-now.win-india.loan/login,1
http://amazon-reward-now.win-india.top/login,1
http://icici-free-now.block-india.loan/login,1
http://paytm-secure-now.update-india.cf/login,1
http://icici-block-now.login-india.ml/login,1
http://aadhaar-claim-now.reward-india.pw/login,1
http://icici-secure-now.win-india.top/login,1
http://jio-verify-now.login-india.tk/login,1
http://amazon-update-now.alert-india.pw/login,1
http://hdfc-secure-now.free-india.fun/login,1
http://phonepe-update-now.verify-india.fun/login,1
http://paytm-win-now.verify-india.ml/login,1
http://irctc-claim-now.block-india.loan/login,1
http://airtel-kyc-now.claim-india.ml/login,1
http://airtel-win-now.update-india.xyz/login,1
http://yesbank-reward-now.secure-india.loan/login,1
http://icici-secure-now.win-india.pw/login,1
http://icici-alert-now.alert-india.loan/login,1
http://pnb-verify-now.alert-india.pw/login,1
http://phonepe-claim-now.kyc-india.cf/login,1
http://axis-suspend-now.free-india.fun/login,1
http://axis-login-now.win-india.loan/login,1
http://sbi-verify-now.verify-india.ga/login,1
http://hdfc-alert-now.claim-india.top/login,1
http://paytm-kyc-now.verify-india.loan/login,1
http://amazon-login-now.claim-india.ga/login,1
http://amazon-win-now.claim-india.cf/login,1
http://icici-suspend-now.claim-india.tk/login,1
http://trai-free-now.verify-india.ml/login,1
http://jio-block-now.verify-india.top/login,1
http://icici-alert-now.secure-india.cf/login,1
http://yesbank-update-now.block-india.work/login,1
http://sbi-claim-now.login-india.cf/login,1
http://uidai-secure-now.win-india.pw/login,1
http://jio-alert-now.claim-india.pw/login,1
http://irctc-login-now.win-india.loan/login,1
http://jio-kyc-now.verify-india.top/login,1
http://sbi-login-now.block-india.click/login,1
http://sbi-claim-now.verify-india.buzz/login,1
http://bob-win-now.win-india.cf/login,1
http://axis-login-now.block-india.ga/login,1
http://amazon-alert-now.verify-india.ml/login,1
http://airtel-update-now.verify-india.ga/login,1
http://trai-reward-now.win-india.click/login,1
http://flipkart-win-now.update-india.pw/login,1
http://axis-block-now.kyc-india.buzz/login,1
http://bob-update-now.suspend-india.pw/login,1
http://hdfc-reward-now.free-india.ml/login,1
http://jio-secure-now.secure-india.click/login,1
http://bob-win-now.win-india.click/login,1
http://yesbank-alert-now.secure-india.ga/login,1
http://icici-login-now.kyc-india.pw/login,1
http://axis-kyc-now.update-india.ml/login,1
http://flipkart-alert-now.claim-india.top/login,1
http://axis-block-now.claim-india.ga/login,1
http://flipkart-secure-now.alert-india.cf/login,1
http://axis-update-now.kyc-india.buzz/login,1
http://kotak-win-now.win-india.pw/login,1
http://hdfc-login-now.claim-india.ml/login,1
http://icici-win-now.login-india.click/login,1
http://bob-block-now.verify-india.buzz/login,1
http://kotak-secure-now.kyc-india.xyz/login,1
http://bob-alert-now.block-india.fun/login,1
http://aadhaar-login-now.update-india.work/login,1
http://axis-kyc-now.update-india.xyz/login,1
http://hdfc-login-now.kyc-india.ga/login,1
http://bob-claim-now.free-india.buzz/login,1
http://icici-suspend-now.suspend-india.cf/login,1
http://icici-verify-now.update-india.ga/login,1
http://flipkart-kyc-now.update-india.click/login,1
http://axis-verify-now.alert-india.xyz/login,1
http://phonepe-suspend-now.reward-india.fun/login,1
http://bob-alert-now.verify-india.top/login,1
http://amazon-kyc-now.claim-india.ga/login,1
http://phonepe-secure-now.secure-india.work/login,1
http://paytm-verify-now.suspend-india.pw/login,1
http://jio-free-now.secure-india.work/login,1
http://amazon-block-now.alert-india.xyz/login,1
http://icici-secure-now.reward-india.ml/login,1
http://amazon-login-now.free-india.loan/login,1
http://jio-free-now.block-india.xyz/login,1
http://bob-win-now.claim-india.work/login,1
http://aadhaar-alert-now.claim-india.pw/login,1
http://trai-claim-now.reward-india.cf/login,1
http://phonepe-verify-now.claim-india.pw/login,1
http://jio-verify-now.secure-india.xyz/login,1
http://irctc-block-now.claim-india.pw/login,1
http://jio-kyc-now.update-india.ga/login,1
http://jio-secure-now.block-india.fun/login,1
http://hdfc-login-now.suspend-india.top/login,1
http://pnb-kyc-now.kyc-india.ga/login,1
http://uidai-claim-now.win-india.fun/login,1
http://pnb-suspend-now.verify-india.fun/login,1
http://pnb-suspend-now.suspend-india.ml/login,1
http://uidai-login-now.alert-india.loan/login,1
http://kotak-kyc-now.alert-india.xyz/login,1
http://icici-verify-now.login-india.pw/login,1
http://jio-verify-now.block-india.work/login,1
http://sbi-claim-now.suspend-india.ga/login,1
http://paytm-claim-now.win-india.ml/login,1
http://yesbank-verify-now.verify-india.ml/login,1
http://uidai-win-now.kyc-india.tk/login,1
http://trai-claim-now.update-india.click/login,1
http://bob-suspend-now.update-india.click/login,1
http://kotak-claim-now.kyc-india.ml/login,1
http://amazon-free-now.alert-india.buzz/login,1
http://yesbank-kyc-now.win-india.loan/login,1
http://pnb-login-now.free-india.pw/login,1
http://phonepe-reward-now.secure-india.fun/login,1
http://kotak-kyc-now.kyc-india.fun/login,1
http://sbi-win-now.suspend-india.top/login,1
http://uidai-verify-now.kyc-india.pw/login,1
http://yesbank-suspend-now.login-india.buzz/login,1
http://uidai-update-now.alert-india.ml/login,1
http://yesbank-win-now.update-india.ga/login,1
http://pnb-claim-now.kyc-india.buzz/login,1
http://icici-win-now.free-india.buzz/login,1
http://yesbank-alert-now.verify-india.cf/login,1
http://gpay-login-now.win-india.tk/login,1
http://pnb-secure-now.update-india.fun/login,1
http://sbi-verify-now.reward-india.work/login,1
http://amazon-kyc-now.reward-india.work/login,1
http://bob-claim-now.block-india.top/login,1
http://axis-alert-now.suspend-india.buzz/login,1
http://jio-kyc-now.alert-india.tk/login,1
http://hdfc-secure-now.verify-india.click/login,1
http://airtel-update-now.update-india.click/login,1
http://phonepe-reward-now.kyc-india.fun/login,1
http://icici-block-now.update-india.click/login,1
http://irctc-win-now.verify-india.top/login,1
http://phonepe-suspend-now.reward-india.ml/login,1
http://hdfc-update-now.claim-india.ga/login,1
http://gpay-reward-now.win-india.loan/login,1
http://aadhaar-secure-now.free-india.cf/login,1
http://kotak-login-now.update-india.xyz/login,1
http://bob-suspend-now.block-india.work/login,1
http://paytm-verify-now.claim-india.xyz/login,1
http://amazon-update-now.secure-india.buzz/login,1
http://irctc-login-now.update-india.xyz/login,1
http://gpay-kyc-now.free-india.cf/login,1
http://icici-alert-now.update-india.cf/login,1
http://bob-alert-now.alert-india.buzz/login,1
http://airtel-update-now.free-india.loan/login,1
http://bob-kyc-now.claim-india.top/login,1
http://pnb-kyc-now.alert-india.xyz/login,1
http://airtel-alert-now.alert-india.cf/login,1
http://jio-secure-now.suspend-india.xyz/login,1
http://paytm-win-now.free-india.tk/login,1
http://icici-free-now.claim-india.loan/login,1
http://amazon-suspend-now.login-india.loan/login,1
http://hdfc-reward-now.block-india.top/login,1
http://aadhaar-free-now.alert-india.pw/login,1
http://jio-alert-now.secure-india.tk/login,1
http://bob-win-now.verify-india.loan/login,1
http://uidai-block-now.suspend-india.buzz/login,1
http://paytm-update-now.alert-india.ml/login,1
http://phonepe-login-now.login-india.ml/login,1
http://hdfc-reward-now.update-india.buzz/login,1
http://amazon-login-now.free-india.ml/login,1
http://airtel-claim-now.win-india.tk/login,1
http://icici-reward-now.block-india.top/login,1
http://aadhaar-claim-now.secure-india.loan/login,1
http://flipkart-verify-now.win-india.pw/login,1
http://uidai-block-now.reward-india.tk/login,1
http://amazon-kyc-now.kyc-india.pw/login,1
http://uidai-suspend-now.update-india.tk/login,1
http://uidai-update-now.secure-india.loan/login,1
http://pnb-reward-now.secure-india.top/login,1
http://irctc-suspend-now.suspend-india.work/login,1
http://hdfc-kyc-now.secure-india.top/login,1
http://paytm-suspend-now.suspend-india.buzz/login,1
http://bob-verify-now.reward-india.click/login,1
http://jio-verify-now.win-india.work/login,1
http://airtel-claim-now.verify-india.click/login,1
http://kotak-secure-now.secure-india.work/login,1
http://axis-login-now.kyc-india.cf/login,1
http://flipkart-claim-now.secure-india.fun/login,1
http://amazon-suspend-now.free-india.tk/login,1
http://gpay-alert-now.login-india.top/login,1
http://irctc-block-now.claim-india.xyz/login,1
http://trai-kyc-now.update-india.cf/login,1
http://trai-reward-now.kyc-india.loan/login,1
http://uidai-verify-now.kyc-india.ga/login,1
http://gpay-verify-now.login-india.xyz/login,1
http://flipkart-verify-now.claim-india.fun/login,1
http://gpay-secure-now.claim-india.work/login,1
http://trai-reward-now.free-india.tk/login,1
http://sbi-login-now.claim-india.work/login,1
http://flipkart-kyc-now.alert-india.pw/login,1
http://aadhaar-claim-now.claim-india.ml/login,1
http://airtel-win-now.win-india.tk/login,1
http://kotak-verify-now.reward-india.xyz/login,1
http://phonepe-suspend-now.login-india.ga/login,1
http://jio-free-now.login-india.cf/login,1
http://amazon-block-now.verify-india.buzz/login,1
http://sbi-alert-now.kyc-india.buzz/login,1
http://phonepe-suspend-now.verify-india.ga/login,1
http://airtel-suspend-now.secure-india.fun/login,1
http://airtel-reward-now.reward-india.click/login,1
http://flipkart-secure-now.login-india.work/login,1
http://kotak-free-now.block-india.pw/login,1
http://bob-suspend-now.update-india.xyz/login,1
http://trai-free-now.claim-india.loan/login,1
http://kotak-secure-now.free-india.tk/login,1
http://irctc-update-now.claim-india.cf/login,1
http://yesbank-secure-now.secure-india.buzz/login,1
http://kotak-login-now.kyc-india.loan/login,1
http://jio-verify-now.suspend-india.top/login,1
http://yesbank-free-now.kyc-india.fun/login,1
http://sbi-free-now.alert-india.cf/login,1
http://airtel-reward-now.reward-india.top/login,1
http://hdfc-suspend-now.win-india.pw/login,1
http://gpay-claim-now.win-india.fun/login,1
http://jio-free-now.block-india.buzz/login,1
http://irctc-free-now.claim-india.loan/login,1
http://kotak-kyc-now.free-india.loan/login,1
http://phonepe-secure-now.update-india.work/login,1
http://paytm-win-now.secure-india.fun/login,1
http://aadhaar-kyc-now.free-india.click/login,1
http://icici-login-now.claim-india.ga/login,1
http://kotak-reward-now.claim-india.click/login,1
http://airtel-suspend-now.secure-india.work/login,1
http://axis-alert-now.verify-india.buzz/login,1
http://uidai-suspend-now.suspend-india.tk/login,1
http://irctc-login-now.block-india.tk/login,1
http://bob-block-now.secure-india.top/login,1
http://hdfc-kyc-now.kyc-india.ga/login,1
http://yesbank-reward-now.suspend-india.work/login,1
http://paytm-claim-now.win-india.ml/login,1
http://icici-alert-now.claim-india.buzz/login,1
http://phonepe-claim-now.free-india.xyz/login,1
http://sbi-alert-now.secure-india.ga/login,1
http://phonepe-suspend-now.kyc-india.work/login,1
http://icici-kyc-now.suspend-india.top/login,1
http://amazon-reward-now.reward-india.work/login,1
http://bob-verify-now.verify-india.loan/login,1
http://gpay-win-now.claim-india.xyz/login,1
http://yesbank-block-now.login-india.xyz/login,1
http://sbi-free-now.win-india.ga/login,1
http://jio-win-now.claim-india.cf/login,1
http://paytm-update-now.reward-india.loan/login,1
http://uidai-secure-now.kyc-india.tk/login,1
http://hdfc-secure-now.secure-india.work/login,1
http://trai-suspend-now.block-india.click/login,1
http://amazon-free-now.kyc-india.click/login,1
http://irctc-claim-now.login-india.ml/login,1
http://bob-verify-now.login-india.ga/login,1
http://paytm-login-now.win-india.xyz/login,1
http://uidai-block-now.kyc-india.tk/login,1
http://pnb-win-now.free-india.xyz/login,1
http://bob-free-now.secure-india.loan/login,1
http://hdfc-suspend-now.verify-india.buzz/login,1
http://axis-free-now.verify-india.xyz/login,1
http://axis-reward-now.alert-india.top/login,1
http://axis-block-now.secure-india.work/login,1
http://paytm-login-now.win-india.buzz/login,1
http://sbi-secure-now.reward-india.buzz/login,1
http://axis-free-now.block-india.cf/login,1
http://paytm-reward-now.update-india.loan/login,1
http://axis-secure-now.update-india.tk/login,1
http://irctc-login-now.suspend-india.ga/login,1
http://airtel-block-now.login-india.click/login,1
http://amazon-secure-now.kyc-india.xyz/login,1
http://aadhaar-alert-now.login-india.fun/login,1
http://irctc-claim-now.login-india.xyz/login,1
http://sbi-free-now.update-india.tk/login,1
http://uidai-free-now.alert-india.ml/login,1
http://icici-block-now.update-india.fun/login,1
http://axis-secure-now.free-india.ga/login,1
http://flipkart-secure-now.secure-india.work/login,1
http://hdfc-update-now.kyc-india.xyz/login,1
http://kotak-claim-now.free-india.click/login,1
http://amazon-win-now.update-india.tk/login,1
http://hdfc-verify-now.kyc-india.buzz/login,1
http://phonepe-claim-now.claim-india.work/login,1
http://airtel-win-now.update-india.click/login,1
http://yesbank-kyc-now.update-india.top/login,1
http://bob-alert-now.secure-india.top/login,1
http://irctc-reward-now.free-india.ml/login,1
http://axis-kyc-now.win-india.fun/login,1
http://hdfc-kyc-now.update-india.top/login,1
http://uidai-alert-now.suspend-india.buzz/login,1
http://flipkart-kyc-now.suspend-india.top/login,1
http://pnb-suspend-now.verify-india.buzz/login,1
http://paytm-alert-now.alert-india.tk/login,1
http://amazon-alert-now.verify-india.tk/login,1
http://airtel-free-now.claim-india.xyz/login,1
http://trai-win-now.suspend-india.fun/login,1
http://uidai-login-now.free-india.click/login,1
http://trai-block-now.win-india.fun/login,1
http://axis-reward-now.free-india.fun/login,1
http://jio-alert-now.claim-india.buzz/login,1
http://bob-kyc-now.block-india.pw/login,1
http://hdfc-verify-now.free-india.ml/login,1
http://trai-alert-now.alert-india.ml/login,1
http://icici-alert-now.claim-india.ga/login,1
http://yesbank-secure-now.verify-india.loan/login,1
http://jio-block-now.free-india.top/login,1
http://bob-login-now.update-india.work/login,1
http://flipkart-suspend-now.alert-india.tk/login,1
http://irctc-alert-now.claim-india.tk/login,1
http://irctc-win-now.free-india.xyz/login,1
http://axis-reward-now.reward-india.xyz/login,1
http://aadhaar-block-now.verify-india.tk/login,1
http://kotak-block-now.block-india.ga/login,1
http://flipkart-claim-now.claim-india.xyz/login,1
http://jio-alert-now.claim-india.loan/login,1
http://irctc-win-now.free-india.click/login,1
http://flipkart-update-now.update-india.buzz/login,1
http://jio-verify-now.claim-india.click/login,1
http://kotak-block-now.block-india.click/login,1
http://axis-verify-now.kyc-india.work/login,1
http://paytm-win-now.win-india.fun/login,1
http://amazon-update-now.secure-india.pw/login,1
http://gpay-login-now.update-india.top/login,1
http://gpay-alert-now.login-india.fun/login,1
http://yesbank-update-now.reward-india.xyz/login,1
http://uidai-update-now.alert-india.work/login,1
http://uidai-block-now.kyc-india.work/login,1
http://sbi-block-now.win-india.xyz/login,1
http://aadhaar-reward-now.suspend-india.work/login,1
http://trai-kyc-now.win-india.pw/login,1
http://phonepe-win-now.kyc-india.tk/login,1
http://bob-free-now.suspend-india.pw/login,1
http://yesbank-block-now.reward-india.top/login,1
http://jio-secure-now.reward-india.click/login,1
http://kotak-alert-now.kyc-india.ml/login,1
http://amazon-suspend-now.win-india.fun/login,1
http://trai-secure-now.win-india.loan/login,1
http://yesbank-win-now.win-india.loan/login,1
http://gpay-login-now.login-india.pw/login,1
http://kotak-free-now.claim-india.buzz/login,1
http://paytm-win-now.free-india.ml/login,1
http://trai-block-now.win-india.buzz/login,1
http://yesbank-win-now.update-india.click/login,1
http://aadhaar-alert-now.suspend-india.pw/login,1
http://amazon-free-now.win-india.loan/login,1
http://kotak-reward-now.verify-india.loan/login,1
http://axis-verify-now.reward-india.ml/login,1
http://hdfc-free-now.verify-india.ga/login,1
http://airtel-kyc-now.secure-india.buzz/login,1
http://airtel-kyc-now.verify-india.fun/login,1
http://kotak-login-now.block-india.xyz/login,1
http://pnb-alert-now.update-india.pw/login,1
http://aadhaar-login-now.win-india.buzz/login,1
http://aadhaar-reward-now.login-india.loan/login,1
http://kotak-win-now.free-india.xyz/login,1
http://bob-reward-now.reward-india.buzz/login,1
http://yesbank-block-now.verify-india.xyz/login,1
http://airtel-login-now.suspend-india.work/login,1
http://jio-free-now.win-india.fun/login,1
http://pnb-suspend-now.block-india.fun/login,1
http://gpay-win-now.login-india.cf/login,1
http://flipkart-kyc-now.free-india.tk/login,1
http://phonepe-kyc-now.win-india.loan/login,1
http://axis-reward-now.verify-india.top/login,1
http://airtel-block-now.secure-india.ml/login,1
http://phonepe-suspend-now.secure-india.xyz/login,1
http://yesbank-alert-now.win-india.ml/login,1
http://hdfc-kyc-now.claim-india.pw/login,1
http://hdfc-free-now.suspend-india.buzz/login,1
http://kotak-alert-now.suspend-india.loan/login,1
http://pnb-update-now.win-india.click/login,1
http://trai-login-now.kyc-india.loan/login,1
http://icici-block-now.kyc-india.top/login,1
http://aadhaar-block-now.reward-india.tk/login,1
http://pnb-login-now.login-india.buzz/login,1
http://yesbank-claim-now.claim-india.cf/login,1
http://gpay-suspend-now.block-india.work/login,1
http://aadhaar-free-now.verify-india.tk/login,1
http://pnb-alert-now.login-india.buzz/login,1
http://jio-verify-now.free-india.click/login,1
http://bob-update-now.reward-india.cf/login,1
http://aadhaar-win-now.secure-india.xyz/login,1
http://trai-claim-now.block-india.loan/login,1
http://flipkart-alert-now.verify-india.cf/login,1
http://gpay-claim-now.block-india.tk/login,1
http://axis-kyc-now.block-india.loan/login,1
http://sbi-free-now.update-india.ga/login,1
http://gpay-free-now.reward-india.tk/login,1
http://gpay-block-now.win-india.fun/login,1
http://amazon-free-now.update-india.fun/login,1
http://paytm-verify-now.alert-india.fun/login,1
http://yesbank-verify-now.update-india.tk/login,1
http://hdfc-kyc-now.secure-india.loan/login,1
http://icici-suspend-now.login-india.cf/login,1
http://amazon-reward-now.alert-india.buzz/login,1
http://bob-reward-now.claim-india.xyz/login,1
http://bob-free-now.update-india.loan/login,1
http://sbi-free-now.win-india.pw/login,1
http://icici-win-now.suspend-india.xyz/login,1
http://icici-claim-now.block-india.tk/login,1
http://kotak-free-now.secure-india.pw/login,1
http://icici-secure-now.alert-india.top/login,1
http://bob-free-now.verify-india.work/login,1
http://phonepe-block-now.login-india.ml/login,1
http://bob-block-now.secure-india.buzz/login,1
http://paytm-secure-now.free-india.fun/login,1
http://pnb-verify-now.block-india.loan/login,1
http://paytm-update-now.verify-india.xyz/login,1
http://uidai-suspend-now.reward-india.loan/login,1
http://aadhaar-update-now.secure-india.ga/login,1
http://pnb-login-now.reward-india.buzz/login,1
http://trai-kyc-now.kyc-india.ml/login,1
http://jio-suspend-now.secure-india.ga/login,1
http://axis-kyc-now.free-india.pw/login,1
http://hdfc-block-now.alert-india.buzz/login,1
http://aadhaar-update-now.secure-india.buzz/login,1
http://icici-secure-now.update-india.ga/login,1
http://uidai-alert-now.claim-india.click/login,1
http://paytm-free-now.free-india.ga/login,1
http://axis-secure-now.suspend-india.tk/login,1
http://gpay-claim-now.alert-india.work/login,1
http://yesbank-suspend-now.free-india.cf/login,1
http://uidai-kyc-now.suspend-india.pw/login,1
http://pnb-claim-now.reward-india.ml/login,1
http://sbi-claim-now.login-india.ga/login,1
http://amazon-secure-now.claim-india.ml/login,1
http://yesbank-alert-now.alert-india.work/login,1
http://pnb-secure-now.alert-india.loan/login,1
http://axis-kyc-now.free-india.pw/login,1
http://icici-secure-now.kyc-india.loan/login,1
http://gpay-secure-now.win-india.buzz/login,1
http://icici-win-now.update-india.xyz/login,1
http://trai-free-now.verify-india.pw/login,1
http://uidai-reward-now.suspend-india.ga/login,1
http://hdfc-block-now.secure-india.loan/login,1
http://aadhaar-alert-now.free-india.ml/login,1
http://pnb-reward-now.login-india.pw/login,1
http://kotak-kyc-now.alert-india.loan/login,1
http://trai-update-now.reward-india.click/login,1
http://trai-verify-now.free-india.ga/login,1
http://phonepe-block-now.kyc-india.work/login,1
http://phonepe-kyc-now.suspend-india.pw/login,1
http://paytm-win-now.win-india.work/login,1
http://pnb-verify-now.login-india.work/login,1
http://jio-update-now.secure-india.click/login,1
http://jio-verify-now.free-india.ga/login,1
http://trai-claim-now.reward-india.work/login,1
http://flipkart-verify-now.verify-india.buzz/login,1
http://yesbank-update-now.win-india.loan/login,1
http://airtel-win-now.secure-india.pw/login,1
http://aadhaar-suspend-now.kyc-india.top/login,1
http://bob-claim-now.suspend-india.buzz/login,1
http://icici-block-now.secure-india.top/login,1
http://jio-block-now.reward-india.click/login,1
http://pnb-alert-now.alert-india.pw/login,1
http://sbi-block-now.kyc-india.work/login,1
http://phonepe-login-now.update-india.loan/login,1
http://airtel-login-now.kyc-india.ml/login,1
http://phonepe-claim-now.suspend-india.fun/login,1
http://axis-free-now.login-india.top/login,1
http://yesbank-win-now.update-india.work/login,1
http://irctc-alert-now.login-india.pw/login,1
http://phonepe-free-now.reward-india.xyz/login,1
http://jio-verify-now.kyc-india.pw/login,1
http://uidai-kyc-now.kyc-india.buzz/login,1
http://trai-verify-now.suspend-india.ml/login,1
http://hdfc-kyc-now.secure-india.ml/login,1
http://trai-reward-now.suspend-india.pw/login,1
http://sbi-win-now.win-india.buzz/login,1
http://kotak-update-now.login-india.work/login,1
http://irctc-alert-now.kyc-india.ga/login,1
http://amazon-suspend-now.kyc-india.pw/login,1
http://phonepe-suspend-now.free-india.loan/login,1
http://airtel-kyc-now.win-india.buzz/login,1
http://yesbank-alert-now.suspend-india.pw/login,1
http://icici-login-now.reward-india.top/login,1
http://paytm-update-now.verify-india.ga/login,1
http://trai-block-now.free-india.top/login,1
http://paytm-suspend-now.update-india.ml/login,1
http://irctc-suspend-now.suspend-india.xyz/login,1
http://aadhaar-block-now.update-india.tk/login,1
http://irctc-free-now.kyc-india.pw/login,1
http://aadhaar-verify-now.free-india.buzz/login,1
http://amazon-block-now.reward-india.click/login,1
http://hdfc-win-now.block-india.top/login,1
http://jio-alert-now.reward-india.click/login,1
http://uidai-win-now.win-india.pw/login,1
http://axis-reward-now.kyc-india.cf/login,1
http://irctc-login-now.update-india.cf/login,1
http://aadhaar-reward-now.secure-india.ga/login,1
http://sbi-win-now.win-india.xyz/login,1
http://uidai-block-now.update-india.loan/login,1
http://sbi-reward-now.free-india.ga/login,1
http://yesbank-reward-now.claim-india.tk/login,1
http://paytm-reward-now.free-india.pw/login,1
http://airtel-secure-now.block-india.top/login,1
http://uidai-claim-now.suspend-india.cf/login,1
http://bob-login-now.reward-india.loan/login,1
http://aadhaar-alert-now.kyc-india.click/login,1
http://aadhaar-block-now.alert-india.cf/login,1
http://kotak-suspend-now.claim-india.fun/login,1
http://bob-win-now.kyc-india.buzz/login,1
http://axis-win-now.login-india.work/login,1
http://phonepe-update-now.login-india.loan/login,1
http://bob-claim-now.block-india.pw/login,1
http://hdfc-kyc-now.reward-india.buzz/login,1
http://sbi-update-now.kyc-india.work/login,1
http://amazon-update-now.update-india.cf/login,1
http://jio-claim-now.update-india.pw/login,1
http://hdfc-win-now.reward-india.top/login,1
http://trai-secure-now.win-india.pw/login,1
http://hdfc-kyc-now.free-india.work/login,1
http://flipkart-verify-now.login-india.buzz/login,1
http://trai-secure-now.login-india.xyz/login,1
http://trai-block-now.win-india.ga/login,1
http://phonepe-free-now.verify-india.click/login,1
http://jio-free-now.verify-india.ml/login,1
http://icici-secure-now.reward-india.click/login,1
http://bob-reward-now.suspend-india.ga/login,1
http://trai-verify-now.win-india.fun/login,1
http://icici-update-now.block-india.cf/login,1
http://aadhaar-suspend-now.claim-india.click/login,1
http://airtel-login-now.suspend-india.ga/login,1
http://flipkart-reward-now.suspend-india.xyz/login,1
http://airtel-kyc-now.reward-india.loan/login,1
http://axis-block-now.update-india.loan/login,1
http://kotak-claim-now.update-india.loan/login,1
http://airtel-block-now.suspend-india.cf/login,1
http://flipkart-reward-now.suspend-india.work/login,1
http://jio-claim-now.alert-india.buzz/login,1
http://flipkart-suspend-now.verify-india.work/login,1
http://axis-secure-now.update-india.top/login,1
http://jio-free-now.win-india.ga/login,1
http://yesbank-reward-now.claim-india.loan/login,1
http://aadhaar-verify-now.win-india.cf/login,1
http://jio-secure-now.update-india.top/login,1
http://yesbank-update-now.block-india.ml/login,1
http://irctc-claim-now.claim-india.ga/login,1
http://uidai-secure-now.kyc-india.fun/login,1
http://gpay-alert-now.win-india.ga/login,1
http://jio-win-now.login-india.cf/login,1
http://gpay-login-now.login-india.ga/login,1
http://pnb-kyc-now.update-india.tk/login,1
http://icici-free-now.free-india.work/login,1
http://sbi-block-now.verify-india.work/login,1
http://pnb-suspend-now.claim-india.work/login,1
http://uidai-secure-now.alert-india.ml/login,1
http://trai-secure-now.reward-india.ga/login,1
http://uidai-kyc-now.verify-india.loan/login,1
http://amazon-alert-now.block-india.xyz/login,1
http://trai-claim-now.reward-india.buzz/login,1
http://phonepe-alert-now.update-india.fun/login,1
http://trai-alert-now.claim-india.fun/login,1
http://sbi-verify-now.free-india.ga/login,1
http://bob-suspend-now.update-india.click/login,1
http://pnb-suspend-now.secure-india.ml/login,1
http://aadhaar-secure-now.login-india.cf/login,1
http://irctc-suspend-now.claim-india.click/login,1
http://phonepe-alert-now.reward-india.ga/login,1
http://amazon-win-now.claim-india.click/login,1
http://bob-secure-now.alert-india.ml/login,1
http://uidai-kyc-now.suspend-india.buzz/login,1
http://jio-update-now.win-india.cf/login,1
http://jio-block-now.reward-india.top/login,1
http://gpay-kyc-now.win-india.ml/login,1
http://irctc-verify-now.kyc-india.top/login,1
http://irctc-kyc-now.free-india.loan/login,1
http://aadhaar-win-now.claim-india.work/login,1
http://kotak-secure-now.block-india.pw/login,1
http://hdfc-reward-now.update-india.fun/login,1
http://phonepe-verify-now.login-india.cf/login,1
http://irctc-free-now.update-india.work/login,1
http://yesbank-secure-now.claim-india.click/login,1
http://aadhaar-block-now.secure-india.click/login,1
http://sbi-reward-now.update-india.click/login,1
http://gpay-suspend-now.suspend-india.buzz/login,1
http://aadhaar-kyc-now.secure-india.click/login,1
http://yesbank-free-now.block-india.work/login,1
http://flipkart-update-now.reward-india.pw/login,1
http://kotak-alert-now.free-india.ml/login,1
http://phonepe-free-now.claim-india.top/login,1
http://uidai-reward-now.update-india.tk/login,1
http://phonepe-claim-now.login-india.click/login,1
http://yesbank-free-now.secure-india.fun/login,1
http://airtel-suspend-now.free-india.top/login,1
http://airtel-alert-now.claim-india.fun/login,1
http://uidai-block-now.alert-india.top/login,1
http://phonepe-kyc-now.verify-india.ml/login,1
http://jio-free-now.secure-india.fun/login,1
http://icici-login-now.kyc-india.top/login,1
http://axis-update-now.update-india.work/login,1
http://aadhaar-verify-now.verify-india.top/login,1
http://trai-update-now.update-india.cf/login,1
http://paytm-update-now.free-india.top/login,1
http://kotak-login-now.login-india.fun/login,1
http://kotak-alert-now.free-india.ml/login,1
http://paytm-block-now.kyc-india.xyz/login,1
http://hdfc-free-now.claim-india.click/login,1
http://irctc-alert-now.block-india.cf/login,1
http://aadhaar-alert-now.kyc-india.fun/login,1
http://aadhaar-kyc-now.suspend-india.pw/login,1
http://flipkart-free-now.win-india.buzz/login,1
http://uidai-reward-now.block-india.buzz/login,1
http://aadhaar-secure-now.claim-india.work/login,1
http://aadhaar-login-now.update-india.work/login,1
http://kotak-claim-now.reward-india.cf/login,1
http://paytm-secure-now.verify-india.xyz/login,1
http://trai-kyc-now.claim-india.cf/login,1
http://irctc-block-now.verify-india.fun/login,1
http://irctc-alert-now.secure-india.xyz/login,1
http://amazon-secure-now.suspend-india.ga/login,1
http://sbi-block-now.claim-india.ga/login,1
http://amazon-block-now.reward-india.top/login,1
http://jio-kyc-now.win-india.fun/login,1
http://bob-reward-now.login-india.cf/login,1
http://icici-reward-now.free-india.ga/login,1
http://trai-suspend-now.win-india.buzz/login,1
http://airtel-secure-now.free-india.fun/login,1
http://aadhaar-secure-now.reward-india.ga/login,1
http://icici-kyc-now.kyc-india.cf/login,1
http://axis-free-now.alert-india.pw/login,1
http://flipkart-secure-now.win-india.pw/login,1
http://irctc-login-now.claim-india.xyz/login,1
http://paytm-verify-now.block-india.xyz/login,1
http://phonepe-update-now.secure-india.cf/login,1
http://paytm-win-now.alert-india.fun/login,1
http://sbi-login-now.update-india.ml/login,1
http://sbi-alert-now.login-india.click/login,1
http://amazon-secure-now.alert-india.click/login,1
http://flipkart-win-now.verify-india.click/login,1
http://icici-kyc-now.verify-india.cf/login,1
http://bob-update-now.block-india.work/login,1
http://phonepe-login-now.secure-india.top/login,1
http://sbi-update-now.win-india.ga/login,1
http://bob-alert-now.login-india.fun/login,1
http://hdfc-login-now.alert-india.fun/login,1
http://axis-block-now.free-india.ga/login,1
http://irctc-reward-now.free-india.cf/login,1
http://yesbank-kyc-now.free-india.fun/login,1
http://hdfc-win-now.block-india.loan/login,1
http://axis-secure-now.alert-india.buzz/login,1
http://kotak-login-now.claim-india.xyz/login,1
http://gpay-update-now.login-india.buzz/login,1
http://amazon-claim-now.verify-india.ml/login,1
http://airtel-suspend-now.update-india.top/login,1
http://jio-verify-now.verify-india.pw/login,1
http://irctc-win-now.suspend-india.ml/login,1
http://pnb-update-now.login-india.ml/login,1
http://irctc-update-now.free-india.pw/login,1
http://yesbank-free-now.verify-india.xyz/login,1
http://pnb-free-now.kyc-india.fun/login,1
http://aadhaar-update-now.kyc-india.work/login,1
http://jio-claim-now.block-india.buzz/login,1
http://pnb-alert-now.win-india.ga/login,1
http://sbi-win-now.reward-india.click/login,1
http://paytm-secure-now.verify-india.work/login,1
http://flipkart-block-now.secure-india.loan/login,1
http://irctc-login-now.suspend-india.ml/login,1
http://aadhaar-claim-now.claim-india.fun/login,1
http://flipkart-secure-now.suspend-india.loan/login,1
http://phonepe-update-now.block-india.ml/login,1
http://flipkart-secure-now.secure-india.loan/login,1
http://pnb-alert-now.verify-india.buzz/login,1
http://trai-reward-now.win-india.ml/login,1
http://sbi-suspend-now.claim-india.pw/login,1
http://jio-claim-now.win-india.tk/login,1
http://aadhaar-reward-now.login-india.loan/login,1
http://irctc-block-now.kyc-india.pw/login,1
http://kotak-claim-now.reward-india.buzz/login,1
http://yesbank-update-now.update-india.loan/login,1
http://icici-verify-now.kyc-india.ml/login,1
http://hdfc-login-now.update-india.work/login,1
http://gpay-update-now.verify-india.pw/login,1
http://bob-free-now.alert-india.loan/login,1
http://uidai-secure-now.verify-india.click/login,1
http://jio-suspend-now.win-india.tk/login,1
http://sbi-login-now.free-india.work/login,1
http://icici-alert-now.free-india.xyz/login,1
http://pnb-block-now.win-india.top/login,1
http://pnb-win-now.verify-india.pw/login,1
http://airtel-block-now.verify-india.fun/login,1
http://icici-secure-now.update-india.ga/login,1
http://trai-update-now.update-india.fun/login,1
http://jio-block-now.reward-india.ga/login,1
http://gpay-block-now.free-india.ga/login,1
http://uidai-free-now.kyc-india.loan/login,1
http://aadhaar-reward-now.win-india.tk/login,1
http://uidai-claim-now.free-india.work/login,1
http://amazon-update-now.kyc-india.ml/login,1
http://aadhaar-reward-now.block-india.click/login,1
http://phonepe-block-now.suspend-india.work/login,1
http://pnb-claim-now.block-india.click/login,1
http://pnb-reward-now.free-india.top/login,1
http://yesbank-suspend-now.login-india.pw/login,1
http://aadhaar-login-now.reward-india.loan/login,1
http://airtel-claim-now.alert-india.work/login,1
http://bob-verify-now.win-india.xyz/login,1
http://kotak-suspend-now.verify-india.loan/login,1
http://paytm-secure-now.verify-india.cf/login,1
http://jio-login-now.claim-india.xyz/login,1
http://airtel-block-now.block-india.loan/login,1
http://uidai-suspend-now.kyc-india.tk/login,1
http://hdfc-alert-now.claim-india.ml/login,1
http://paytm-secure-now.claim-india.pw/login,1
http://jio-login-now.secure-india.cf/login,1
http://icici-suspend-now.reward-india.pw/login,1
http://gpay-win-now.update-india.fun/login,1
http://yesbank-alert-now.kyc-india.work/login,1
http://uidai-update-now.suspend-india.buzz/login,1
http://kotak-verify-now.win-india.pw/login,1
http://bob-update-now.verify-india.click/login,1
http://pnb-reward-now.reward-india.tk/login,1
http://jio-win-now.free-india.pw/login,1
http://sbi-free-now.free-india.top/login,1
http://hdfc-secure-now.block-india.xyz/login,1
http://yesbank-block-now.suspend-india.ml/login,1
http://yesbank-block-now.win-india.ga/login,1
http://paytm-verify-now.free-india.fun/login,1
http://bob-alert-now.suspend-india.pw/login,1
http://trai-update-now.login-india.top/login,1
http://kotak-reward-now.kyc-india.ml/login,1
http://yesbank-update-now.alert-india.pw/login,1
http://hdfc-block-now.reward-india.cf/login,1
http://icici-reward-now.block-india.top/login,1
http://paytm-kyc-now.alert-india.loan/login,1
http://gpay-alert-now.reward-india.buzz/login,1
http://uidai-login-now.block-india.pw/login,1
http://trai-login-now.login-india.tk/login,1
http://airtel-reward-now.claim-india.buzz/login,1
http://uidai-update-now.update-india.buzz/login,1
http://amazon-reward-now.claim-india.click/login,1
http://gpay-claim-now.claim-india.pw/login,1
http://sbi-secure-now.kyc-india.click/login,1
http://flipkart-suspend-now.kyc-india.work/login,1
http://hdfc-login-now.login-india.buzz/login,1
http://pnb-kyc-now.win-india.tk/login,1
http://axis-win-now.verify-india.ga/login,1
http://paytm-secure-now.verify-india.click/login,1
http://axis-secure-now.alert-india.work/login,1
http://sbi-claim-now.login-india.fun/login,1
http://aadhaar-login-now.login-india.loan/login,1
http://trai-secure-now.block-india.work/login,1
http://paytm-win-now.win-india.buzz/login,1
http://sbi-reward-now.suspend-india.buzz/login,1
http://trai-verify-now.secure-india.ml/login,1
http://hdfc-secure-now.login-india.fun/login,1
http://airtel-verify-now.alert-india.buzz/login,1
http://sbi-update-now.reward-india.buzz/login,1
http://airtel-free-now.free-india.click/login,1
http://axis-verify-now.secure-india.buzz/login,1
http://bob-login-now.reward-india.loan/login,1
http://axis-claim-now.alert-india.pw/login,1
http://aadhaar-update-now.kyc-india.ga/login,1
http://trai-alert-now.block-india.fun/login,1
http://sbi-verify-now.login-india.loan/login,1
http://kotak-claim-now.alert-india.top/login,1
http://phonepe-verify-now.claim-india.buzz/login,1
http://pnb-claim-now.free-india.cf/login,1
http://jio-block-now.secure-india.xyz/login,1
http://airtel-reward-now.verify-india.loan/login,1
http://airtel-login-now.kyc-india.click/login,1
http://bob-free-now.kyc-india.tk/login,1
http://bob-block-now.free-india.pw/login,1
http://jio-reward-now.login-india.pw/login,1
http://paytm-reward-now.secure-india.pw/login,1
http://yesbank-alert-now.block-india.ml/login,1
http://gpay-free-now.kyc-india.pw/login,1
http://aadhaar-free-now.login-india.ml/login,1
http://kotak-win-now.win-india.loan/login,1
http://paytm-reward-now.kyc-india.buzz/login,1
http://uidai-kyc-now.claim-india.tk/login,1
http://aadhaar-block-now.win-india.tk/login,1
http://phonepe-claim-now.kyc-india.fun/login,1
http://sbi-claim-now.reward-india.top/login,1
http://kotak-alert-now.win-india.buzz/login,1
http://airtel-kyc-now.login-india.tk/login,1
http://paytm-kyc-now.verify-india.pw/login,1
http://airtel-suspend-now.suspend-india.pw/login,1
http://jio-suspend-now.login-india.ga/login,1
http://sbi-claim-now.update-india.fun/login,1
http://irctc-kyc-now.block-india.pw/login,1
http://irctc-win-now.free-india.click/login,1
http://phonepe-reward-now.alert-india.work/login,1
http://paytm-kyc-now.login-india.ga/login,1
http://hdfc-reward-now.verify-india.cf/login,1
http://amazon-login-now.win-india.buzz/login,1
http://gpay-login-now.update-india.ml/login,1
http://flipkart-suspend-now.alert-india.fun/login,1
http://yesbank-alert-now.login-india.top/login,1
http://bob-verify-now.suspend-india.fun/login,1
http://bob-win-now.claim-india.top/login,1
http://uidai-suspend-now.block-india.loan/login,1
http://hdfc-block-now.update-india.work/login,1
http://flipkart-verify-now.login-india.loan/login,1
http://aadhaar-reward-now.win-india.xyz/login,1
http://aadhaar-reward-now.block-india.buzz/login,1
http://hdfc-login-now.secure-india.work/login,1
http://bob-secure-now.secure-india.work/login,1
http://phonepe-reward-now.secure-india.pw/login,1
http://hdfc-win-now.block-india.ml/login,1
http://flipkart-free-now.alert-india.tk/login,1
http://trai-update-now.kyc-india.pw/login,1
http://aadhaar-kyc-now.reward-india.top/login,1
http://yesbank-alert-now.verify-india.ml/login,1
http://flipkart-suspend-now.win-india.ga/login,1
http://flipkart-update-now.secure-india.click/login,1
http://phonepe-win-now.win-india.tk/login,1
http://icici-update-now.win-india.work/login,1
http://pnb-update-now.block-india.fun/login,1
http://bob-win-now.block-india.pw/login,1
http://phonepe-reward-now.block-india.top/login,1
http://hdfc-kyc-now.claim-india.pw/login,1
http://paytm-kyc-now.kyc-india.ml/login,1
http://hdfc-reward-now.secure-india.cf/login,1
http://flipkart-secure-now.free-india.ml/login,1
http://axis-kyc-now.login-india.xyz/login,1
http://airtel-verify-now.alert-india.work/login,1
http://irctc-block-now.verify-india.pw/login,1
http://irctc-login-now.login-india.pw/login,1
http://irctc-alert-now.reward-india.work/login,1
http://icici-suspend-now.suspend-india.xyz/login,1
http://jio-block-now.secure-india.pw/login,1
http://aadhaar-login-now.verify-india.ml/login,1
http://paytm-verify-now.free-india.click/login,1
http://hdfc-kyc-now.verify-india.buzz/login,1
http://uidai-suspend-now.secure-india.click/login,1
http://icici-verify-now.update-india.top/login,1
http://phonepe-kyc-now.free-india.cf/login,1
http://uidai-block-now.kyc-india.work/login,1
http://uidai-claim-now.verify-india.tk/login,1
http://kotak-claim-now.claim-india.top/login,1
http://icici-reward-now.block-india.tk/login,1
http://kotak-alert-now.kyc-india.tk/login,1
http://airtel-claim-now.block-india.top/login,1
http://trai-login-now.win-india.ga/login,1
http://hdfc-update-now.suspend-india.fun/login,1
http://trai-update-now.alert-india.fun/login,1
http://kotak-reward-now.suspend-india.click/login,1
http://airtel-block-now.suspend-india.pw/login,1
http://pnb-kyc-now.suspend-india.pw/login,1
http://irctc-block-now.win-india.buzz/login,1
http://irctc-alert-now.kyc-india.pw/login,1
http://jio-win-now.secure-india.ga/login,1
http://sbi-update-now.verify-india.work/login,1
http://axis-win-now.login-india.pw/login,1
http://amazon-reward-now.verify-india.click/login,1
http://pnb-block-now.free-india.ga/login,1
http://sbi-free-now.login-india.fun/login,1
http://kotak-secure-now.update-india.cf/login,1
http://kotak-block-now.block-india.click/login,1
http://sbi-update-now.free-india.click/login,1
http://yesbank-reward-now.win-india.pw/login,1
http://sbi-kyc-now.login-india.click/login,1
http://yesbank-free-now.alert-india.work/login,1
http://hdfc-free-now.kyc-india.work/login,1
http://paytm-free-now.alert-india.loan/login,1
http://yesbank-alert-now.reward-india.fun/login,1
http://hdfc-block-now.secure-india.pw/login,1
http://yesbank-block-now.block-india.xyz/login,1
http://gpay-suspend-now.free-india.click/login,1
http://pnb-update-now.kyc-india.cf/login,1
http://sbi-claim-now.reward-india.buzz/login,1
http://aadhaar-kyc-now.suspend-india.pw/login,1
http://bob-kyc-now.suspend-india.tk/login,1
http://kotak-win-now.claim-india.fun/login,1
http://hdfc-secure-now.reward-india.tk/login,1
http://irctc-login-now.claim-india.work/login,1
http://kotak-login-now.block-india.cf/login,1
http://phonepe-update-now.claim-india.xyz/login,1
http://gpay-update-now.alert-india.loan/login,1
http://sbi-alert-now.block-india.ml/login,1
http://gpay-claim-now.alert-india.fun/login,1
http://trai-secure-now.claim-india.ml/login,1
http://axis-block-now.free-india.ml/login,1
http://gpay-win-now.verify-india.work/login,1
http://bob-win-now.block-india.tk/login,1
http://sbi-secure-now.verify-india.buzz/login,1
http://icici-claim-now.alert-india.xyz/login,1
http://axis-block-now.free-india.fun/login,1
http://kotak-verify-now.suspend-india.cf/login,1
http://gpay-claim-now.login-india.ga/login,1
http://kotak-secure-now.block-india.click/login,1
http://flipkart-free-now.update-india.cf/login,1
http://paytm-kyc-now.secure-india.tk/login,1
http://sbi-suspend-now.block-india.loan/login,1
http://axis-login-now.block-india.click/login,1
http://aadhaar-claim-now.secure-india.ml/login,1
http://kotak-suspend-now.login-india.ml/login,1
http://icici-secure-now.suspend-india.click/login,1
http://aadhaar-alert-now.verify-india.ml/login,1
http://sbi-alert-now.free-india.xyz/login,1
http://axis-reward-now.verify-india.tk/login,1
http://amazon-reward-now.kyc-india.fun/login,1
http://uidai-free-now.win-india.fun/login,1
http://flipkart-suspend-now.claim-india.cf/login,1
http://yesbank-login-now.win-india.buzz/login,1
http://aadhaar-update-now.alert-india.pw/login,1
http://paytm-update-now.win-india.work/login,1
http://axis-alert-now.secure-india.buzz/login,1
http://flipkart-alert-now.login-india.ga/login,1
http://paytm-suspend-now.secure-india.click/login,1
http://bob-kyc-now.win-india.buzz/login,1
http://yesbank-claim-now.alert-india.work/login,1
http://sbi-update-now.alert-india.tk/login,1
http://pnb-alert-now.alert-india.ml/login,1
http://kotak-claim-now.suspend-india.pw/login,1
http://paytm-block-now.update-india.top/login,1
http://axis-claim-now.block-india.buzz/login,1
http://icici-secure-now.block-india.work/login,1
http://bob-suspend-now.reward-india.ga/login,1
http://jio-block-now.kyc-india.work/login,1
http://bob-update-now.claim-india.ga/login,1
http://uidai-reward-now.reward-india.pw/login,1
http://yesbank-block-now.win-india.ga/login,1
http://phonepe-free-now.free-india.tk/login,1
http://uidai-alert-now.update-india.pw/login,1
http://flipkart-claim-now.block-india.tk/login,1
http://flipkart-kyc-now.secure-india.top/login,1
http://icici-suspend-now.update-india.buzz/login,1
http://bob-claim-now.alert-india.buzz/login,1
http://hdfc-update-now.login-india.ml/login,1
http://uidai-free-now.verify-india.ml/login,1
http://paytm-alert-now.block-india.cf/login,1
http://bob-suspend-now.suspend-india.work/login,1
http://gpay-login-now.free-india.click/login,1
http://kotak-suspend-now.free-india.cf/login,1
http://amazon-win-now.claim-india.tk/login,1
http://uidai-verify-now.suspend-india.loan/login,1
http://bob-kyc-now.secure-india.xyz/login,1
http://pnb-block-now.verify-india.xyz/login,1
http://aadhaar-claim-now.update-india.cf/login,1
http://sbi-login-now.reward-india.fun/login,1
http://uidai-reward-now.free-india.click/login,1
http://bob-reward-now.reward-india.top/login,1
http://aadhaar-login-now.free-india.ml/login,1
http://irctc-kyc-now.login-india.loan/login,1
http://bob-claim-now.reward-india.ml/login,1
http://kotak-free-now.kyc-india.ml/login,1
http://sbi-update-now.free-india.xyz/login,1
http://paytm-win-now.alert-india.buzz/login,1
http://amazon-kyc-now.update-india.ml/login,1
http://amazon-alert-now.win-india.pw/login,1
http://amazon-suspend-now.kyc-india.work/login,1
http://trai-reward-now.block-india.work/login,1
http://bob-claim-now.login-india.ml/login,1
http://amazon-suspend-now.verify-india.pw/login,1
http://irctc-win-now.login-india.fun/login,1
http://trai-secure-now.reward-india.loan/login,1
http://uidai-claim-now.verify-india.xyz/login,1
http://uidai-alert-now.win-india.click/login,1
http://axis-suspend-now.alert-india.fun/login,1
http://icici-kyc-now.win-india.fun/login,1
http://trai-secure-now.alert-india.loan/login,1
http://icici-block-now.suspend-india.tk/login,1
http://jio-alert-now.free-india.fun/login,1
http://icici-free-now.free-india.loan/login,1
http://uidai-secure-now.suspend-india.xyz/login,1
http://yesbank-block-now.verify-india.work/login,1
http://flipkart-block-now.alert-india.pw/login,1
http://yesbank-reward-now.claim-india.cf/login,1
http://kotak-kyc-now.verify-india.fun/login,1
http://kotak-win-now.suspend-india.cf/login,1
http://hdfc-free-now.alert-india.pw/login,1
http://phonepe-suspend-now.verify-india.buzz/login,1
http://kotak-win-now.suspend-india.xyz/login,1
http://kotak-alert-now.update-india.ml/login,1
http://trai-update-now.secure-india.cf/login,1
http://paytm-suspend-now.secure-india.cf/login,1
http://airtel-verify-now.win-india.tk/login,1
http://phonepe-suspend-now.win-india.ml/login,1
http://flipkart-claim-now.kyc-india.cf/login,1
http://jio-alert-now.kyc-india.loan/login,1
http://hdfc-claim-now.update-india.ml/login,1
http://paytm-alert-now.reward-india.top/login,1
http://jio-free-now.alert-india.fun/login,1
http://phonepe-login-now.suspend-india.fun/login,1
http://pnb-verify-now.free-india.cf/login,1
http://axis-verify-now.kyc-india.work/login,1
http://bob-alert-now.secure-india.work/login,1
http://aadhaar-login-now.reward-india.buzz/login,1
http://bob-alert-now.secure-india.ml/login,1
http://trai-reward-now.verify-india.cf/login,1
http://flipkart-reward-now.free-india.click/login,1
http://trai-free-now.verify-india.tk/login,1
http://aadhaar-free-now.claim-india.top/login,1
http://airtel-claim-now.secure-india.cf/login,1
http://axis-secure-now.free-india.pw/login,1
http://bob-alert-now.free-india.fun/login,1
http://jio-win-now.free-india.pw/login,1
http://gpay-block-now.claim-india.buzz/login,1
http://phonepe-claim-now.block-india.xyz/login,1
http://sbi-update-now.verify-india.top/login,1
http://axis-block-now.update-india.buzz/login,1
http://flipkart-claim-now.login-india.fun/login,1
http://kotak-secure-now.login-india.xyz/login,1
http://sbi-suspend-now.update-india.xyz/login,1
http://gpay-suspend-now.free-india.tk/login,1
http://axis-update-now.suspend-india.ml/login,1
http://bob-free-now.free-india.pw/login,1
http://phonepe-update-now.win-india.ml/login,1
http://airtel-secure-now.alert-india.buzz/login,1
http://icici-free-now.alert-india.cf/login,1
http://amazon-win-now.free-india.click/login,1
http://airtel-kyc-now.update-india.cf/login,1
http://hdfc-reward-now.reward-india.click/login,1
http://hdfc-secure-now.secure-india.ml/login,1
http://flipkart-update-now.alert-india.ga/login,1
http://bob-kyc-now.free-india.work/login,1
http://axis-kyc-now.block-india.top/login,1
http://gpay-suspend-now.free-india.tk/login,1
http://flipkart-win-now.secure-india.tk/login,1
http://hdfc-update-now.update-india.pw/login,1
http://airtel-alert-now.verify-india.work/login,1
http://paytm-free-now.free-india.xyz/login,1
http://hdfc-free-now.reward-india.cf/login,1
http://paytm-win-now.claim-india.top/login,1
http://uidai-verify-now.block-india.fun/login,1
http://irctc-alert-now.reward-india.top/login,1
http://icici-block-now.login-india.xyz/login,1
http://bob-win-now.alert-india.tk/login,1
http://uidai-block-now.claim-india.click/login,1
http://kotak-reward-now.verify-india.buzz/login,1
http://icici-claim-now.block-india.click/login,1
http://icici-alert-now.secure-india.buzz/login,1
http://gpay-kyc-now.block-india.xyz/login,1
http://bob-free-now.login-india.cf/login,1
http://bob-update-now.free-india.fun/login,1
http://pnb-alert-now.update-india.buzz/login,1
http://flipkart-win-now.login-india.ml/login,1
http://hdfc-login-now.verify-india.fun/login,1
http://uidai-login-now.alert-india.top/login,1
http://icici-block-now.free-india.cf/login,1
http://irctc-block-now.alert-india.xyz/login,1
http://hdfc-claim-now.verify-india.click/login,1
http://hdfc-reward-now.update-india.ga/login,1
http://trai-alert-now.free-india.loan/login,1
http://paytm-win-now.suspend-india.ga/login,1
http://icici-verify-now.win-india.ml/login,1
http://irctc-free-now.verify-india.work/login,1
http://hdfc-login-now.win-india.buzz/login,1
http://paytm-verify-now.kyc-india.buzz/login,1
http://hdfc-secure-now.update-india.work/login,1
http://phonepe-suspend-now.update-india.tk/login,1
http://axis-alert-now.suspend-india.pw/login,1
http://jio-update-now.login-india.top/login,1
http://yesbank-win-now.free-india.top/login,1
http://yesbank-update-now.free-india.pw/login,1
http://aadhaar-kyc-now.claim-india.ga/login,1
http://hdfc-suspend-now.kyc-india.click/login,1
http://icici-update-now.secure-india.ml/login,1
http://amazon-kyc-now.win-india.click/login,1
http://aadhaar-kyc-now.alert-india.ga/login,1
http://uidai-verify-now.kyc-india.tk/login,1
http://bob-kyc-now.verify-india.work/login,1
http://icici-verify-now.verify-india.ml/login,1
http://icici-win-now.free-india.pw/login,1
http://kotak-reward-now.win-india.work/login,1
http://paytm-login-now.kyc-india.buzz/login,1
http://airtel-block-now.alert-india.top/login,1
http://jio-kyc-now.suspend-india.fun/login,1
http://hdfc-suspend-now.kyc-india.fun/login,1
http://irctc-suspend-now.update-india.buzz/login,1
http://kotak-claim-now.reward-india.xyz/login,1
http://aadhaar-login-now.login-india.tk/login,1
http://trai-update-now.suspend-india.click/login,1
http://aadhaar-block-now.login-india.work/login,1
http://gpay-secure-now.verify-india.ga/login,1
http://axis-kyc-now.free-india.work/login,1
http://irctc-kyc-now.kyc-india.buzz/login,1
http://hdfc-verify-now.free-india.click/login,1
http://kotak-login-now.reward-india.cf/login,1
http://yesbank-suspend-now.alert-india.xyz/login,1
http://axis-win-now.verify-india.loan/login,1
http://phonepe-kyc-now.verify-india.work/login,1
http://trai-update-now.update-india.ga/login,1
http://flipkart-suspend-now.suspend-india.click/login,1
http://amazon-login-now.win-india.buzz/login,1
http://yesbank-login-now.update-india.click/login,1
http://jio-update-now.login-india.fun/login,1
http://amazon-login-now.reward-india.ga/login,1
http://icici-alert-now.suspend-india.work/login,1
http://hdfc-reward-now.kyc-india.ga/login,1
http://flipkart-kyc-now.reward-india.click/login,1
http://paytm-alert-now.win-india.ga/login,1
http://pnb-secure-now.login-india.click/login,1
http://paytm-verify-now.win-india.pw/login,1
http://hdfc-secure-now.kyc-india.tk/login,1
http://flipkart-alert-now.reward-india.ml/login,1
http://yesbank-login-now.secure-india.pw/login,1
http://phonepe-free-now.suspend-india.ml/login,1
http://uidai-block-now.login-india.tk/login,1
http://amazon-block-now.alert-india.ga/login,1
http://uidai-alert-now.alert-india.cf/login,1
http://sbi-win-now.reward-india.fun/login,1
http://jio-login-now.claim-india.top/login,1
http://uidai-login-now.suspend-india.ml/login,1
http://uidai-verify-now.reward-india.xyz/login,1
http://hdfc-alert-now.win-india.loan/login,1
http://hdfc-reward-now.block-india.top/login,1
http://irctc-win-now.update-india.work/login,1
http://irctc-login-now.update-india.loan/login,1
http://sbi-win-now.win-india.top/login,1
http://gpay-kyc-now.claim-india.cf/login,1
http://jio-free-now.update-india.xyz/login,1
http://irctc-free-now.secure-india.ml/login,1
http://flipkart-suspend-now.win-india.pw/login,1
http://sbi-alert-now.alert-india.ml/login,1
http://bob-kyc-now.claim-india.buzz/login,1
http://flipkart-win-now.free-india.xyz/login,1
http://icici-reward-now.win-india.click/login,1
http://trai-verify-now.secure-india.top/login,1
http://airtel-win-now.suspend-india.loan/login,1
http://uidai-login-now.free-india.tk/login,1
http://yesbank-win-now.verify-india.loan/login,1
http://pnb-verify-now.update-india.top/login,1
http://pnb-alert-now.suspend-india.xyz/login,1
http://pnb-claim-now.kyc-india.buzz/login,1
http://aadhaar-win-now.update-india.loan/login,1
http://gpay-kyc-now.claim-india.ga/login,1
http://aadhaar-update-now.free-india.work/login,1
http://uidai-win-now.login-india.fun/login,1
http://jio-claim-now.claim-india.cf/login,1
http://trai-free-now.reward-india.cf/login,1
http://hdfc-update-now.claim-india.click/login,1
http://flipkart-alert-now.block-india.loan/login,1
http://axis-alert-now.win-india.loan/login,1
http://aadhaar-secure-now.alert-india.pw/login,1
http://pnb-free-now.win-india.tk/login,1
http://gpay-alert-now.update-india.tk/login,1
http://bob-kyc-now.secure-india.tk/login,1
http://axis-kyc-now.secure-india.tk/login,1
http://paytm-alert-now.kyc-india.ga/login,1
http://trai-free-now.verify-india.cf/login,1
http://amazon-free-now.block-india.ml/login,1
http://irctc-claim-now.reward-india.work/login,1
http://sbi-secure-now.login-india.tk/login,1
http://sbi-login-now.block-india.buzz/login,1
http://yesbank-reward-now.suspend-india.click/login,1
http://yesbank-alert-now.suspend-india.buzz/login,1
http://trai-block-now.alert-india.work/login,1
http://kotak-suspend-now.kyc-india.cf/login,1
http://phonepe-secure-now.login-india.work/login,1
http://pnb-secure-now.verify-india.ml/login,1
http://pnb-secure-now.alert-india.ml/login,1
http://phonepe-win-now.block-india.cf/login,1
http://phonepe-kyc-now.win-india.fun/login,1
http://paytm-kyc-now.login-india.tk/login,1
http://hdfc-claim-now.suspend-india.ml/login,1
http://flipkart-secure-now.claim-india.ml/login,1
http://gpay-block-now.win-india.xyz/login,1
http://yesbank-claim-now.kyc-india.click/login,1
http://flipkart-block-now.kyc-india.loan/login,1
http://kotak-update-now.verify-india.top/login,1
http://irctc-kyc-now.alert-india.click/login,1
http://paytm-verify-now.win-india.loan/login,1
http://trai-claim-now.free-india.fun/login,1
http://kotak-alert-now.secure-india.pw/login,1
http://paytm-suspend-now.win-india.work/login,1
http://yesbank-win-now.update-india.fun/login,1
http://irctc-verify-now.kyc-india.buzz/login,1
http://aadhaar-update-now.secure-india.xyz/login,1
http://bob-suspend-now.login-india.work/login,1
http://pnb-update-now.claim-india.xyz/login,1
http://gpay-suspend-now.block-india.ga/login,1
http://airtel-login-now.verify-india.tk/login,1
http://aadhaar-alert-now.free-india.buzz/login,1
http://icici-block-now.reward-india.ga/login,1
http://irctc-claim-now.suspend-india.pw/login,1
http://trai-verify-now.free-india.click/login,1
http://bob-kyc-now.win-india.top/login,1
http://pnb-reward-now.claim-india.xyz/login,1
http://kotak-claim-now.claim-india.cf/login,1
http://flipkart-block-now.update-india.ga/login,1
http://flipkart-win-now.reward-india.work/login,1
http://kotak-kyc-now.win-india.top/login,1
http://amazon-kyc-now.suspend-india.pw/login,1
http://icici-kyc-now.login-india.cf/login,1
http://irctc-block-now.claim-india.tk/login,1
http://uidai-reward-now.update-india.xyz/login,1
http://amazon-free-now.secure-india.top/login,1
http://phonepe-block-now.alert-india.fun/login,1
http://uidai-kyc-now.login-india.ml/login,1
http://bob-secure-now.block-india.work/login,1
http://hdfc-secure-now.suspend-india.cf/login,1
http://irctc-block-now.win-india.work/login,1
http://jio-verify-now.verify-india.ml/login,1
http://airtel-secure-now.free-india.buzz/login,1
http://irctc-update-now.free-india.buzz/login,1
http://kotak-reward-now.kyc-india.work/login,1
http://jio-verify-now.update-india.cf/login,1
http://irctc-update-now.suspend-india.fun/login,1
http://pnb-suspend-now.alert-india.pw/login,1
http://amazon-secure-now.free-india.buzz/login,1
http://irctc-win-now.update-india.click/login,1
http://trai-win-now.suspend-india.xyz/login,1
http://airtel-kyc-now.suspend-india.xyz/login,1
http://paytm-claim-now.alert-india.fun/login,1
http://paytm-claim-now.kyc-india.xyz/login,1
http://airtel-claim-now.reward-india.buzz/login,1
http://pnb-verify-now.secure-india.cf/login,1
http://trai-free-now.update-india.loan/login,1
http://gpay-free-now.kyc-india.tk/login,1
http://phonepe-block-now.claim-india.click/login,1
http://kotak-secure-now.free-india.fun/login,1
http://pnb-update-now.block-india.pw/login,1
http://pnb-kyc-now.verify-india.ml/login,1
http://trai-secure-now.claim-india.work/login,1
http://amazon-claim-now.kyc-india.tk/login,1
http://gpay-kyc-now.block-india.ga/login,1
http://gpay-block-now.suspend-india.fun/login,1
http://trai-block-now.win-india.loan/login,1
http://axis-reward-now.alert-india.tk/login,1
http://axis-kyc-now.verify-india.work/login,1
http://pnb-secure-now.win-india.click/login,1
http://paytm-alert-now.suspend-india.loan/login,1
http://yesbank-kyc-now.win-india.cf/login,1
http://sbi-win-now.update-india.ga/login,1
http://paytm-win-now.kyc-india.fun/login,1
http://jio-secure-now.kyc-india.ga/login,1
http://paytm-update-now.reward-india.fun/login,1
http://axis-update-now.verify-india.work/login,1
http://amazon-verify-now.login-india.tk/login,1
http://hdfc-free-now.block-india.pw/login,1
http://hdfc-alert-now.update-india.cf/login,1
http://hdfc-update-now.secure-india.buzz/login,1
http://sbi-update-now.update-india.pw/login,1
http://gpay-suspend-now.login-india.ml/login,1
http://pnb-verify-now.update-india.ml/login,1
http://airtel-suspend-now.claim-india.click/login,1
http://phonepe-block-now.win-india.pw/login,1
http://jio-block-now.suspend-india.tk/login,1
http://axis-suspend-now.verify-india.loan/login,1
http://gpay-win-now.login-india.cf/login,1
http://phonepe-block-now.verify-india.fun/login,1
http://axis-login-now.block-india.fun/login,1
http://irctc-claim-now.win-india.pw/login,1
http://phonepe-alert-now.free-india.tk/login,1
http://phonepe-claim-now.reward-india.top/login,1
http://gpay-block-now.login-india.top/login,1
http://axis-claim-now.update-india.work/login,1
http://axis-block-now.kyc-india.work/login,1
http://pnb-win-now.secure-india.loan/login,1
http://hdfc-update-now.claim-india.work/login,1
http://axis-reward-now.secure-india.work/login,1
http://kotak-free-now.alert-india.ga/login,1
http://aadhaar-reward-now.secure-india.top/login,1
http://gpay-update-now.alert-india.buzz/login,1
http://pnb-kyc-now.verify-india.buzz/login,1
http://irctc-free-now.update-india.top/login,1
http://flipkart-block-now.free-india.buzz/login,1
http://icici-update-now.kyc-india.top/login,1
http://bob-win-now.suspend-india.tk/login,1
http://phonepe-update-now.claim-india.ga/login,1
http://yesbank-login-now.suspend-india.top/login,1
http://axis-login-now.reward-india.fun/login,1
http://irctc-secure-now.win-india.pw/login,1
http://uidai-secure-now.free-india.top/login,1
http://pnb-alert-now.free-india.pw/login,1
http://bob-alert-now.block-india.cf/login,1
http://paytm-alert-now.update-india.tk/login,1
http://airtel-alert-now.alert-india.ga/login,1
http://paytm-verify-now.update-india.fun/login,1
http://hdfc-update-now.alert-india.buzz/login,1
http://sbi-kyc-now.reward-india.pw/login,1
http://yesbank-kyc-now.secure-india.pw/login,1
http://axis-update-now.free-india.loan/login,1
http://irctc-alert-now.login-india.cf/login,1
http://irctc-alert-now.block-india.cf/login,1
http://aadhaar-claim-now.block-india.loan/login,1
http://sbi-verify-now.reward-india.tk/login,1
http://bob-alert-now.claim-india.top/login,1
http://flipkart-alert-now.verify-india.xyz/login,1
http://phonepe-block-now.free-india.cf/login,1
http://phonepe-alert-now.reward-india.ml/login,1
http://kotak-win-now.reward-india.work/login,1
http://axis-suspend-now.free-india.work/login,1
http://aadhaar-free-now.block-india.pw/login,1
http://irctc-alert-now.block-india.ml/login,1
http://trai-verify-now.reward-india.cf/login,1
http://irctc-suspend-now.reward-india.pw/login,1
http://pnb-secure-now.claim-india.xyz/login,1
http://sbi-suspend-now.verify-india.ml/login,1
http://pnb-claim-now.win-india.pw/login,1
http://sbi-free-now.claim-india.top/login,1
http://axis-reward-now.claim-india.click/login,1
http://amazon-claim-now.verify-india.buzz/login,1
http://jio-login-now.login-india.buzz/login,1
http://kotak-suspend-now.update-india.fun/login,1
http://icici-secure-now.update-india.click/login,1
http://phonepe-verify-now.block-india.click/login,1
http://hdfc-alert-now.free-india.top/login,1
http://uidai-block-now.reward-india.cf/login,1
http://sbi-win-now.alert-india.pw/login,1
http://sbi-claim-now.reward-india.pw/login,1
http://bob-claim-now.suspend-india.tk/login,1
http://irctc-update-now.win-india.buzz/login,1
http://gpay-claim-now.alert-india.loan/login,1
http://yesbank-kyc-now.suspend-india.cf/login,1
http://pnb-reward-now.login-india.work/login,1
http://icici-block-now.login-india.cf/login,1
http://airtel-verify-now.secure-india.pw/login,1
http://bob-login-now.suspend-india.fun/login,1
http://icici-win-now.suspend-india.tk/login,1
http://uidai-claim-now.secure-india.tk/login,1
http://uidai-block-now.alert-india.top/login,1
http://gpay-claim-now.update-india.buzz/login,1
http://kotak-block-now.secure-india.top/login,1
http://aadhaar-claim-now.login-india.top/login,1
http://bob-secure-now.suspend-india.loan/login,1
http://flipkart-free-now.block-india.ml/login,1
http://sbi-free-now.win-india.loan/login,1
http://phonepe-suspend-now.alert-india.ga/login,1
http://flipkart-secure-now.free-india.loan/login,1
http://amazon-suspend-now.win-india.buzz/login,1
http://hdfc-block-now.login-india.click/login,1
http://flipkart-kyc-now.login-india.ml/login,1
http://kotak-reward-now.reward-india.click/login,1
http://icici-free-now.login-india.top/login,1
http://airtel-secure-now.free-india.ml/login,1
http://airtel-free-now.suspend-india.ga/login,1
http://bob-login-now.update-india.ml/login,1
http://gpay-verify-now.login-india.cf/login,1
http://flipkart-alert-now.block-india.top/login,1
http://amazon-free-now.verify-india.ga/login,1
http://phonepe-secure-now.kyc-india.xyz/login,1
http://airtel-secure-now.free-india.loan/login,1
http://phonepe-free-now.verify-india.fun/login,1
http://irctc-verify-now.verify-india.tk/login,1
http://yesbank-suspend-now.secure-india.tk/login,1
http://amazon-claim-now.free-india.buzz/login,1
http://icici-reward-now.win-india.ml/login,1
http://jio-update-now.suspend-india.fun/login,1
http://trai-update-now.block-india.buzz/login,1
http://uidai-block-now.secure-india.work/login,1
http://icici-login-now.suspend-india.tk/login,1
http://yesbank-claim-now.suspend-india.fun/login,1
http://bob-win-now.win-india.ga/login,1
http://amazon-login-now.kyc-india.tk/login,1
http://phonepe-login-now.secure-india.work/login,1
http://amazon-secure-now.suspend-india.xyz/login,1
http://irctc-block-now.claim-india.fun/login,1
http://axis-claim-now.block-india.top/login,1
http://irctc-free-now.login-india.cf/login,1
http://paytm-claim-now.alert-india.fun/login,1
http://pnb-secure-now.verify-india.buzz/login,1
http://hdfc-win-now.free-india.xyz/login,1
http://jio-secure-now.block-india.top/login,1
http://kotak-free-now.win-india.click/login,1
http://axis-block-now.login-india.work/login,1
http://bob-verify-now.reward-india.cf/login,1
http://kotak-update-now.login-india.cf/login,1
http://gpay-kyc-now.alert-india.buzz/login,1
http://yesbank-free-now.reward-india.xyz/login,1
http://airtel-update-now.alert-india.work/login,1
http://amazon-claim-now.win-india.top/login,1
http://axis-kyc-now.win-india.cf/login,1
http://trai-update-now.claim-india.top/login,1
http://aadhaar-win-now.claim-india.work/login,1
http://sbi-verify-now.free-india.buzz/login,1
http://phonepe-free-now.alert-india.buzz/login,1
http://paytm-verify-now.reward-india.ga/login,1
http://kotak-claim-now.suspend-india.tk/login,1
http://axis-kyc-now.login-india.loan/login,1
http://paytm-suspend-now.free-india.top/login,1
http://yesbank-alert-now.alert-india.fun/login,1
http://paytm-secure-now.kyc-india.buzz/login,1
http://uidai-claim-now.secure-india.ga/login,1
http://icici-reward-now.claim-india.ml/login,1
http://bob-reward-now.suspend-india.ga/login,1
http://sbi-verify-now.block-india.buzz/login,1
http://jio-update-now.alert-india.ga/login,1
http://airtel-win-now.kyc-india.xyz/login,1
http://bob-suspend-now.reward-india.pw/login,1
http://airtel-kyc-now.update-india.click/login,1
http://phonepe-suspend-now.update-india.xyz/login,1
http://trai-reward-now.alert-india.buzz/login,1
http://irctc-update-now.login-india.fun/login,1
http://gpay-login-now.secure-india.cf/login,1
http://irctc-reward-now.kyc-india.top/login,1
http://gpay-suspend-now.login-india.cf/login,1
http://gpay-reward-now.kyc-india.top/login,1
http://paytm-verify-now.secure-india.cf/login,1
http://jio-suspend-now.alert-india.ga/login,1
http://pnb-suspend-now.free-india.buzz/login,1
http://flipkart-update-now.verify-india.work/login,1
http://paytm-claim-now.win-india.top/login,1
http://gpay-win-now.reward-india.fun/login,1
http://amazon-win-now.suspend-india.cf/login,1
http://icici-update-now.block-india.xyz/login,1
http://hdfc-claim-now.login-india.work/login,1
http://pnb-suspend-now.free-india.pw/login,1
http://hdfc-verify-now.secure-india.loan/login,1
http://bob-secure-now.reward-india.buzz/login,1
http://pnb-kyc-now.block-india.xyz/login,1
http://uidai-kyc-now.secure-india.ml/login,1
http://trai-alert-now.claim-india.work/login,1
http://paytm-update-now.claim-india.fun/login,1
http://trai-reward-now.kyc-india.cf/login,1
http://axis-claim-now.verify-india.ml/login,1
http://irctc-secure-now.win-india.click/login,1
http://amazon-secure-now.secure-india.pw/login,1
http://airtel-block-now.claim-india.top/login,1
http://phonepe-claim-now.win-india.work/login,1
http://paytm-block-now.free-india.buzz/login,1
http://flipkart-verify-now.login-india.ml/login,1
http://hdfc-login-now.kyc-india.xyz/login,1
http://irctc-secure-now.kyc-india.fun/login,1
http://flipkart-reward-now.update-india.work/login,1
http://hdfc-alert-now.claim-india.fun/login,1
http://aadhaar-alert-now.alert-india.work/login,1
http://axis-win-now.kyc-india.tk/login,1
http://pnb-update-now.login-india.cf/login,1
http://phonepe-kyc-now.win-india.loan/login,1
http://airtel-suspend-now.free-india.pw/login,1
http://gpay-suspend-now.verify-india.loan/login,1
http://uidai-kyc-now.reward-india.tk/login,1
http://jio-alert-now.free-india.tk/login,1
http://yesbank-verify-now.secure-india.buzz/login,1
http://axis-reward-now.claim-india.pw/login,1
http://axis-claim-now.kyc-india.xyz/login,1
http://icici-alert-now.win-india.buzz/login,1
http://irctc-alert-now.free-india.cf/login,1
http://sbi-claim-now.verify-india.buzz/login,1
http://flipkart-claim-now.win-india.fun/login,1
http://uidai-kyc-now.login-india.xyz/login,1
http://kotak-claim-now.verify-india.fun/login,1
http://icici-block-now.suspend-india.top/login,1
http://icici-reward-now.secure-india.ml/login,1
http://jio-reward-now.update-india.xyz/login,1
http://gpay-kyc-now.reward-india.top/login,1
http://kotak-free-now.free-india.ml/login,1
http://axis-secure-now.alert-india.top/login,1
http://kotak-free-now.suspend-india.ml/login,1
http://pnb-free-now.update-india.click/login,1
http://trai-login-now.alert-india.work/login,1
http://bob-alert-now.secure-india.pw/login,1
http://amazon-update-now.reward-india.click/login,1
http://phonepe-reward-now.free-india.top/login,1
http://icici-verify-now.block-india.click/login,1
http://flipkart-free-now.login-india.buzz/login,1
http://paytm-alert-now.block-india.buzz/login,1
http://trai-update-now.secure-india.work/login,1
http://amazon-update-now.alert-india.cf/login,1
http://paytm-kyc-now.free-india.cf/login,1
http://jio-block-now.reward-india.cf/login,1
http://uidai-verify-now.block-india.tk/login,1
http://hdfc-block-now.update-india.loan/login,1
http://amazon-reward-now.update-india.work/login,1
http://uidai-secure-now.claim-india.cf/login,1
http://uidai-update-now.block-india.xyz/login,1
http://axis-win-now.free-india.work/login,1
http://phonepe-kyc-now.reward-india.xyz/login,1
http://icici-reward-now.win-india.cf/login,1
http://yesbank-suspend-now.win-india.work/login,1
http://flipkart-suspend-now.secure-india.click/login,1
http://phonepe-login-now.kyc-india.tk/login,1
http://airtel-free-now.update-india.top/login,1
http://aadhaar-verify-now.verify-india.top/login,1
http://axis-verify-now.kyc-india.buzz/login,1
http://irctc-alert-now.win-india.top/login,1
http://irctc-secure-now.suspend-india.pw/login,1
http://pnb-win-now.free-india.fun/login,1
http://bob-secure-now.update-india.ml/login,1
http://paytm-verify-now.login-india.tk/login,1
http://sbi-win-now.login-india.xyz/login,1
http://gpay-alert-now.free-india.ml/login,1
http://jio-reward-now.free-india.loan/login,1
http://gpay-update-now.secure-india.work/login,1
http://paytm-alert-now.reward-india.xyz/login,1
http://axis-kyc-now.kyc-india.fun/login,1
http://flipkart-alert-now.alert-india.xyz/login,1
http://flipkart-suspend-now.login-india.ga/login,1
http://kotak-suspend-now.reward-india.xyz/login,1
http://yesbank-verify-now.update-india.buzz/login,1
http://amazon-reward-now.alert-india.fun/login,1
http://uidai-suspend-now.win-india.loan/login,1
http://kotak-verify-now.alert-india.top/login,1
http://irctc-block-now.suspend-india.fun/login,1
http://irctc-login-now.win-india.xyz/login,1
http://trai-verify-now.reward-india.pw/login,1
http://yesbank-block-now.update-india.cf/login,1
http://amazon-alert-now.update-india.work/login,1
http://pnb-alert-now.win-india.top/login,1
http://sbi-kyc-now.secure-india.fun/login,1
http://gpay-alert-now.claim-india.work/login,1
http://jio-block-now.login-india.pw/login,1
http://yesbank-suspend-now.win-india.buzz/login,1
http://flipkart-kyc-now.secure-india.fun/login,1
http://bob-reward-now.free-india.buzz/login,1
http://pnb-alert-now.kyc-india.pw/login,1
http://gpay-secure-now.win-india.fun/login,1
http://icici-free-now.alert-india.ml/login,1
http://phonepe-login-now.kyc-india.pw/login,1
http://irctc-update-now.reward-india.work/login,1
http://kotak-login-now.login-india.loan/login,1
http://hdfc-verify-now.claim-india.cf/login,1
http://pnb-free-now.kyc-india.ml/login,1
http://trai-verify-now.update-india.click/login,1
http://amazon-update-now.suspend-india.ga/login,1
http://axis-block-now.login-india.work/login,1
http://airtel-claim-now.claim-india.xyz/login,1
http://aadhaar-secure-now.kyc-india.fun/login,1
http://trai-suspend-now.free-india.tk/login,1
http://hdfc-alert-now.alert-india.tk/login,1
http://axis-suspend-now.suspend-india.tk/login,1
http://aadhaar-verify-now.block-india.tk/login,1
http://phonepe-free-now.update-india.ga/login,1
http://pnb-kyc-now.win-india.cf/login,1
http://flipkart-block-now.alert-india.fun/login,1
http://axis-kyc-now.free-india.click/login,1
http://yesbank-kyc-now.update-india.ga/login,1
http://flipkart-reward-now.verify-india.ga/login,1
http://irctc-claim-now.secure-india.loan/login,1
http://phonepe-update-now.secure-india.click/login,1
http://amazon-claim-now.free-india.buzz/login,1
http://jio-kyc-now.block-india.top/login,1
http://jio-kyc-now.reward-india.top/login,1
http://amazon-alert-now.block-india.buzz/login,1
http://pnb-verify-now.alert-india.ml/login,1
http://sbi-win-now.block-india.tk/login,1
http://icici-claim-now.claim-india.top/login,1
http://phonepe-reward-now.verify-india.top/login,1
http://hdfc-free-now.free-india.ml/login,1
http://uidai-verify-now.free-india.fun/login,1
http://trai-secure-now.reward-india.top/login,1
http://aadhaar-secure-now.win-india.fun/login,1
http://yesbank-claim-now.verify-india.cf/login,1
http://trai-suspend-now.kyc-india.fun/login,1
http://bob-alert-now.free-india.ga/login,1
http://aadhaar-suspend-now.suspend-india.buzz/login,1
http://flipkart-win-now.claim-india.buzz/login,1
http://bob-login-now.secure-india.tk/login,1
http://hdfc-block-now.claim-india.top/login,1
http://paytm-block-now.block-india.cf/login,1
http://gpay-update-now.block-india.loan/login,1
http://kotak-block-now.claim-india.buzz/login,1
http://phonepe-verify-now.verify-india.loan/login,1
http://uidai-secure-now.login-india.cf/login,1
http://amazon-block-now.update-india.fun/login,1
http://hdfc-claim-now.secure-india.buzz/login,1
http://trai-claim-now.update-india.xyz/login,1
http://axis-alert-now.secure-india.pw/login,1
http://sbi-alert-now.claim-india.ga/login,1
http://uidai-suspend-now.win-india.buzz/login,1
http://aadhaar-suspend-now.login-india.click/login,1
http://kotak-secure-now.free-india.fun/login,1
http://uidai-free-now.kyc-india.fun/login,1
http://bob-block-now.win-india.ga/login,1
http://axis-claim-now.block-india.pw/login,1
http://gpay-claim-now.alert-india.tk/login,1
http://paytm-win-now.reward-india.top/login,1
http://icici-update-now.verify-india.top/login,1
http://paytm-alert-now.login-india.work/login,1
http://icici-claim-now.free-india.loan/login,1
http://bob-suspend-now.block-india.loan/login,1
http://bob-secure-now.suspend-india.work/login,1
http://amazon-alert-now.win-india.work/login,1
http://amazon-kyc-now.kyc-india.loan/login,1
http://paytm-alert-now.win-india.work/login,1
http://paytm-win-now.block-india.loan/login,1
http://axis-win-now.login-india.work/login,1
http://irctc-verify-now.win-india.ml/login,1
http://aadhaar-claim-now.update-india.pw/login,1
http://amazon-update-now.update-india.click/login,1
http://uidai-secure-now.verify-india.loan/login,1
http://paytm-update-now.claim-india.cf/login,1
http://pnb-secure-now.secure-india.work/login,1
http://sbi-kyc-now.kyc-india.pw/login,1
http://amazon-verify-now.secure-india.cf/login,1
http://gpay-kyc-now.win-india.work/login,1
http://sbi-update-now.block-india.click/login,1
http://icici-verify-now.reward-india.work/login,1
http://uidai-secure-now.suspend-india.work/login,1
http://yesbank-reward-now.alert-india.fun/login,1
http://paytm-kyc-now.block-india.buzz/login,1
http://flipkart-alert-now.free-india.work/login,1
http://paytm-win-now.claim-india.tk/login,1
http://amazon-reward-now.login-india.top/login,1
http://yesbank-block-now.verify-india.buzz/login,1
http://flipkart-win-now.secure-india.buzz/login,1
http://icici-kyc-now.win-india.xyz/login,1
http://uidai-free-now.win-india.cf/login,1
http://aadhaar-free-now.update-india.buzz/login,1
http://aadhaar-update-now.login-india.pw/login,1
http://aadhaar-suspend-now.verify-india.pw/login,1
http://trai-login-now.alert-india.loan/login,1
http://sbi-update-now.free-india.loan/login,1
http://phonepe-verify-now.secure-india.ga/login,1
http://jio-win-now.suspend-india.work/login,1
http://icici-block-now.suspend-india.click/login,1
http://bob-suspend-now.verify-india.work/login,1
http://sbi-claim-now.reward-india.ml/login,1
http://amazon-verify-now.block-india.click/login,1
http://bob-secure-now.update-india.tk/login,1
http://axis-block-now.kyc-india.cf/login,1
http://paytm-kyc-now.secure-india.tk/login,1
http://paytm-secure-now.reward-india.buzz/login,1
http://phonepe-verify-now.suspend-india.click/login,1
http://phonepe-verify-now.win-india.xyz/login,1
http://kotak-reward-now.update-india.click/login,1
http://paytm-reward-now.claim-india.cf/login,1
http://bob-update-now.verify-india.ga/login,1
http://jio-suspend-now.suspend-india.ga/login,1
http://irctc-block-now.block-india.top/login,1
http://axis-secure-now.verify-india.click/login,1
http://flipkart-block-now.reward-india.tk/login,1
http://irctc-verify-now.reward-india.buzz/login,1
http://jio-verify-now.secure-india.loan/login,1
http://uidai-free-now.update-india.ga/login,1
http://aadhaar-free-now.kyc-india.cf/login,1
http://uidai-reward-now.alert-india.tk/login,1
http://trai-login-now.kyc-india.click/login,1
http://aadhaar-kyc-now.login-india.loan/login,1
http://amazon-block-now.alert-india.xyz/login,1
http://sbi-alert-now.suspend-india.cf/login,1
http://phonepe-verify-now.verify-india.work/login,1
http://airtel-suspend-now.secure-india.buzz/login,1
http://bob-claim-now.free-india.ga/login,1
http://uidai-block-now.secure-india.xyz/login,1
http://phonepe-win-now.block-india.pw/login,1
http://icici-secure-now.update-india.top/login,1
http://axis-kyc-now.win-india.loan/login,1
http://airtel-reward-now.login-india.pw/login,1
http://trai-claim-now.free-india.click/login,1
http://airtel-win-now.alert-india.cf/login,1
http://jio-free-now.claim-india.click/login,1
http://gpay-alert-now.suspend-india.click/login,1
http://sbi-win-now.kyc-india.buzz/login,1
http://sbi-suspend-now.alert-india.xyz/login,1
http://sbi-free-now.kyc-india.top/login,1
http://aadhaar-win-now.win-india.work/login,1
http://bob-block-now.update-india.buzz/login,1
http://icici-block-now.verify-india.buzz/login,1
http://flipkart-free-now.update-india.click/login,1
http://bob-suspend-now.claim-india.top/login,1
http://phonepe-win-now.verify-india.tk/login,1
http://flipkart-claim-now.login-india.work/login,1
http://sbi-login-now.win-india.xyz/login,1
http://airtel-free-now.win-india.click/login,1
http://gpay-update-now.suspend-india.buzz/login,1
http://kotak-win-now.login-india.ga/login,1
http://irctc-claim-now.verify-india.cf/login,1
http://irctc-win-now.win-india.pw/login,1
http://gpay-verify-now.login-india.buzz/login,1
http://bob-update-now.secure-india.pw/login,1
http://trai-alert-now.kyc-india.loan/login,1
http://gpay-free-now.win-india.pw/login,1
http://uidai-kyc-now.update-india.pw/login,1
http://paytm-win-now.update-india.ml/login,1
http://airtel-suspend-now.login-india.loan/login,1
http://airtel-login-now.free-india.xyz/login,1
http://aadhaar-suspend-now.secure-india.buzz/login,1
http://aadhaar-alert-now.verify-india.top/login,1
http://hdfc-claim-now.reward-india.top/login,1
http://airtel-update-now.free-india.loan/login,1
http://flipkart-alert-now.claim-india.loan/login,1
http://hdfc-win-now.login-india.xyz/login,1
http://airtel-reward-now.block-india.work/login,1
http://yesbank-verify-now.reward-india.ga/login,1
http://yesbank-update-now.suspend-india.xyz/login,1
http://jio-win-now.reward-india.tk/login,1
http://jio-login-now.kyc-india.click/login,1
http://kotak-update-now.free-india.buzz/login,1
http://axis-verify-now.alert-india.top/login,1
http://sbi-suspend-now.free-india.click/login,1
http://airtel-login-now.update-india.work/login,1
http://jio-claim-now.verify-india.click/login,1
http://trai-login-now.update-india.pw/login,1
http://flipkart-update-now.free-india.work/login,1
http://uidai-update-now.update-india.xyz/login,1
http://hdfc-reward-now.claim-india.fun/login,1
http://icici-kyc-now.verify-india.work/login,1
http://hdfc-secure-now.suspend-india.buzz/login,1
http://amazon-update-now.update-india.buzz/login,1
http://hdfc-block-now.verify-india.cf/login,1
http://bob-reward-now.update-india.pw/login,1
http://amazon-login-now.suspend-india.buzz/login,1
http://sbi-alert-now.reward-india.work/login,1
http://amazon-suspend-now.suspend-india.tk/login,1
http://yesbank-free-now.free-india.xyz/login,1
http://flipkart-block-now.claim-india.pw/login,1
http://gpay-update-now.update-india.xyz/login,1
http://icici-suspend-now.login-india.pw/login,1
http://paytm-free-now.block-india.cf/login,1
http://pnb-reward-now.alert-india.fun/login,1
http://flipkart-kyc-now.login-india.ml/login,1
http://hdfc-verify-now.kyc-india.cf/login,1
http://uidai-reward-now.block-india.buzz/login,1
http://pnb-secure-now.suspend-india.loan/login,1
http://paytm-kyc-now.alert-india.cf/login,1
http://yesbank-secure-now.claim-india.xyz/login,1
http://trai-suspend-now.free-india.buzz/login,1
http://paytm-verify-now.login-india.loan/login,1
http://aadhaar-verify-now.reward-india.click/login,1
http://gpay-login-now.free-india.ga/login,1
http://icici-claim-now.login-india.buzz/login,1
http://irctc-win-now.win-india.work/login,1
http://yesbank-suspend-now.suspend-india.click/login,1
http://kotak-reward-now.claim-india.ml/login,1
http://axis-alert-now.verify-india.work/login,1
http://jio-verify-now.free-india.ga/login,1
http://jio-alert-now.suspend-india.ga/login,1
http://jio-alert-now.win-india.click/login,1
http://bob-login-now.reward-india.ml/login,1
http://sbi-claim-now.verify-india.tk/login,1
http://pnb-verify-now.block-india.tk/login,1
http://paytm-secure-now.alert-india.ga/login,1
http://uidai-claim-now.verify-india.xyz/login,1
http://gpay-login-now.secure-india.ml/login,1
http://jio-secure-now.win-india.ml/login,1
http://yesbank-block-now.login-india.ml/login,1
http://gpay-verify-now.kyc-india.cf/login,1
http://axis-verify-now.free-india.ml/login,1
http://bob-free-now.update-india.click/login,1
http://gpay-secure-now.alert-india.ga/login,1
http://pnb-claim-now.free-india.ml/login,1
http://trai-suspend-now.reward-india.fun/login,1
http://icici-update-now.kyc-india.ml/login,1
http://gpay-login-now.block-india.top/login,1
http://pnb-claim-now.suspend-india.top/login,1
http://jio-verify-now.suspend-india.pw/login,1
http://gpay-block-now.secure-india.ml/login,1
http://yesbank-login-now.verify-india.buzz/login,1
http://airtel-kyc-now.block-india.pw/login,1
http://irctc-login-now.win-india.tk/login,1
http://irctc-free-now.suspend-india.tk/login,1
http://phonepe-block-now.reward-india.buzz/login,1
http://trai-claim-now.alert-india.loan/login,1
http://flipkart-kyc-now.claim-india.fun/login,1
http://pnb-block-now.win-india.work/login,1
http://irctc-alert-now.secure-india.pw/login,1
http://bob-free-now.suspend-india.buzz/login,1
http://hdfc-login-now.login-india.ga/login,1
http://flipkart-login-now.reward-india.ga/login,1
http://kotak-reward-now.reward-india.pw/login,1
http://phonepe-claim-now.secure-india.loan/login,1
http://icici-kyc-now.update-india.cf/login,1
http://flipkart-block-now.claim-india.ga/login,1
http://uidai-verify-now.alert-india.loan/login,1
http://yesbank-reward-now.alert-india.work/login,1
http://amazon-reward-now.claim-india.work/login,1
http://yesbank-secure-now.reward-india.xyz/login,1
http://phonepe-alert-now.login-india.cf/login,1
http://icici-claim-now.update-india.cf/login,1
http://trai-block-now.block-india.buzz/login,1
http://icici-secure-now.login-india.tk/login,1
http://axis-update-now.claim-india.xyz/login,1
http://aadhaar-login-now.claim-india.ga/login,1
http://yesbank-secure-now.secure-india.fun/login,1
http://airtel-login-now.win-india.pw/login,1
http://paytm-win-now.win-india.loan/login,1
http://airtel-verify-now.secure-india.cf/login,1
http://pnb-reward-now.reward-india.pw/login,1
http://sbi-alert-now.free-india.loan/login,1
http://paytm-reward-now.login-india.ga/login,1
http://gpay-alert-now.login-india.loan/login,1
http://uidai-block-now.alert-india.fun/login,1
http://flipkart-claim-now.update-india.click/login,1
http://gpay-reward-now.win-india.top/login,1
http://gpay-alert-now.alert-india.loan/login,1
http://sbi-claim-now.kyc-india.pw/login,1
http://paytm-secure-now.win-india.xyz/login,1
http://irctc-free-now.claim-india.click/login,1
http://jio-reward-now.reward-india.buzz/login,1
http://bob-win-now.block-india.cf/login,1
http://yesbank-suspend-now.verify-india.pw/login,1
http://hdfc-kyc-now.kyc-india.click/login,1
http://uidai-free-now.suspend-india.pw/login,1
http://uidai-reward-now.reward-india.ga/login,1
http://bob-update-now.block-india.top/login,1
http://gpay-alert-now.update-india.click/login,1
http://uidai-alert-now.free-india.cf/login,1
http://icici-kyc-now.update-india.buzz/login,1
http://aadhaar-kyc-now.verify-india.fun/login,1
http://irctc-verify-now.kyc-india.ga/login,1
http://icici-reward-now.secure-india.ga/login,1
http://jio-secure-now.free-india.loan/login,1
http://icici-alert-now.verify-india.click/login,1
http://trai-verify-now.kyc-india.click/login,1
http://amazon-reward-now.kyc-india.tk/login,1
http://paytm-block-now.reward-india.work/login,1
http://icici-reward-now.login-india.ml/login,1
http://gpay-secure-now.reward-india.fun/login,1
http://irctc-kyc-now.suspend-india.pw/login,1
http://kotak-suspend-now.login-india.loan/login,1
http://flipkart-secure-now.login-india.xyz/login,1
http://paytm-alert-now.update-india.top/login,1
http://jio-block-now.claim-india.pw/login,1
http://irctc-alert-now.alert-india.pw/login,1
http://hdfc-win-now.update-india.cf/login,1
http://flipkart-claim-now.win-india.fun/login,1
http://kotak-reward-now.suspend-india.ml/login,1
http://amazon-login-now.kyc-india.pw/login,1
http://amazon-alert-now.reward-india.buzz/login,1
http://phonepe-win-now.suspend-india.tk/login,1
http://bob-win-now.verify-india.ga/login,1
http://phonepe-secure-now.free-india.loan/login,1
http://kotak-free-now.update-india.fun/login,1
http://gpay-alert-now.reward-india.loan/login,1
http://axis-claim-now.update-india.tk/login,1
http://trai-claim-now.reward-india.work/login,1
http://phonepe-secure-now.login-india.loan/login,1
http://hdfc-alert-now.verify-india.tk/login,1
http://flipkart-reward-now.claim-india.fun/login,1
http://bob-login-now.reward-india.xyz/login,1
http://sbi-secure-now.update-india.fun/login,1
http://paytm-claim-now.free-india.fun/login,1
http://flipkart-alert-now.alert-india.tk/login,1
http://icici-block-now.free-india.ga/login,1
http://flipkart-kyc-now.alert-india.cf/login,1
http://phonepe-kyc-now.verify-india.pw/login,1
http://axis-kyc-now.secure-india.tk/login,1
http://aadhaar-win-now.reward-india.ml/login,1
http://icici-free-now.verify-india.buzz/login,1
http://airtel-kyc-now.alert-india.click/login,1
http://phonepe-login-now.win-india.xyz/login,1
http://aadhaar-login-now.alert-india.fun/login,1
http://hdfc-free-now.block-india.buzz/login,1
http://axis-reward-now.win-india.cf/login,1
http://flipkart-verify-now.suspend-india.xyz/login,1
http://hdfc-reward-now.login-india.ga/login,1
http://pnb-login-now.login-india.tk/login,1
http://sbi-reward-now.verify-india.xyz/login,1
http://yesbank-login-now.free-india.buzz/login,1
http://icici-login-now.update-india.buzz/login,1
http://phonepe-win-now.kyc-india.xyz/login,1
http://amazon-block-now.update-india.click/login,1
http://yesbank-block-now.free-india.ga/login,1
http://gpay-block-now.reward-india.top/login,1
http://axis-login-now.login-india.tk/login,1
http://pnb-claim-now.kyc-india.xyz/login,1
http://bob-free-now.claim-india.xyz/login,1
http://bob-login-now.alert-india.ga/login,1
http://icici-free-now.secure-india.buzz/login,1
http://pnb-verify-now.update-india.ga/login,1
http://amazon-secure-now.suspend-india.work/login,1
http://axis-win-now.block-india.pw/login,1
http://phonepe-secure-now.update-india.pw/login,1
http://yesbank-free-now.win-india.top/login,1
http://paytm-claim-now.kyc-india.buzz/login,1
http://yesbank-free-now.alert-india.tk/login,1
http://yesbank-verify-now.suspend-india.pw/login,1
http://flipkart-reward-now.block-india.buzz/login,1
http://jio-block-now.suspend-india.fun/login,1
http://sbi-login-now.verify-india.pw/login,1
http://axis-secure-now.login-india.fun/login,1
http://amazon-login-now.suspend-india.tk/login,1
http://hdfc-kyc-now.claim-india.work/login,1
http://kotak-login-now.kyc-india.top/login,1
http://gpay-free-now.verify-india.ga/login,1
http://flipkart-win-now.claim-india.ml/login,1
http://airtel-claim-now.free-india.xyz/login,1
http://trai-reward-now.free-india.cf/login,1
http://sbi-login-now.win-india.click/login,1
http://yesbank-login-now.login-india.loan/login,1
http://hdfc-free-now.login-india.buzz/login,1
http://jio-suspend-now.reward-india.loan/login,1
http://yesbank-kyc-now.alert-india.buzz/login,1
http://sbi-update-now.alert-india.tk/login,1
http://gpay-verify-now.free-india.ml/login,1
http://gpay-kyc-now.update-india.ml/login,1
http://uidai-block-now.login-india.ga/login,1
http://trai-update-now.reward-india.fun/login,1
http://flipkart-secure-now.kyc-india.fun/login,1
http://gpay-login-now.reward-india.ml/login,1
http://jio-secure-now.secure-india.pw/login,1
http://flipkart-free-now.login-india.cf/login,1
http://irctc-update-now.claim-india.top/login,1
http://bob-kyc-now.alert-india.work/login,1
http://amazon-block-now.suspend-india.fun/login,1
http://amazon-kyc-now.alert-india.xyz/login,1
http://bob-reward-now.update-india.cf/login,1
http://aadhaar-kyc-now.block-india.fun/login,1
http://phonepe-secure-now.reward-india.work/login,1
http://kotak-alert-now.secure-india.top/login,1
http://aadhaar-suspend-now.alert-india.tk/login,1
http://yesbank-kyc-now.win-india.work/login,1
http://gpay-kyc-now.login-india.xyz/login,1
http://sbi-block-now.win-india.fun/login,1
http://pnb-alert-now.reward-india.top/login,1
http://bob-win-now.claim-india.top/login,1
http://irctc-secure-now.free-india.pw/login,1
http://icici-reward-now.verify-india.tk/login,1
http://bob-suspend-now.kyc-india.ga/login,1
http://amazon-secure-now.win-india.click/login,1
http://trai-win-now.alert-india.buzz/login,1
http://pnb-win-now.verify-india.buzz/login,1
http://bob-reward-now.win-india.ga/login,1
http://jio-alert-now.verify-india.click/login,1
http://sbi-win-now.free-india.buzz/login,1
http://paytm-secure-now.suspend-india.work/login,1
http://paytm-secure-now.login-india.pw/login,1
http://uidai-free-now.kyc-india.xyz/login,1
http://axis-update-now.free-india.fun/login,1
http://bob-reward-now.win-india.pw/login,1
http://icici-block-now.login-india.top/login,1
http://phonepe-reward-now.secure-india.fun/login,1
http://kotak-block-now.block-india.buzz/login,1
http://bob-suspend-now.secure-india.fun/login,1
http://amazon-win-now.update-india.tk/login,1
http://uidai-claim-now.kyc-india.cf/login,1
http://gpay-win-now.reward-india.fun/login,1
http://kotak-verify-now.kyc-india.work/login,1
http://sbi-update-now.update-india.fun/login,1
http://amazon-block-now.reward-india.buzz/login,1
http://kotak-win-now.reward-india.ml/login,1
http://phonepe-claim-now.kyc-india.fun/login,1
http://paytm-login-now.alert-india.ml/login,1
http://trai-update-now.alert-india.pw/login,1
http://gpay-kyc-now.login-india.xyz/login,1
http://phonepe-login-now.secure-india.top/login,1
http://flipkart-free-now.suspend-india.tk/login,1
http://phonepe-update-now.secure-india.tk/login,1
http://bob-update-now.secure-india.tk/login,1
http://yesbank-verify-now.suspend-india.ga/login,1
http://irctc-alert-now.free-india.tk/login,1
http://sbi-verify-now.secure-india.xyz/login,1
http://uidai-verify-now.update-india.ga/login,1
http://trai-verify-now.reward-india.pw/login,1
http://trai-secure-now.alert-india.work/login,1
http://yesbank-suspend-now.reward-india.click/login,1
http://pnb-free-now.claim-india.click/login,1
http://jio-claim-now.free-india.top/login,1
http://bob-suspend-now.verify-india.click/login,1
http://yesbank-update-now.verify-india.work/login,1
http://bob-win-now.kyc-india.xyz/login,1
http://axis-block-now.secure-india.fun/login,1
http://jio-claim-now.alert-india.pw/login,1
http://irctc-block-now.reward-india.buzz/login,1
http://gpay-verify-now.free-india.click/login,1
http://sbi-free-now.claim-india.xyz/login,1
http://yesbank-free-now.alert-india.ga/login,1
http://irctc-reward-now.win-india.pw/login,1
http://icici-claim-now.reward-india.work/login,1
http://axis-win-now.reward-india.cf/login,1
http://gpay-win-now.kyc-india.loan/login,1
http://uidai-win-now.block-india.xyz/login,1
http://paytm-alert-now.update-india.cf/login,1
http://aadhaar-alert-now.kyc-india.work/login,1
http://axis-alert-now.free-india.loan/login,1
http://jio-login-now.login-india.ml/login,1
http://icici-update-now.reward-india.fun/login,1
http://sbi-kyc-now.claim-india.top/login,1
http://airtel-login-now.win-india.cf/login,1
http://irctc-free-now.update-india.buzz/login,1
http://paytm-block-now.free-india.fun/login,1
http://irctc-update-now.win-india.click/login,1
http://jio-suspend-now.suspend-india.tk/login,1
http://yesbank-reward-now.win-india.fun/login,1
http://bob-free-now.free-india.loan/login,1
http://amazon-login-now.login-india.cf/login,1
http://axis-secure-now.update-india.tk/login,1
http://icici-claim-now.win-india.pw/login,1
http://gpay-win-now.update-india.pw/login,1
http://pnb-kyc-now.claim-india.top/login,1
http://uidai-win-now.verify-india.cf/login,1
http://hdfc-suspend-now.block-india.ga/login,1
http://bob-reward-now.claim-india.click/login,1
http://paytm-block-now.free-india.pw/login,1
http://uidai-login-now.update-india.top/login,1
http://sbi-block-now.alert-india.click/login,1
http://paytm-secure-now.login-india.work/login,1
http://flipkart-kyc-now.suspend-india.cf/login,1
http://paytm-win-now.free-india.fun/login,1
http://hdfc-suspend-now.claim-india.cf/login,1
http://trai-win-now.update-india.cf/login,1
http://uidai-alert-now.free-india.ga/login,1
http://irctc-secure-now.win-india.top/login,1
http://hdfc-claim-now.kyc-india.fun/login,1
http://gpay-win-now.login-india.fun/login,1
http://hdfc-kyc-now.alert-india.fun/login,1
http://bob-secure-now.free-india.ml/login,1
http://sbi-block-now.reward-india.click/login,1
http://amazon-free-now.alert-india.click/login,1
http://bob-reward-now.update-india.loan/login,1
http://kotak-secure-now.win-india.ga/login,1
http://aadhaar-reward-now.update-india.ml/login,1
http://yesbank-suspend-now.verify-india.fun/login,1
http://kotak-alert-now.free-india.ml/login,1
http://uidai-kyc-now.alert-india.fun/login,1
http://irctc-secure-now.kyc-india.ga/login,1
http://gpay-win-now.login-india.fun/login,1
http://sbi-claim-now.win-india.pw/login,1
http://axis-free-now.kyc-india.top/login,1
http://amazon-free-now.kyc-india.xyz/login,1
http://axis-claim-now.alert-india.ml/login,1
http://hdfc-update-now.block-india.buzz/login,1
http://yesbank-suspend-now.reward-india.ml/login,1
http://bob-login-now.verify-india.tk/login,1
http://jio-reward-now.alert-india.cf/login,1
http://phonepe-free-now.win-india.top/login,1
http://icici-alert-now.free-india.top/login,1
http://airtel-free-now.free-india.work/login,1
http://pnb-verify-now.update-india.tk/login,1
http://icici-update-now.alert-india.buzz/login,1
http://trai-login-now.verify-india.pw/login,1
http://uidai-suspend-now.alert-india.cf/login,1
http://axis-suspend-now.kyc-india.top/login,1
http://irctc-free-now.win-india.top/login,1
http://kotak-suspend-now.kyc-india.tk/login,1
http://yesbank-update-now.win-india.loan/login,1
http://phonepe-reward-now.win-india.xyz/login,1
http://bob-block-now.block-india.loan/login,1
http://irctc-update-now.block-india.pw/login,1
http://aadhaar-win-now.free-india.tk/login,1
http://gpay-free-now.update-india.ml/login,1
http://phonepe-verify-now.block-india.work/login,1
http://yesbank-update-now.verify-india.ml/login,1
http://uidai-login-now.free-india.ml/login,1
http://icici-block-now.secure-india.xyz/login,1
http://icici-update-now.block-india.cf/login,1
http://pnb-block-now.kyc-india.top/login,1
http://sbi-login-now.secure-india.xyz/login,1
http://trai-secure-now.free-india.loan/login,1
http://flipkart-kyc-now.suspend-india.work/login,1
http://yesbank-block-now.claim-india.pw/login,1
http://aadhaar-block-now.login-india.fun/login,1
http://axis-free-now.verify-india.ga/login,1
http://hdfc-login-now.kyc-india.cf/login,1
http://gpay-kyc-now.suspend-india.loan/login,1
http://gpay-suspend-now.claim-india.cf/login,1
http://paytm-win-now.suspend-india.top/login,1
http://icici-block-now.secure-india.cf/login,1
http://bob-free-now.kyc-india.top/login,1
http://flipkart-update-now.secure-india.buzz/login,1
http://amazon-win-now.kyc-india.loan/login,1
http://gpay-update-now.free-india.fun/login,1
http://airtel-free-now.win-india.buzz/login,1
http://gpay-win-now.claim-india.pw/login,1
http://trai-suspend-now.kyc-india.top/login,1
http://paytm-claim-now.reward-india.top/login,1
http://sbi-suspend-now.login-india.tk/login,1
http://airtel-update-now.block-india.tk/login,1
http://aadhaar-reward-now.update-india.click/login,1
http://icici-claim-now.claim-india.cf/login,1
http://paytm-login-now.secure-india.xyz/login,1
http://axis-reward-now.login-india.top/login,1
http://axis-update-now.kyc-india.loan/login,1
http://kotak-suspend-now.alert-india.tk/login,1
http://trai-claim-now.win-india.pw/login,1
http://kotak-block-now.secure-india.pw/login,1
http://axis-verify-now.kyc-india.click/login,1
http://bob-kyc-now.claim-india.fun/login,1
http://aadhaar-block-now.suspend-india.top/login,1
http://irctc-suspend-now.kyc-india.cf/login,1
http://sbi-free-now.block-india.fun/login,1
http://paytm-free-now.kyc-india.ml/login,1
http://bob-suspend-now.win-india.cf/login,1
http://hdfc-win-now.free-india.click/login,1
http://jio-free-now.suspend-india.top/login,1
http://flipkart-kyc-now.alert-india.click/login,1
http://flipkart-block-now.secure-india.cf/login,1
http://amazon-block-now.win-india.ga/login,1
http://kotak-free-now.update-india.cf/login,1
http://amazon-claim-now.update-india.buzz/login,1
http://icici-update-now.win-india.ga/login,1
http://icici-kyc-now.suspend-india.xyz/login,1
http://icici-win-now.secure-india.loan/login,1
http://irctc-verify-now.reward-india.buzz/login,1
http://trai-win-now.kyc-india.work/login,1
http://irctc-block-now.free-india.buzz/login,1
http://aadhaar-win-now.update-india.top/login,1
http://sbi-suspend-now.login-india.fun/login,1
http://sbi-win-now.reward-india.fun/login,1
http://aadhaar-win-now.claim-india.ga/login,1
http://trai-free-now.suspend-india.xyz/login,1
http://flipkart-kyc-now.free-india.loan/login,1
http://jio-kyc-now.update-india.click/login,1
http://paytm-block-now.claim-india.xyz/login,1
http://amazon-alert-now.reward-india.ml/login,1
http://pnb-update-now.claim-india.buzz/login,1
http://jio-block-now.update-india.cf/login,1
http://kotak-alert-now.secure-india.cf/login,1
http://gpay-verify-now.win-india.buzz/login,1
http://uidai-reward-now.login-india.cf/login,1
http://trai-verify-now.alert-india.pw/login,1
http://irctc-verify-now.claim-india.xyz/login,1
http://flipkart-claim-now.secure-india.click/login,1
http://axis-verify-now.claim-india.fun/login,1
http://phonepe-reward-now.claim-india.xyz/login,1
http://axis-reward-now.alert-india.ga/login,1
http://icici-block-now.block-india.ml/login,1
http://amazon-update-now.alert-india.xyz/login,1
http://paytm-free-now.secure-india.ga/login,1
http://irctc-reward-now.claim-india.cf/login,1
http://pnb-reward-now.kyc-india.loan/login,1
http://airtel-update-now.alert-india.buzz/login,1
http://flipkart-kyc-now.kyc-india.click/login,1
http://amazon-verify-now.claim-india.fun/login,1
http://gpay-update-now.login-india.cf/login,1
http://hdfc-kyc-now.reward-india.top/login,1
http://yesbank-verify-now.kyc-india.buzz/login,1
http://gpay-alert-now.free-india.cf/login,1
http://axis-reward-now.alert-india.loan/login,1
http://irctc-free-now.win-india.ml/login,1
http://yesbank-reward-now.block-india.fun/login,1
http://bob-kyc-now.update-india.tk/login,1
http://sbi-kyc-now.kyc-india.click/login,1
http://trai-verify-now.free-india.ga/login,1
http://hdfc-free-now.claim-india.top/login,1
http://sbi-reward-now.alert-india.cf/login,1
http://kotak-alert-now.update-india.top/login,1
http://jio-suspend-now.kyc-india.fun/login,1
http://trai-kyc-now.login-india.cf/login,1
http://axis-secure-now.win-india.ga/login,1
http://amazon-login-now.alert-india.fun/login,1
http://axis-win-now.win-india.loan/login,1
http://phonepe-login-now.suspend-india.buzz/login,1
http://paytm-login-now.update-india.ml/login,1
http://bob-verify-now.secure-india.ga/login,1
http://paytm-reward-now.verify-india.pw/login,1
http://gpay-update-now.verify-india.top/login,1
http://amazon-block-now.secure-india.fun/login,1
http://jio-login-now.claim-india.top/login,1
http://irctc-verify-now.block-india.top/login,1
http://hdfc-secure-now.update-india.cf/login,1
http://pnb-secure-now.claim-india.fun/login,1
http://amazon-login-now.claim-india.xyz/login,1
http://phonepe-verify-now.verify-india.xyz/login,1
http://yesbank-login-now.secure-india.work/login,1
http://airtel-suspend-now.update-india.top/login,1
http://phonepe-secure-now.alert-india.click/login,1
http://yesbank-secure-now.update-india.tk/login,1
http://sbi-free-now.block-india.ml/login,1
http://yesbank-claim-now.win-india.click/login,1
http://uidai-block-now.suspend-india.click/login,1
http://jio-free-now.secure-india.ga/login,1
http://uidai-reward-now.update-india.tk/login,1
http://paytm-free-now.win-india.pw/login,1
http://axis-verify-now.suspend-india.buzz/login,1
http://gpay-login-now.win-india.work/login,1
http://axis-update-now.block-india.pw/login,1
http://yesbank-secure-now.win-india.work/login,1
http://gpay-block-now.win-india.ml/login,1
http://hdfc-kyc-now.login-india.top/login,1
http://aadhaar-win-now.secure-india.loan/login,1
http://pnb-claim-now.alert-india.buzz/login,1
http://axis-reward-now.update-india.work/login,1
http://amazon-block-now.block-india.xyz/login,1
http://phonepe-suspend-now.secure-india.fun/login,1
http://paytm-secure-now.verify-india.pw/login,1
http://hdfc-win-now.login-india.fun/login,1
http://bob-alert-now.free-india.loan/login,1
http://trai-update-now.kyc-india.work/login,1
http://trai-reward-now.block-india.top/login,1
http://bob-suspend-now.secure-india.ga/login,1
http://phonepe-verify-now.kyc-india.pw/login,1
http://gpay-suspend-now.win-india.xyz/login,1
http://trai-alert-now.block-india.fun/login,1
http://trai-secure-now.secure-india.ga/login,1
http://kotak-win-now.secure-india.loan/login,1
http://axis-kyc-now.login-india.xyz/login,1
http://aadhaar-login-now.secure-india.xyz/login,1
http://paytm-secure-now.kyc-india.cf/login,1
http://hdfc-free-now.login-india.ga/login,1
http://aadhaar-update-now.verify-india.buzz/login,1
http://pnb-free-now.suspend-india.click/login,1
http://yesbank-update-now.win-india.loan/login,1
http://airtel-win-now.kyc-india.top/login,1
http://kotak-claim-now.verify-india.buzz/login,1
http://sbi-claim-now.login-india.fun/login,1
http://airtel-kyc-now.secure-india.xyz/login,1
http://aadhaar-free-now.suspend-india.tk/login,1
http://bob-free-now.secure-india.buzz/login,1
http://aadhaar-login-now.alert-india.ga/login,1
http://yesbank-secure-now.login-india.pw/login,1
http://bob-kyc-now.alert-india.ga/login,1
http://amazon-claim-now.kyc-india.work/login,1
http://icici-alert-now.kyc-india.work/login,1
http://phonepe-kyc-now.login-india.pw/login,1
http://irctc-win-now.kyc-india.buzz/login,1
http://kotak-verify-now.secure-india.ml/login,1
http://phonepe-reward-now.free-india.pw/login,1
http://gpay-update-now.kyc-india.tk/login,1
http://amazon-login-now.alert-india.buzz/login,1
http://bob-update-now.win-india.loan/login,1
http://paytm-win-now.verify-india.pw/login,1
http://axis-reward-now.reward-india.xyz/login,1
http://axis-verify-now.free-india.xyz/login,1
http://paytm-login-now.update-india.cf/login,1
http://paytm-free-now.suspend-india.xyz/login,1
http://sbi-update-now.block-india.fun/login,1
http://yesbank-win-now.update-india.ga/login,1
http://paytm-alert-now.suspend-india.work/login,1
http://phonepe-secure-now.claim-india.work/login,1
http://paytm-login-now.verify-india.loan/login,1
http://airtel-free-now.block-india.tk/login,1
http://sbi-verify-now.update-india.loan/login,1
http://kotak-update-now.block-india.top/login,1
http://paytm-verify-now.login-india.xyz/login,1
http://jio-reward-now.reward-india.ml/login,1
http://pnb-free-now.secure-india.ga/login,1
http://bob-free-now.win-india.tk/login,1
http://irctc-kyc-now.update-india.ga/login,1
http://axis-secure-now.claim-india.tk/login,1
http://yesbank-update-now.claim-india.tk/login,1
http://hdfc-suspend-now.kyc-india.ml/login,1
http://amazon-block-now.claim-india.pw/login,1
http://phonepe-free-now.reward-india.ml/login,1
http://kotak-suspend-now.secure-india.click/login,1
http://axis-secure-now.alert-india.buzz/login,1
http://pnb-secure-now.win-india.tk/login,1
http://sbi-kyc-now.free-india.ml/login,1
http://yesbank-kyc-now.reward-india.work/login,1
http://irctc-update-now.update-india.pw/login,1
http://amazon-win-now.secure-india.ml/login,1
http://icici-claim-now.kyc-india.ml/login,1
http://bob-claim-now.claim-india.work/login,1
http://amazon-alert-now.win-india.top/login,1
http://yesbank-kyc-now.free-india.ga/login,1
http://bob-reward-now.block-india.work/login,1
http://aadhaar-block-now.alert-india.loan/login,1
http://aadhaar-login-now.reward-india.tk/login,1
http://uidai-win-now.reward-india.loan/login,1
http://uidai-win-now.win-india.ga/login,1
http://icici-login-now.claim-india.xyz/login,1
http://gpay-verify-now.claim-india.loan/login,1
http://irctc-kyc-now.update-india.xyz/login,1
http://pnb-claim-now.kyc-india.cf/login,1
http://flipkart-kyc-now.block-india.top/login,1
http://jio-login-now.login-india.xyz/login,1
http://paytm-update-now.win-india.fun/login,1
http://paytm-reward-now.win-india.xyz/login,1
http://amazon-claim-now.verify-india.fun/login,1
http://axis-free-now.suspend-india.tk/login,1
http://irctc-suspend-now.kyc-india.xyz/login,1
http://paytm-claim-now.kyc-india.tk/login,1
http://jio-update-now.verify-india.pw/login,1
http://amazon-kyc-now.kyc-india.work/login,1
http://paytm-win-now.block-india.fun/login,1
http://kotak-alert-now.reward-india.fun/login,1
http://yesbank-alert-now.free-india.fun/login,1
http://sbi-secure-now.update-india.ml/login,1
http://hdfc-free-now.verify-india.pw/login,1
http://phonepe-block-now.kyc-india.xyz/login,1
http://bob-reward-now.free-india.work/login,1
http://aadhaar-win-now.secure-india.pw/login,1
http://trai-secure-now.win-india.ga/login,1
http://amazon-kyc-now.secure-india.tk/login,1
http://trai-reward-now.kyc-india.fun/login,1
http://gpay-reward-now.suspend-india.xyz/login,1
http://jio-reward-now.kyc-india.fun/login,1
http://aadhaar-suspend-now.update-india.fun/login,1
http://flipkart-alert-now.claim-india.buzz/login,1
http://bob-reward-now.kyc-india.xyz/login,1
http://pnb-free-now.reward-india.ga/login,1
http://airtel-update-now.update-india.tk/login,1
http://pnb-suspend-now.claim-india.xyz/login,1
http://jio-secure-now.kyc-india.loan/login,1
http://axis-update-now.login-india.pw/login,1
http://sbi-secure-now.login-india.loan/login,1
http://gpay-free-now.verify-india.ga/login,1
http://airtel-update-now.suspend-india.pw/login,1
http://hdfc-suspend-now.alert-india.xyz/login,1
http://hdfc-claim-now.update-india.cf/login,1
http://sbi-claim-now.secure-india.top/login,1
http://trai-login-now.claim-india.top/login,1
http://pnb-kyc-now.win-india.buzz/login,1
http://axis-claim-now.reward-india.fun/login,1
http://trai-update-now.block-india.ml/login,1
http://sbi-suspend-now.reward-india.work/login,1
http://uidai-verify-now.secure-india.ml/login,1
http://paytm-free-now.alert-india.tk/login,1
http://icici-win-now.login-india.ga/login,1
http://paytm-win-now.kyc-india.loan/login,1
http://trai-win-now.suspend-india.buzz/login,1
http://trai-claim-now.alert-india.ml/login,1
http://yesbank-secure-now.claim-india.pw/login,1
http://amazon-verify-now.win-india.buzz/login,1
http://bob-login-now.login-india.pw/login,1
http://icici-kyc-now.suspend-india.buzz/login,1
http://irctc-update-now.verify-india.ml/login,1
http://kotak-block-now.update-india.work/login,1
http://axis-alert-now.claim-india.ml/login,1
http://kotak-kyc-now.update-india.cf/login,1
http://uidai-claim-now.claim-india.tk/login,1
http://icici-kyc-now.win-india.work/login,1
http://airtel-alert-now.secure-india.work/login,1
http://paytm-update-now.suspend-india.work/login,1
http://hdfc-claim-now.secure-india.top/login,1
http://amazon-suspend-now.free-india.ml/login,1
http://flipkart-claim-now.block-india.pw/login,1
http://yesbank-claim-now.update-india.buzz/login,1
http://amazon-block-now.alert-india.cf/login,1
http://hdfc-suspend-now.free-india.xyz/login,1
http://jio-win-now.block-india.xyz/login,1
http://paytm-update-now.secure-india.top/login,1
http://phonepe-suspend-now.reward-india.tk/login,1
http://jio-reward-now.alert-india.buzz/login,1
http://icici-claim-now.alert-india.work/login,1
http://aadhaar-alert-now.update-india.tk/login,1
http://phonepe-win-now.update-india.top/login,1
http://amazon-login-now.reward-india.click/login,1
http://icici-claim-now.claim-india.pw/login,1
http://irctc-login-now.win-india.fun/login,1
http://irctc-update-now.secure-india.work/login,1
http://hdfc-block-now.kyc-india.work/login,1
http://paytm-free-now.login-india.click/login,1
http://uidai-verify-now.suspend-india.top/login,1
http://hdfc-claim-now.reward-india.work/login,1
http://gpay-verify-now.login-india.xyz/login,1
http://amazon-secure-now.secure-india.buzz/login,1
http://phonepe-update-now.kyc-india.tk/login,1
http://airtel-reward-now.update-india.cf/login,1
http://flipkart-reward-now.block-india.ga/login,1
http://airtel-kyc-now.verify-india.tk/login,1
http://amazon-claim-now.secure-india.ml/login,1
http://gpay-claim-now.reward-india.work/login,1
http://irctc-block-now.win-india.ml/login,1
http://amazon-claim-now.win-india.pw/login,1
http://bob-verify-now.block-india.pw/login,1
http://gpay-update-now.win-india.buzz/login,1
http://uidai-suspend-now.kyc-india.click/login,1
http://yesbank-verify-now.kyc-india.work/login,1
http://paytm-alert-now.claim-india.tk/login,1
http://amazon-secure-now.block-india.fun/login,1
http://sbi-alert-now.kyc-india.buzz/login,1
http://flipkart-free-now.suspend-india.tk/login,1
http://hdfc-login-now.win-india.ga/login,1
http://amazon-win-now.block-india.ml/login,1
http://bob-login-now.claim-india.ga/login,1
http://gpay-free-now.suspend-india.xyz/login,1
http://pnb-claim-now.verify-india.cf/login,1
http://kotak-block-now.update-india.fun/login,1
http://irctc-free-now.alert-india.top/login,1
http://amazon-claim-now.claim-india.loan/login,1
http://amazon-block-now.claim-india.tk/login,1
http://phonepe-alert-now.reward-india.click/login,1
http://phonepe-block-now.suspend-india.ml/login,1
http://aadhaar-reward-now.reward-india.cf/login,1
http://amazon-free-now.secure-india.fun/login,1
http://axis-update-now.update-india.tk/login,1
http://sbi-suspend-now.reward-india.tk/login,1
http://irctc-win-now.suspend-india.loan/login,1
http://axis-free-now.alert-india.loan/login,1
http://uidai-verify-now.free-india.cf/login,1
http://amazon-login-now.login-india.work/login,1
http://aadhaar-reward-now.update-india.ga/login,1
http://irctc-update-now.claim-india.work/login,1
http://amazon-free-now.win-india.fun/login,1
http://bob-verify-now.claim-india.ga/login,1
http://trai-secure-now.secure-india.buzz/login,1
http://airtel-secure-now.reward-india.buzz/login,1
http://jio-verify-now.reward-india.xyz/login,1
http://sbi-verify-now.kyc-india.click/login,1
http://trai-win-now.suspend-india.click/login,1
http://yesbank-kyc-now.suspend-india.top/login,1
http://jio-block-now.reward-india.ga/login,1
http://bob-verify-now.suspend-india.top/login,1
http://paytm-free-now.reward-india.fun/login,1
http://phonepe-reward-now.claim-india.loan/login,1
http://phonepe-reward-now.login-india.tk/login,1
http://paytm-block-now.update-india.buzz/login,1
http://uidai-reward-now.free-india.cf/login,1
http://aadhaar-kyc-now.claim-india.ga/login,1
http://icici-update-now.verify-india.top/login,1
http://sbi-free-now.suspend-india.ml/login,1
http://sbi-suspend-now.win-india.loan/login,1
http://icici-suspend-now.reward-india.xyz/login,1
http://paytm-alert-now.free-india.buzz/login,1
http://pnb-kyc-now.login-india.buzz/login,1
http://jio-secure-now.login-india.loan/login,1
http://jio-win-now.reward-india.cf/login,1
http://hdfc-secure-now.update-india.ml/login,1
http://sbi-free-now.suspend-india.tk/login,1
http://axis-alert-now.suspend-india.tk/login,1
http://axis-kyc-now.secure-india.cf/login,1
http://phonepe-update-now.update-india.work/login,1
http://pnb-login-now.reward-india.tk/login,1
http://irctc-verify-now.reward-india.tk/login,1
http://irctc-free-now.update-india.ga/login,1
http://amazon-reward-now.claim-india.buzz/login,1
http://flipkart-kyc-now.kyc-india.cf/login,1
http://sbi-kyc-now.free-india.pw/login,1
http://hdfc-update-now.claim-india.click/login,1
http://irctc-suspend-now.suspend-india.loan/login,1
http://sbi-kyc-now.block-india.fun/login,1
http://airtel-update-now.login-india.pw/login,1
http://sbi-block-now.verify-india.loan/login,1
http://trai-kyc-now.login-india.click/login,1
http://axis-login-now.verify-india.click/login,1
http://paytm-login-now.update-india.fun/login,1
http://paytm-secure-now.secure-india.work/login,1
http://gpay-update-now.claim-india.fun/login,1
http://aadhaar-free-now.secure-india.work/login,1
http://irctc-reward-now.block-india.top/login,1
http://gpay-secure-now.kyc-india.ga/login,1
http://airtel-reward-now.update-india.pw/login,1
http://uidai-secure-now.kyc-india.ga/login,1
http://irctc-reward-now.alert-india.top/login,1
http://airtel-claim-now.suspend-india.tk/login,1
http://bob-reward-now.login-india.pw/login,1
http://pnb-claim-now.free-india.tk/login,1
http://flipkart-kyc-now.verify-india.loan/login,1
http://airtel-suspend-now.reward-india.cf/login,1
http://trai-claim-now.reward-india.xyz/login,1
http://axis-kyc-now.claim-india.top/login,1
http://phonepe-claim-now.login-india.tk/login,1
http://gpay-free-now.claim-india.click/login,1
http://paytm-claim-now.update-india.xyz/login,1
http://yesbank-win-now.verify-india.fun/login,1
http://yesbank-login-now.alert-india.pw/login,1
http://yesbank-login-now.block-india.tk/login,1
http://bob-secure-now.suspend-india.ga/login,1
http://trai-login-now.update-india.loan/login,1
http://airtel-win-now.suspend-india.buzz/login,1
http://icici-suspend-now.free-india.top/login,1
http://amazon-claim-now.claim-india.ga/login,1
http://gpay-verify-now.alert-india.work/login,1
http://hdfc-secure-now.reward-india.tk/login,1
http://axis-alert-now.kyc-india.pw/login,1
http://yesbank-suspend-now.reward-india.ga/login,1
http://uidai-verify-now.secure-india.xyz/login,1
http://uidai-verify-now.alert-india.cf/login,1
http://paytm-reward-now.verify-india.loan/login,1
http://trai-verify-now.claim-india.buzz/login,1
http://sbi-update-now.alert-india.tk/login,1
http://amazon-win-now.secure-india.cf/login,1
http://yesbank-claim-now.reward-india.tk/login,1
http://aadhaar-claim-now.alert-india.pw/login,1
http://hdfc-reward-now.secure-india.fun/login,1
http://flipkart-alert-now.free-india.tk/login,1
http://pnb-suspend-now.update-india.xyz/login,1
http://jio-verify-now.verify-india.ml/login,1
http://axis-claim-now.win-india.fun/login,1
http://amazon-login-now.kyc-india.tk/login,1
http://gpay-win-now.claim-india.loan/login,1
http://sbi-win-now.verify-india.cf/login,1
http://hdfc-update-now.verify-india.cf/login,1
http://icici-secure-now.claim-india.fun/login,1
http://bob-secure-now.win-india.ml/login,1
http://paytm-suspend-now.alert-india.tk/login,1
http://paytm-claim-now.kyc-india.pw/login,1
http://amazon-free-now.alert-india.buzz/login,1
http://axis-block-now.block-india.ga/login,1
http://uidai-alert-now.free-india.work/login,1
http://airtel-claim-now.win-india.work/login,1
http://jio-update-now.secure-india.cf/login,1
http://icici-claim-now.block-india.ga/login,1
http://gpay-win-now.update-india.tk/login,1
http://irctc-verify-now.login-india.xyz/login,1
http://gpay-alert-now.reward-india.ga/login,1
http://irctc-update-now.claim-india.ga/login,1
http://uidai-block-now.block-india.click/login,1
http://kotak-win-now.alert-india.buzz/login,1
http://paytm-block-now.update-india.ml/login,1
http://jio-claim-now.reward-india.work/login,1
http://trai-login-now.reward-india.ga/login,1
http://icici-secure-now.reward-india.ml/login,1
http://kotak-suspend-now.free-india.tk/login,1
http://paytm-alert-now.update-india.fun/login,1
http://axis-login-now.verify-india.work/login,1
http://phonepe-secure-now.verify-india.work/login,1
http://trai-alert-now.claim-india.cf/login,1
http://axis-block-now.update-india.click/login,1
http://amazon-login-now.kyc-india.top/login,1
http://trai-reward-now.block-india.click/login,1
http://hdfc-alert-now.secure-india.click/login,1
http://axis-verify-now.free-india.top/login,1
http://amazon-login-now.secure-india.ga/login,1
http://bob-kyc-now.suspend-india.cf/login,1
http://trai-suspend-now.alert-india.loan/login,1
http://amazon-update-now.free-india.xyz/login,1
http://jio-update-now.login-india.tk/login,1
http://hdfc-verify-now.suspend-india.cf/login,1
http://jio-update-now.block-india.tk/login,1
http://airtel-login-now.suspend-india.fun/login,1
http://bob-reward-now.reward-india.tk/login,1
http://jio-win-now.win-india.cf/login,1
http://irctc-login-now.kyc-india.ga/login,1
http://pnb-free-now.secure-india.fun/login,1
http://kotak-win-now.verify-india.tk/login,1
http://phonepe-block-now.win-india.pw/login,1
http://irctc-win-now.secure-india.fun/login,1
http://jio-kyc-now.claim-india.buzz/login,1
http://icici-kyc-now.kyc-india.click/login,1
http://flipkart-kyc-now.verify-india.buzz/login,1
http://irctc-reward-now.claim-india.xyz/login,1
http://phonepe-secure-now.update-india.ml/login,1
http://sbi-suspend-now.claim-india.work/login,1
http://uidai-verify-now.alert-india.ga/login,1
http://irctc-update-now.verify-india.xyz/login,1
http://uidai-free-now.secure-india.ga/login,1
http://trai-block-now.kyc-india.ml/login,1
http://axis-update-now.secure-india.fun/login,1
http://yesbank-alert-now.alert-india.fun/login,1
http://pnb-block-now.secure-india.buzz/login,1
http://irctc-secure-now.claim-india.work/login,1
http://sbi-claim-now.secure-india.fun/login,1
http://yesbank-block-now.free-india.pw/login,1
http://irctc-update-now.secure-india.buzz/login,1
http://trai-win-now.free-india.xyz/login,1
http://paytm-reward-now.login-india.buzz/login,1
http://paytm-claim-now.alert-india.xyz/login,1
http://jio-suspend-now.win-india.fun/login,1
http://amazon-claim-now.login-india.fun/login,1
http://icici-login-now.reward-india.buzz/login,1
http://axis-secure-now.free-india.buzz/login,1
http://aadhaar-alert-now.block-india.ml/login,1
http://airtel-free-now.claim-india.click/login,1
http://bob-suspend-now.reward-india.cf/login,1
http://kotak-login-now.verify-india.pw/login,1
http://trai-win-now.claim-india.pw/login,1
http://axis-reward-now.alert-india.pw/login,1
http://pnb-secure-now.update-india.xyz/login,1
http://irctc-free-now.kyc-india.work/login,1
http://paytm-block-now.secure-india.pw/login,1
http://aadhaar-free-now.kyc-india.cf/login,1
http://irctc-secure-now.update-india.cf/login,1
http://sbi-alert-now.verify-india.ga/login,1
http://kotak-suspend-now.update-india.xyz/login,1
http://irctc-secure-now.verify-india.top/login,1
http://pnb-free-now.verify-india.xyz/login,1
http://airtel-kyc-now.claim-india.cf/login,1
http://trai-free-now.block-india.ml/login,1
http://icici-win-now.secure-india.ml/login,1
http://gpay-reward-now.suspend-india.tk/login,1
http://kotak-login-now.verify-india.work/login,1
http://pnb-login-now.free-india.buzz/login,1
http://bob-reward-now.reward-india.tk/login,1
http://airtel-secure-now.suspend-india.cf/login,1
http://phonepe-suspend-now.reward-india.buzz/login,1
http://yesbank-suspend-now.kyc-india.buzz/login,1
http://gpay-secure-now.kyc-india.top/login,1
http://aadhaar-login-now.secure-india.cf/login,1
http://icici-secure-now.suspend-india.buzz/login,1
http://flipkart-block-now.kyc-india.top/login,1
http://amazon-update-now.kyc-india.loan/login,1
http://flipkart-win-now.claim-india.loan/login,1
http://pnb-alert-now.claim-india.top/login,1
http://flipkart-reward-now.reward-india.work/login,1
http://sbi-block-now.verify-india.top/login,1
http://icici-kyc-now.suspend-india.cf/login,1
http://jio-suspend-now.block-india.click/login,1
http://paytm-suspend-now.block-india.pw/login,1
http://kotak-verify-now.reward-india.ml/login,1
http://bob-free-now.verify-india.work/login,1
http://trai-alert-now.verify-india.tk/login,1
http://hdfc-secure-now.free-india.tk/login,1
http://yesbank-suspend-now.update-india.cf/login,1
http://uidai-alert-now.win-india.click/login,1
http://hdfc-update-now.win-india.pw/login,1
http://trai-win-now.win-india.xyz/login,1
http://gpay-block-now.kyc-india.loan/login,1
http://irctc-kyc-now.login-india.buzz/login,1
http://paytm-secure-now.free-india.cf/login,1
http://sbi-alert-now.suspend-india.fun/login,1
http://gpay-update-now.update-india.xyz/login,1
http://paytm-suspend-now.update-india.loan/login,1
http://axis-login-now.login-india.tk/login,1
http://irctc-verify-now.block-india.work/login,1
http://bob-verify-now.update-india.cf/login,1
http://bob-alert-now.kyc-india.ga/login,1
http://aadhaar-secure-now.suspend-india.buzz/login,1
http://flipkart-free-now.suspend-india.tk/login,1
http://amazon-kyc-now.free-india.xyz/login,1
http://phonepe-kyc-now.win-india.buzz/login,1
http://jio-kyc-now.block-india.fun/login,1
http://aadhaar-login-now.alert-india.work/login,1
http://kotak-secure-now.free-india.tk/login,1
http://uidai-alert-now.claim-india.buzz/login,1
http://airtel-reward-now.reward-india.fun/login,1
http://axis-alert-now.reward-india.top/login,1
http://paytm-verify-now.secure-india.work/login,1
http://axis-suspend-now.reward-india.xyz/login,1
http://uidai-secure-now.verify-india.buzz/login,1
http://flipkart-verify-now.claim-india.ml/login,1
http://flipkart-win-now.alert-india.cf/login,1
http://sbi-kyc-now.claim-india.loan/login,1
http://trai-login-now.claim-india.fun/login,1
http://trai-reward-now.block-india.tk/login,1
http://phonepe-free-now.kyc-india.click/login,1
http://uidai-claim-now.alert-india.fun/login,1
http://paytm-secure-now.free-india.cf/login,1
http://bob-update-now.free-india.work/login,1
http://bob-alert-now.suspend-india.buzz/login,1
http://phonepe-suspend-now.win-india.loan/login,1
http://trai-secure-now.kyc-india.fun/login,1
http://yesbank-suspend-now.suspend-india.click/login,1
http://uidai-suspend-now.reward-india.tk/login,1
http://hdfc-verify-now.win-india.ml/login,1
http://jio-update-now.free-india.tk/login,1
http://irctc-free-now.alert-india.click/login,1
http://jio-win-now.login-india.tk/login,1
http://phonepe-win-now.reward-india.top/login,1
http://icici-verify-now.suspend-india.cf/login,1
http://axis-verify-now.win-india.tk/login,1
http://flipkart-claim-now.suspend-india.buzz/login,1
http://sbi-kyc-now.claim-india.tk/login,1
http://flipkart-reward-now.kyc-india.buzz/login,1
http://uidai-block-now.login-india.ga/login,1
http://airtel-alert-now.alert-india.buzz/login,1
http://kotak-login-now.login-india.fun/login,1
http://phonepe-reward-now.block-india.ga/login,1
http://icici-suspend-now.verify-india.buzz/login,1
http://axis-login-now.verify-india.ml/login,1
http://sbi-claim-now.reward-india.pw/login,1
http://aadhaar-update-now.claim-india.ml/login,1
http://trai-alert-now.login-india.ga/login,1
http://uidai-alert-now.block-india.click/login,1
http://pnb-suspend-now.block-india.ml/login,1
http://icici-alert-now.reward-india.buzz/login,1
http://bob-update-now.suspend-india.tk/login,1
http://paytm-block-now.secure-india.tk/login,1
http://axis-alert-now.login-india.xyz/login,1
http://aadhaar-claim-now.verify-india.ga/login,1
http://kotak-secure-now.reward-india.fun/login,1
http://pnb-update-now.kyc-india.cf/login,1
http://icici-block-now.suspend-india.ga/login,1
http://trai-suspend-now.block-india.cf/login,1
http://bob-suspend-now.verify-india.loan/login,1
http://axis-suspend-now.alert-india.cf/login,1
http://sbi-verify-now.claim-india.top/login,1
http://airtel-login-now.claim-india.xyz/login,1
http://paytm-login-now.block-india.fun/login,1
http://yesbank-free-now.verify-india.ga/login,1
http://irctc-update-now.suspend-india.pw/login,1
http://hdfc-claim-now.update-india.top/login,1
http://icici-block-now.alert-india.ml/login,1
http://airtel-win-now.verify-india.tk/login,1
http://hdfc-alert-now.block-india.ga/login,1
http://pnb-reward-now.alert-india.cf/login,1
http://jio-verify-now.verify-india.xyz/login,1
http://gpay-block-now.suspend-india.top/login,1
http://sbi-block-now.alert-india.xyz/login,1
http://bob-reward-now.win-india.ml/login,1
http://amazon-win-now.reward-india.loan/login,1
http://paytm-update-now.alert-india.tk/login,1
http://pnb-claim-now.login-india.click/login,1
http://amazon-verify-now.login-india.ga/login,1
http://icici-suspend-now.verify-india.ga/login,1
http://amazon-win-now.block-india.pw/login,1
http://hdfc-verify-now.win-india.ga/login,1
http://hdfc-update-now.verify-india.ml/login,1
http://flipkart-kyc-now.secure-india.xyz/login,1
http://yesbank-claim-now.suspend-india.buzz/login,1
http://jio-secure-now.kyc-india.pw/login,1
http://bob-alert-now.free-india.tk/login,1
http://icici-update-now.secure-india.loan/login,1
http://gpay-alert-now.win-india.fun/login,1
http://pnb-login-now.alert-india.fun/login,1
http://kotak-claim-now.block-india.cf/login,1
http://jio-block-now.secure-india.click/login,1
http://aadhaar-block-now.update-india.xyz/login,1
http://pnb-reward-now.win-india.pw/login,1
http://irctc-secure-now.update-india.ga/login,1
http://paytm-block-now.login-india.cf/login,1
http://aadhaar-login-now.update-india.click/login,1
http://paytm-verify-now.login-india.fun/login,1
http://flipkart-free-now.alert-india.tk/login,1
http://sbi-alert-now.verify-india.cf/login,1
http://airtel-suspend-now.reward-india.cf/login,1
http://icici-verify-now.secure-india.pw/login,1
http://bob-alert-now.verify-india.top/login,1
http://bob-alert-now.verify-india.ga/login,1
http://gpay-reward-now.kyc-india.buzz/login,1
http://amazon-block-now.verify-india.buzz/login,1
http://kotak-verify-now.block-india.click/login,1
http://sbi-suspend-now.claim-india.cf/login,1
http://uidai-login-now.verify-india.click/login,1
http://amazon-reward-now.win-india.fun/login,1
http://hdfc-update-now.block-india.top/login,1
http://kotak-block-now.alert-india.top/login,1
http://uidai-win-now.suspend-india.loan/login,1
http://airtel-kyc-now.reward-india.work/login,1
http://jio-kyc-now.verify-india.cf/login,1
http://airtel-update-now.login-india.loan/login,1
http://kotak-claim-now.suspend-india.top/login,1
http://hdfc-suspend-now.secure-india.click/login,1
http://airtel-free-now.secure-india.buzz/login,1
http://sbi-update-now.secure-india.pw/login,1
http://yesbank-secure-now.kyc-india.work/login,1
http://flipkart-verify-now.alert-india.xyz/login,1
http://flipkart-verify-now.claim-india.work/login,1
http://aadhaar-login-now.reward-india.xyz/login,1
http://uidai-update-now.secure-india.pw/login,1
http://aadhaar-claim-now.update-india.work/login,1
http://phonepe-secure-now.secure-india.cf/login,1
http://irctc-kyc-now.login-india.buzz/login,1
http://phonepe-kyc-now.suspend-india.buzz/login,1
http://hdfc-login-now.update-india.buzz/login,1
http://hdfc-kyc-now.free-india.loan/login,1
http://flipkart-suspend-now.claim-india.xyz/login,1
http://aadhaar-win-now.login-india.xyz/login,1
http://airtel-secure-now.verify-india.buzz/login,1
http://pnb-block-now.win-india.xyz/login,1
http://jio-claim-now.update-india.tk/login,1
http://trai-alert-now.update-india.loan/login,1
http://icici-login-now.login-india.click/login,1
http://uidai-claim-now.free-india.top/login,1
http://icici-free-now.reward-india.cf/login,1
http://paytm-verify-now.claim-india.pw/login,1
http://pnb-claim-now.reward-india.buzz/login,1
http://pnb-alert-now.secure-india.pw/login,1
http://sbi-kyc-now.claim-india.xyz/login,1
http://kotak-kyc-now.suspend-india.xyz/login,1
http://axis-suspend-now.login-india.click/login,1
http://trai-win-now.win-india.loan/login,1
http://uidai-win-now.claim-india.ga/login,1
http://bob-suspend-now.verify-india.buzz/login,1
http://paytm-reward-now.free-india.tk/login,1
http://icici-login-now.suspend-india.loan/login,1
http://uidai-free-now.block-india.fun/login,1
http://amazon-block-now.win-india.tk/login,1
http://trai-verify-now.suspend-india.work/login,1
http://trai-block-now.alert-india.click/login,1
http://airtel-login-now.suspend-india.cf/login,1
http://jio-claim-now.login-india.click/login,1
http://jio-alert-now.claim-india.fun/login,1
http://axis-win-now.login-india.work/login,1
http://amazon-claim-now.update-india.click/login,1
http://aadhaar-block-now.update-india.click/login,1
http://irctc-suspend-now.login-india.work/login,1
http://amazon-login-now.suspend-india.ml/login,1
http://aadhaar-login-now.reward-india.buzz/login,1
http://uidai-free-now.kyc-india.pw/login,1
http://airtel-secure-now.claim-india.click/login,1
http://axis-update-now.reward-india.top/login,1
http://trai-kyc-now.suspend-india.work/login,1
http://gpay-kyc-now.alert-india.xyz/login,1
http://phonepe-update-now.reward-india.cf/login,1
http://aadhaar-win-now.alert-india.fun/login,1
http://axis-kyc-now.verify-india.top/login,1
http://sbi-win-now.kyc-india.tk/login,1
http://paytm-block-now.block-india.top/login,1
http://amazon-claim-now.kyc-india.top/login,1
http://aadhaar-login-now.win-india.cf/login,1
http://axis-claim-now.claim-india.pw/login,1
http://axis-win-now.verify-india.tk/login,1
http://pnb-alert-now.reward-india.buzz/login,1
http://flipkart-win-now.reward-india.cf/login,1
http://irctc-win-now.kyc-india.fun/login,1
http://phonepe-win-now.suspend-india.loan/login,1
http://icici-kyc-now.verify-india.pw/login,1
http://uidai-claim-now.free-india.buzz/login,1
http://flipkart-reward-now.claim-india.work/login,1
http://phonepe-block-now.win-india.pw/login,1
http://airtel-update-now.login-india.cf/login,1
http://irctc-claim-now.verify-india.pw/login,1
http://trai-block-now.suspend-india.loan/login,1
http://amazon-secure-now.claim-india.top/login,1
http://yesbank-kyc-now.kyc-india.xyz/login,1
http://gpay-reward-now.block-india.cf/login,1
http://uidai-suspend-now.claim-india.tk/login,1
http://pnb-secure-now.kyc-india.tk/login,1
http://kotak-secure-now.alert-india.work/login,1
http://jio-kyc-now.secure-india.cf/login,1
http://axis-login-now.free-india.cf/login,1
http://paytm-update-now.login-india.loan/login,1
http://trai-kyc-now.verify-india.pw/login,1
http://hdfc-block-now.block-india.ga/login,1
http://sbi-alert-now.verify-india.click/login,1
http://gpay-secure-now.suspend-india.top/login,1
http://flipkart-block-now.kyc-india.work/login,1
http://kotak-update-now.win-india.fun/login,1
http://axis-alert-now.reward-india.work/login,1
http://airtel-update-now.kyc-india.cf/login,1
http://axis-claim-now.update-india.fun/login,1
http://jio-win-now.update-india.click/login,1
http://phonepe-block-now.claim-india.cf/login,1
http://flipkart-free-now.win-india.loan/login,1
http://icici-win-now.win-india.click/login,1
http://hdfc-reward-now.update-india.fun/login,1
http://trai-claim-now.login-india.loan/login,1
http://hdfc-free-now.free-india.xyz/login,1
http://jio-kyc-now.suspend-india.top/login,1
http://jio-free-now.login-india.cf/login,1
http://irctc-kyc-now.alert-india.ml/login,1
http://irctc-secure-now.kyc-india.ga/login,1
http://icici-block-now.win-india.fun/login,1
http://gpay-verify-now.reward-india.tk/login,1
http://irctc-block-now.suspend-india.ga/login,1
http://phonepe-verify-now.reward-india.fun/login,1
http://airtel-suspend-now.reward-india.buzz/login,1
http://uidai-login-now.free-india.click/login,1
http://irctc-block-now.free-india.ml/login,1
http://kotak-login-now.secure-india.buzz/login,1
http://irctc-alert-now.free-india.top/login,1
http://pnb-block-now.alert-india.cf/login,1
http://axis-login-now.update-india.cf/login,1
http://amazon-alert-now.claim-india.ga/login,1
http://amazon-update-now.kyc-india.work/login,1
http://yesbank-free-now.update-india.click/login,1
http://bob-win-now.kyc-india.work/login,1
http://irctc-suspend-now.reward-india.buzz/login,1
http://jio-verify-now.secure-india.cf/login,1
http://trai-login-now.reward-india.xyz/login,1
http://aadhaar-claim-now.secure-india.buzz/login,1
http://yesbank-reward-now.reward-india.work/login,1
http://amazon-reward-now.secure-india.xyz/login,1
http://airtel-alert-now.win-india.ga/login,1
http://yesbank-free-now.verify-india.cf/login,1
http://flipkart-reward-now.login-india.pw/login,1
http://phonepe-block-now.login-india.buzz/login,1
http://axis-suspend-now.suspend-india.click/login,1
http://paytm-suspend-now.block-india.xyz/login,1
http://sbi-reward-now.update-india.fun/login,1
http://yesbank-claim-now.block-india.tk/login,1
http://hdfc-block-now.login-india.click/login,1
http://aadhaar-login-now.kyc-india.loan/login,1
http://bob-win-now.login-india.cf/login,1
http://phonepe-claim-now.claim-india.top/login,1
http://gpay-block-now.win-india.ga/login,1
http://sbi-verify-now.verify-india.loan/login,1
http://axis-block-now.reward-india.work/login,1
http://hdfc-kyc-now.secure-india.cf/login,1
http://sbi-login-now.free-india.fun/login,1
http://jio-verify-now.secure-india.fun/login,1
http://axis-reward-now.free-india.top/login,1
http://paytm-win-now.secure-india.tk/login,1
http://icici-update-now.block-india.fun/login,1
http://amazon-verify-now.verify-india.fun/login,1
http://aadhaar-suspend-now.kyc-india.tk/login,1
http://uidai-reward-now.login-india.pw/login,1
http://kotak-claim-now.reward-india.loan/login,1
http://sbi-secure-now.secure-india.work/login,1
http://gpay-update-now.secure-india.buzz/login,1
http://uidai-alert-now.reward-india.cf/login,1
http://amazon-update-now.login-india.top/login,1
http://aadhaar-secure-now.alert-india.cf/login,1
http://aadhaar-block-now.login-india.top/login,1
http://sbi-alert-now.win-india.top/login,1
http://pnb-block-now.win-india.tk/login,1
http://flipkart-login-now.suspend-india.xyz/login,1
http://bob-login-now.alert-india.click/login,1
http://irctc-suspend-now.update-india.buzz/login,1
http://kotak-claim-now.kyc-india.buzz/login,1
http://icici-update-now.block-india.ml/login,1
http://gpay-alert-now.suspend-india.ga/login,1
http://icici-kyc-now.reward-india.pw/login,1
http://irctc-block-now.win-india.pw/login,1
http://jio-verify-now.alert-india.cf/login,1
http://amazon-secure-now.win-india.click/login,1
http://paytm-verify-now.claim-india.fun/login,1
http://uidai-suspend-now.reward-india.xyz/login,1
http://airtel-win-now.login-india.loan/login,1
http://irctc-block-now.alert-india.click/login,1
http://jio-claim-now.alert-india.fun/login,1
http://irctc-block-now.block-india.fun/login,1
http://icici-update-now.reward-india.fun/login,1
http://icici-reward-now.kyc-india.xyz/login,1
http://phonepe-block-now.win-india.tk/login,1
http://phonepe-login-now.alert-india.tk/login,1
http://hdfc-reward-now.alert-india.ml/login,1
http://trai-alert-now.kyc-india.fun/login,1
http://aadhaar-reward-now.reward-india.xyz/login,1
http://kotak-update-now.reward-india.cf/login,1
http://airtel-block-now.claim-india.pw/login,1
http://pnb-suspend-now.free-india.ml/login,1
http://paytm-secure-now.block-india.buzz/login,1
http://gpay-suspend-now.win-india.click/login,1
http://trai-suspend-now.secure-india.work/login,1
http://flipkart-login-now.claim-india.fun/login,1
http://paytm-kyc-now.block-india.fun/login,1
http://irctc-verify-now.claim-india.top/login,1
http://phonepe-kyc-now.alert-india.tk/login,1
http://sbi-secure-now.win-india.ga/login,1
http://gpay-win-now.update-india.loan/login,1
http://flipkart-claim-now.update-india.xyz/login,1
http://flipkart-suspend-now.kyc-india.tk/login,1
http://pnb-free-now.block-india.ga/login,1
http://pnb-free-now.verify-india.ga/login,1
http://airtel-secure-now.reward-india.pw/login,1
http://kotak-claim-now.suspend-india.top/login,1
http://airtel-block-now.block-india.buzz/login,1
http://gpay-update-now.suspend-india.ml/login,1
http://axis-win-now.login-india.cf/login,1
http://phonepe-secure-now.suspend-india.tk/login,1
http://paytm-block-now.suspend-india.buzz/login,1
http://bob-claim-now.suspend-india.pw/login,1
http://airtel-win-now.suspend-india.buzz/login,1
http://irctc-login-now.kyc-india.xyz/login,1
http://jio-login-now.update-india.pw/login,1
http://paytm-kyc-now.kyc-india.work/login,1
http://sbi-claim-now.update-india.xyz/login,1
http://paytm-block-now.alert-india.top/login,1
http://irctc-claim-now.secure-india.loan/login,1
http://axis-login-now.block-india.top/login,1
http://bob-reward-now.win-india.work/login,1
http://pnb-secure-now.block-india.click/login,1
http://trai-update-now.suspend-india.ga/login,1
http://phonepe-free-now.secure-india.fun/login,1
http://paytm-reward-now.block-india.work/login,1
http://irctc-win-now.secure-india.buzz/login,1
http://axis-block-now.reward-india.buzz/login,1
http://pnb-kyc-now.verify-india.click/login,1
http://flipkart-free-now.claim-india.fun/login,1
http://amazon-login-now.suspend-india.loan/login,1
http://gpay-reward-now.claim-india.ml/login,1
http://sbi-login-now.alert-india.click/login,1
http://trai-login-now.verify-india.pw/login,1
http://kotak-claim-now.update-india.click/login,1
http://airtel-block-now.verify-india.pw/login,1
http://airtel-verify-now.free-india.cf/login,1
http://irctc-reward-now.verify-india.fun/login,1
http://airtel-secure-now.free-india.xyz/login,1
http://uidai-verify-now.win-india.work/login,1
http://flipkart-alert-now.kyc-india.work/login,1
http://aadhaar-update-now.verify-india.click/login,1
http://sbi-suspend-now.win-india.ml/login,1
http://phonepe-kyc-now.update-india.top/login,1
http://axis-verify-now.alert-india.buzz/login,1
http://hdfc-claim-now.update-india.loan/login,1
http://airtel-login-now.free-india.pw/login,1
http://sbi-claim-now.free-india.click/login,1
http://phonepe-suspend-now.win-india.click/login,1
http://trai-verify-now.free-india.top/login,1
http://amazon-free-now.free-india.xyz/login,1
http://icici-login-now.block-india.ml/login,1
http://airtel-update-now.kyc-india.work/login,1
http://hdfc-secure-now.suspend-india.ga/login,1
http://trai-reward-now.kyc-india.buzz/login,1
http://sbi-secure-now.secure-india.loan/login,1
http://pnb-update-now.claim-india.work/login,1
http://uidai-win-now.update-india.pw/login,1
http://flipkart-update-now.update-india.tk/login,1
http://phonepe-win-now.update-india.ml/login,1
http://yesbank-suspend-now.free-india.xyz/login,1
http://phonepe-verify-now.login-india.buzz/login,1
http://pnb-alert-now.update-india.fun/login,1
http://jio-secure-now.free-india.buzz/login,1
http://gpay-win-now.win-india.ml/login,1
http://kotak-verify-now.reward-india.fun/login,1
http://kotak-kyc-now.secure-india.ml/login,1
http://uidai-claim-now.reward-india.ga/login,1
http://gpay-secure-now.login-india.ml/login,1
http://kotak-secure-now.win-india.work/login,1
http://airtel-update-now.alert-india.click/login,1
http://uidai-claim-now.claim-india.buzz/login,1
http://trai-alert-now.free-india.buzz/login,1
http://phonepe-verify-now.suspend-india.top/login,1
http://paytm-block-now.suspend-india.ga/login,1
http://amazon-claim-now.free-india.buzz/login,1
http://kotak-login-now.claim-india.fun/login,1
http://trai-block-now.win-india.cf/login,1
http://icici-block-now.login-india.cf/login,1
http://gpay-alert-now.secure-india.xyz/login,1
http://axis-block-now.free-india.buzz/login,1
http://phonepe-alert-now.kyc-india.work/login,1
http://uidai-claim-now.claim-india.pw/login,1
http://bob-free-now.suspend-india.xyz/login,1
http://yesbank-win-now.update-india.buzz/login,1
http://pnb-verify-now.kyc-india.top/login,1
http://irctc-claim-now.claim-india.buzz/login,1
http://axis-kyc-now.claim-india.cf/login,1
http://phonepe-alert-now.block-india.ml/login,1
http://sbi-alert-now.suspend-india.work/login,1
http://uidai-suspend-now.win-india.top/login,1
http://bob-alert-now.login-india.cf/login,1
http://pnb-suspend-now.claim-india.work/login,1
http://bob-secure-now.verify-india.ga/login,1
http://trai-update-now.reward-india.top/login,1
http://airtel-suspend-now.reward-india.pw/login,1
http://sbi-kyc-now.block-india.ml/login,1
http://kotak-suspend-now.win-india.loan/login,1
http://gpay-suspend-now.kyc-india.ml/login,1
http://yesbank-verify-now.update-india.cf/login,1
http://paytm-claim-now.alert-india.top/login,1
http://phonepe-alert-now.verify-india.buzz/login,1
http://paytm-login-now.kyc-india.cf/login,1
http://kotak-update-now.kyc-india.ga/login,1
http://gpay-reward-now.update-india.fun/login,1
http://jio-kyc-now.free-india.loan/login,1
http://pnb-verify-now.alert-india.ml/login,1
http://pnb-update-now.alert-india.loan/login,1
http://bob-win-now.login-india.work/login,1
http://bob-alert-now.win-india.ga/login,1
http://axis-reward-now.kyc-india.click/login,1
http://paytm-reward-now.claim-india.cf/login,1
http://amazon-suspend-now.reward-india.loan/login,1
http://icici-claim-now.alert-india.buzz/login,1
http://uidai-verify-now.login-india.pw/login,1
http://phonepe-login-now.claim-india.click/login,1
http://yesbank-block-now.verify-india.pw/login,1
http://bob-update-now.free-india.ga/login,1
http://paytm-alert-now.login-india.xyz/login,1
http://gpay-secure-now.reward-india.tk/login,1
http://yesbank-reward-now.free-india.ml/login,1
http://amazon-kyc-now.secure-india.cf/login,1
http://bob-free-now.alert-india.xyz/login,1
http://airtel-reward-now.kyc-india.ml/login,1
http://bob-free-now.block-india.tk/login,1
http://flipkart-update-now.claim-india.buzz/login,1
http://axis-free-now.reward-india.xyz/login,1
http://phonepe-claim-now.kyc-india.pw/login,1
http://trai-reward-now.free-india.work/login,1
http://sbi-alert-now.free-india.buzz/login,1
http://bob-reward-now.verify-india.cf/login,1
http://amazon-secure-now.win-india.buzz/login,1
http://axis-suspend-now.alert-india.loan/login,1
http://pnb-alert-now.win-india.click/login,1
http://aadhaar-claim-now.update-india.ml/login,1
http://amazon-block-now.reward-india.buzz/login,1
http://icici-kyc-now.verify-india.click/login,1
http://uidai-secure-now.login-india.loan/login,1
http://flipkart-reward-now.verify-india.work/login,1
http://kotak-verify-now.update-india.work/login,1
http://flipkart-claim-now.verify-india.pw/login,1
http://pnb-secure-now.reward-india.click/login,1
http://kotak-verify-now.block-india.cf/login,1
http://phonepe-secure-now.claim-india.top/login,1
http://sbi-alert-now.claim-india.cf/login,1
http://hdfc-suspend-now.update-india.click/login,1
http://hdfc-block-now.win-india.top/login,1
http://jio-kyc-now.update-india.loan/login,1
http://axis-kyc-now.win-india.ml/login,1
http://irctc-reward-now.secure-india.click/login,1
http://flipkart-win-now.suspend-india.ga/login,1
http://trai-suspend-now.alert-india.xyz/login,1
http://icici-claim-now.claim-india.xyz/login,1
http://paytm-suspend-now.win-india.buzz/login,1
http://axis-reward-now.block-india.fun/login,1
http://icici-claim-now.free-india.fun/login,1
http://kotak-reward-now.reward-india.xyz/login,1
http://phonepe-win-now.secure-india.fun/login,1
http://icici-reward-now.update-india.ga/login,1
http://uidai-secure-now.secure-india.pw/login,1
http://trai-block-now.login-india.fun/login,1
http://hdfc-claim-now.suspend-india.work/login,1
http://gpay-reward-now.secure-india.fun/login,1
http://phonepe-secure-now.block-india.buzz/login,1
http://hdfc-suspend-now.reward-india.ml/login,1
http://kotak-secure-now.verify-india.top/login,1
http://gpay-verify-now.reward-india.buzz/login,1
http://paytm-secure-now.secure-india.work/login,1
http://yesbank-update-now.login-india.ga/login,1
http://sbi-win-now.claim-india.ga/login,1
http://icici-suspend-now.secure-india.fun/login,1
http://flipkart-suspend-now.reward-india.buzz/login,1
http://yesbank-block-now.reward-india.work/login,1
http://aadhaar-verify-now.claim-india.click/login,1
http://yesbank-claim-now.alert-india.ml/login,1
http://flipkart-win-now.alert-india.ga/login,1
http://aadhaar-win-now.kyc-india.buzz/login,1
http://bob-secure-now.reward-india.xyz/login,1
http://uidai-update-now.free-india.work/login,1
http://aadhaar-claim-now.update-india.ga/login,1
http://trai-claim-now.secure-india.cf/login,1
http://yesbank-alert-now.free-india.work/login,1
http://sbi-kyc-now.suspend-india.pw/login,1
http://phonepe-suspend-now.claim-india.pw/login,1
http://amazon-reward-now.verify-india.cf/login,1
http://aadhaar-win-now.alert-india.ga/login,1
http://bob-block-now.kyc-india.top/login,1
http://axis-update-now.reward-india.ga/login,1
http://gpay-update-now.suspend-india.cf/login,1
http://phonepe-kyc-now.win-india.top/login,1
http://aadhaar-reward-now.claim-india.ga/login,1
http://amazon-suspend-now.secure-india.click/login,1
http://pnb-free-now.update-india.buzz/login,1
http://yesbank-block-now.block-india.loan/login,1
http://bob-login-now.reward-india.work/login,1
http://flipkart-secure-now.alert-india.ml/login,1
http://phonepe-reward-now.secure-india.xyz/login,1
http://aadhaar-claim-now.alert-india.buzz/login,1
http://phonepe-free-now.update-india.top/login,1
http://uidai-free-now.reward-india.top/login,1
http://amazon-login-now.free-india.xyz/login,1
http://jio-kyc-now.suspend-india.pw/login,1
http://trai-update-now.suspend-india.pw/login,1
http://amazon-verify-now.claim-india.pw/login,1
http://jio-kyc-now.suspend-india.buzz/login,1
http://irctc-free-now.update-india.click/login,1
http://sbi-win-now.suspend-india.buzz/login,1
http://bob-block-now.block-india.ga/login,1
http://phonepe-alert-now.claim-india.fun/login,1
http://jio-kyc-now.alert-india.fun/login,1
http://gpay-claim-now.kyc-india.cf/login,1
http://icici-verify-now.login-india.pw/login,1
http://flipkart-alert-now.login-india.buzz/login,1
http://flipkart-login-now.kyc-india.work/login,1
http://trai-free-now.update-india.pw/login,1
http://yesbank-kyc-now.login-india.work/login,1
http://icici-verify-now.win-india.xyz/login,1
http://amazon-block-now.alert-india.top/login,1
http://icici-reward-now.secure-india.fun/login,1
http://aadhaar-update-now.win-india.pw/login,1
http://aadhaar-win-now.verify-india.work/login,1
http://irctc-win-now.verify-india.cf/login,1
http://bob-win-now.verify-india.click/login,1
http://bob-win-now.block-india.buzz/login,1
http://flipkart-reward-now.update-india.tk/login,1
http://paytm-secure-now.suspend-india.tk/login,1
http://phonepe-claim-now.reward-india.buzz/login,1
http://yesbank-kyc-now.login-india.work/login,1
http://gpay-secure-now.update-india.click/login,1
http://icici-alert-now.win-india.work/login,1
http://jio-secure-now.claim-india.cf/login,1
http://flipkart-claim-now.alert-india.fun/login,1
http://airtel-suspend-now.secure-india.pw/login,1
http://hdfc-kyc-now.kyc-india.loan/login,1
http://kotak-verify-now.login-india.click/login,1
http://uidai-claim-now.win-india.cf/login,1
http://kotak-win-now.kyc-india.pw/login,1
http://kotak-alert-now.win-india.work/login,1
http://kotak-kyc-now.win-india.fun/login,1
http://paytm-kyc-now.suspend-india.cf/login,1
http://bob-secure-now.free-india.ga/login,1
http://sbi-login-now.suspend-india.cf/login,1
http://paytm-suspend-now.verify-india.cf/login,1
http://pnb-win-now.block-india.fun/login,1
http://trai-reward-now.alert-india.pw/login,1
http://phonepe-claim-now.free-india.ml/login,1
http://uidai-block-now.claim-india.loan/login,1
http://pnb-reward-now.alert-india.buzz/login,1
http://phonepe-block-now.alert-india.ml/login,1
http://irctc-reward-now.verify-india.buzz/login,1
http://icici-claim-now.login-india.cf/login,1
http://gpay-login-now.kyc-india.cf/login,1
http://axis-free-now.login-india.click/login,1
http://irctc-alert-now.suspend-india.buzz/login,1
http://sbi-win-now.block-india.ga/login,1
http://gpay-claim-now.free-india.xyz/login,1
http://bob-free-now.update-india.click/login,1
http://trai-update-now.secure-india.loan/login,1
http://aadhaar-win-now.block-india.tk/login,1
http://hdfc-alert-now.suspend-india.loan/login,1
http://jio-login-now.secure-india.fun/login,1
http://phonepe-win-now.free-india.ga/login,1
http://jio-win-now.win-india.work/login,1
http://phonepe-verify-now.suspend-india.cf/login,1
http://aadhaar-secure-now.update-india.fun/login,1
http://gpay-win-now.update-india.ml/login,1
http://trai-secure-now.verify-india.ga/login,1
http://jio-login-now.suspend-india.pw/login,1
http://irctc-alert-now.update-india.loan/login,1
http://hdfc-claim-now.free-india.tk/login,1
http://gpay-alert-now.update-india.work/login,1
http://icici-alert-now.login-india.tk/login,1
http://aadhaar-suspend-now.login-india.pw/login,1
http://irctc-secure-now.suspend-india.xyz/login,1
http://uidai-reward-now.update-india.fun/login,1
http://flipkart-free-now.login-india.pw/login,1
http://flipkart-verify-now.secure-india.top/login,1
http://airtel-alert-now.free-india.ml/login,1
http://yesbank-block-now.alert-india.loan/login,1
http://kotak-free-now.secure-india.cf/login,1
http://aadhaar-login-now.claim-india.cf/login,1
http://aadhaar-block-now.secure-india.buzz/login,1
http://flipkart-update-now.kyc-india.work/login,1
http://sbi-claim-now.block-india.work/login,1
http://irctc-kyc-now.kyc-india.tk/login,1
http://amazon-free-now.secure-india.tk/login,1
http://flipkart-claim-now.free-india.buzz/login,1
http://aadhaar-kyc-now.login-india.tk/login,1
http://jio-login-now.secure-india.loan/login,1
http://kotak-claim-now.block-india.work/login,1
http://axis-free-now.secure-india.pw/login,1
http://gpay-suspend-now.free-india.ml/login,1
http://yesbank-kyc-now.login-india.top/login,1
http://phonepe-kyc-now.suspend-india.buzz/login,1
http://phonepe-claim-now.block-india.work/login,1
http://amazon-win-now.secure-india.ga/login,1
http://airtel-alert-now.secure-india.click/login,1
http://paytm-secure-now.claim-india.fun/login,1
http://pnb-win-now.claim-india.work/login,1
http://kotak-reward-now.suspend-india.top/login,1
http://amazon-verify-now.reward-india.xyz/login,1
http://amazon-claim-now.free-india.ml/login,1
http://flipkart-secure-now.verify-india.fun/login,1
http://gpay-login-now.free-india.fun/login,1
http://airtel-secure-now.claim-india.xyz/login,1
http://yesbank-reward-now.reward-india.click/login,1
http://aadhaar-block-now.win-india.ga/login,1
http://gpay-suspend-now.block-india.work/login,1
http://airtel-update-now.update-india.ga/login,1
http://phonepe-claim-now.win-india.work/login,1
http://uidai-alert-now.verify-india.buzz/login,1
http://bob-win-now.win-india.work/login,1
http://jio-secure-now.suspend-india.pw/login,1
http://bob-verify-now.update-india.xyz/login,1
http://yesbank-secure-now.block-india.click/login,1
http://flipkart-secure-now.update-india.work/login,1
http://paytm-win-now.update-india.click/login,1
http://amazon-kyc-now.kyc-india.pw/login,1
http://kotak-suspend-now.login-india.loan/login,1
http://icici-alert-now.login-india.click/login,1
http://uidai-block-now.free-india.cf/login,1
http://aadhaar-block-now.secure-india.fun/login,1
http://sbi-kyc-now.update-india.fun/login,1
http://yesbank-claim-now.alert-india.fun/login,1
http://gpay-kyc-now.claim-india.work/login,1
http://jio-alert-now.claim-india.click/login,1
http://gpay-free-now.win-india.cf/login,1
http://airtel-suspend-now.win-india.xyz/login,1
http://paytm-update-now.free-india.top/login,1
http://amazon-reward-now.alert-india.xyz/login,1
http://trai-verify-now.block-india.click/login,1
http://sbi-suspend-now.reward-india.xyz/login,1
http://trai-claim-now.block-india.work/login,1
http://kotak-suspend-now.claim-india.buzz/login,1
http://icici-win-now.update-india.pw/login,1
http://icici-block-now.update-india.loan/login,1
http://phonepe-block-now.update-india.pw/login,1
http://flipkart-suspend-now.free-india.ga/login,1
http://icici-free-now.reward-india.cf/login,1
http://flipkart-alert-now.win-india.ml/login,1
http://yesbank-update-now.kyc-india.buzz/login,1
http://uidai-claim-now.alert-india.loan/login,1
http://amazon-verify-now.reward-india.pw/login,1
http://kotak-verify-now.suspend-india.top/login,1
http://sbi-verify-now.login-india.click/login,1
http://amazon-kyc-now.secure-india.ga/login,1
http://uidai-free-now.claim-india.loan/login,1
http://flipkart-free-now.free-india.ga/login,1
http://uidai-claim-now.win-india.pw/login,1
http://paytm-login-now.kyc-india.ga/login,1
http://kotak-kyc-now.update-india.xyz/login,1
http://aadhaar-suspend-now.verify-india.ml/login,1
http://aadhaar-claim-now.update-india.click/login,1
http://yesbank-login-now.free-india.ga/login,1
http://gpay-secure-now.kyc-india.top/login,1
http://airtel-login-now.login-india.click/login,1
http://sbi-kyc-now.alert-india.tk/login,1
http://bob-verify-now.alert-india.fun/login,1
http://gpay-reward-now.verify-india.work/login,1
http://flipkart-reward-now.login-india.ga/login,1
http://bob-suspend-now.update-india.tk/login,1
http://phonepe-block-now.suspend-india.fun/login,1
http://trai-update-now.kyc-india.ga/login,1
http://axis-alert-now.win-india.pw/login,1
http://pnb-win-now.claim-india.top/login,1
http://gpay-login-now.update-india.loan/login,1
http://pnb-alert-now.secure-india.loan/login,1
http://axis-alert-now.verify-india.xyz/login,1
http://bob-reward-now.reward-india.tk/login,1
http://pnb-claim-now.secure-india.tk/login,1
http://amazon-free-now.secure-india.ga/login,1
http://icici-free-now.free-india.top/login,1
http://irctc-verify-now.secure-india.fun/login,1
http://yesbank-verify-now.kyc-india.ga/login,1
http://phonepe-suspend-now.verify-india.ml/login,1
http://trai-kyc-now.kyc-india.fun/login,1
http://irctc-verify-now.verify-india.pw/login,1
http://gpay-win-now.free-india.cf/login,1
http://pnb-suspend-now.reward-india.ml/login,1
http://amazon-kyc-now.kyc-india.loan/login,1
http://paytm-win-now.free-india.ml/login,1
http://pnb-update-now.kyc-india.xyz/login,1
http://irctc-login-now.secure-india.top/login,1
http://pnb-secure-now.suspend-india.click/login,1
http://sbi-verify-now.claim-india.xyz/login,1
http://irctc-verify-now.win-india.ml/login,1
http://amazon-verify-now.block-india.top/login,1
http://trai-kyc-now.kyc-india.tk/login,1
http://sbi-claim-now.login-india.tk/login,1
http://amazon-update-now.update-india.work/login,1
http://flipkart-reward-now.block-india.work/login,1
http://paytm-suspend-now.free-india.xyz/login,1
http://kotak-alert-now.alert-india.cf/login,1
http://paytm-claim-now.free-india.loan/login,1
http://pnb-suspend-now.free-india.fun/login,1
http://axis-alert-now.alert-india.fun/login,1
http://uidai-login-now.kyc-india.ga/login,1
http://trai-kyc-now.kyc-india.ga/login,1
http://icici-win-now.update-india.fun/login,1
http://bob-secure-now.suspend-india.tk/login,1
http://jio-login-now.secure-india.ml/login,1
http://kotak-claim-now.win-india.work/login,1
http://uidai-block-now.block-india.pw/login,1
http://airtel-kyc-now.claim-india.top/login,1
http://pnb-free-now.kyc-india.pw/login,1
http://hdfc-win-now.reward-india.buzz/login,1
http://hdfc-login-now.kyc-india.xyz/login,1
http://paytm-free-now.verify-india.ga/login,1
http://phonepe-reward-now.claim-india.xyz/login,1
http://uidai-alert-now.alert-india.click/login,1
http://gpay-free-now.suspend-india.top/login,1
http://flipkart-login-now.alert-india.pw/login,1
http://airtel-block-now.alert-india.tk/login,1
http://airtel-free-now.block-india.click/login,1
http://yesbank-kyc-now.secure-india.click/login,1
http://irctc-block-now.alert-india.buzz/login,1
http://axis-free-now.claim-india.loan/login,1
http://airtel-update-now.claim-india.top/login,1
http://sbi-block-now.kyc-india.tk/login,1
http://jio-alert-now.update-india.tk/login,1
http://aadhaar-win-now.secure-india.ml/login,1
http://pnb-secure-now.alert-india.top/login,1
http://aadhaar-update-now.block-india.ml/login,1
http://bob-block-now.login-india.ml/login,1
http://jio-verify-now.login-india.fun/login,1
http://pnb-block-now.suspend-india.ml/login,1
http://uidai-block-now.block-india.xyz/login,1
http://aadhaar-claim-now.block-india.ga/login,1
http://trai-kyc-now.claim-india.ml/login,1
http://axis-free-now.kyc-india.buzz/login,1
http://jio-win-now.kyc-india.loan/login,1
http://amazon-login-now.secure-india.xyz/login,1
http://bob-secure-now.reward-india.loan/login,1
http://amazon-alert-now.alert-india.click/login,1
http://paytm-win-now.secure-india.xyz/login,1
http://icici-secure-now.win-india.loan/login,1
http://kotak-login-now.win-india.pw/login,1
http://icici-verify-now.reward-india.ml/login,1
http://paytm-alert-now.kyc-india.ga/login,1
http://bob-kyc-now.free-india.top/login,1
http://bob-suspend-now.login-india.ga/login,1
http://pnb-update-now.login-india.cf/login,1
http://paytm-reward-now.update-india.fun/login,1
http://uidai-free-now.kyc-india.ga/login,1
http://flipkart-kyc-now.free-india.cf/login,1
http://yesbank-verify-now.free-india.tk/login,1
http://trai-secure-now.block-india.tk/login,1
http://irctc-login-now.free-india.work/login,1
http://kotak-update-now.block-india.fun/login,1
http://flipkart-kyc-now.update-india.fun/login,1
http://yesbank-secure-now.verify-india.top/login,1
http://airtel-update-now.free-india.work/login,1
http://amazon-suspend-now.kyc-india.fun/login,1
http://irctc-secure-now.login-india.loan/login,1
http://axis-update-now.win-india.pw/login,1
http://pnb-login-now.free-india.work/login,1
http://amazon-reward-now.verify-india.buzz/login,1
http://axis-secure-now.win-india.fun/login,1
http://airtel-secure-now.free-india.loan/login,1
http://yesbank-reward-now.free-india.cf/login,1
http://pnb-update-now.verify-india.tk/login,1
http://irctc-login-now.suspend-india.work/login,1
http://jio-suspend-now.reward-india.buzz/login,1
http://airtel-update-now.win-india.work/login,1
http://aadhaar-suspend-now.suspend-india.top/login,1
http://trai-free-now.reward-india.xyz/login,1
http://axis-suspend-now.free-india.tk/login,1
http://uidai-update-now.update-india.ga/login,1
http://pnb-suspend-now.free-india.fun/login,1
http://amazon-reward-now.win-india.fun/login,1
http://hdfc-claim-now.free-india.work/login,1
http://flipkart-suspend-now.block-india.xyz/login,1
http://bob-free-now.win-india.top/login,1
http://sbi-login-now.suspend-india.ml/login,1
http://sbi-free-now.claim-india.tk/login,1
http://kotak-reward-now.verify-india.fun/login,1
http://flipkart-secure-now.claim-india.buzz/login,1
http://pnb-claim-now.login-india.cf/login,1
http://flipkart-verify-now.claim-india.work/login,1
http://airtel-kyc-now.login-india.loan/login,1
http://aadhaar-free-now.claim-india.fun/login,1
http://bob-claim-now.kyc-india.work/login,1
http://icici-claim-now.claim-india.pw/login,1
http://aadhaar-win-now.login-india.click/login,1
http://kotak-update-now.win-india.tk/login,1
http://bob-claim-now.suspend-india.work/login,1
http://phonepe-reward-now.login-india.cf/login,1
http://irctc-claim-now.claim-india.work/login,1
http://pnb-kyc-now.kyc-india.click/login,1
http://sbi-update-now.login-india.pw/login,1
http://kotak-block-now.win-india.buzz/login,1
http://aadhaar-secure-now.block-india.loan/login,1
http://phonepe-reward-now.suspend-india.fun/login,1
http://icici-login-now.update-india.tk/login,1
http://bob-secure-now.kyc-india.fun/login,1
http://yesbank-block-now.claim-india.top/login,1
http://paytm-reward-now.update-india.fun/login,1
http://kotak-suspend-now.suspend-india.tk/login,1
http://yesbank-login-now.alert-india.xyz/login,1
http://jio-block-now.kyc-india.buzz/login,1
http://airtel-verify-now.alert-india.ga/login,1
http://jio-login-now.login-india.work/login,1
http://gpay-kyc-now.verify-india.cf/login,1
http://jio-verify-now.suspend-india.work/login,1
http://flipkart-reward-now.block-india.loan/login,1
http://uidai-login-now.reward-india.ml/login,1
http://trai-suspend-now.reward-india.buzz/login,1
http://uidai-reward-now.win-india.cf/login,1
http://pnb-secure-now.reward-india.click/login,1
http://pnb-login-now.claim-india.loan/login,1
http://pnb-update-now.win-india.ml/login,1
http://yesbank-win-now.login-india.loan/login,1
http://uidai-kyc-now.update-india.loan/login,1
http://irctc-block-now.claim-india.tk/login,1
http://jio-win-now.claim-india.fun/login,1
http://aadhaar-login-now.alert-india.cf/login,1
http://uidai-verify-now.alert-india.pw/login,1
http://flipkart-alert-now.suspend-india.top/login,1
http://icici-kyc-now.verify-india.loan/login,1
http://flipkart-block-now.free-india.xyz/login,1
http://pnb-alert-now.win-india.ml/login,1
http://icici-free-now.claim-india.tk/login,1
http://airtel-suspend-now.secure-india.fun/login,1
http://sbi-win-now.suspend-india.work/login,1
http://amazon-win-now.kyc-india.top/login,1
http://gpay-free-now.alert-india.cf/login,1
http://aadhaar-win-now.free-india.cf/login,1
http://yesbank-login-now.suspend-india.loan/login,1
http://amazon-kyc-now.block-india.buzz/login,1
http://uidai-claim-now.verify-india.pw/login,1
http://hdfc-win-now.claim-india.pw/login,1
http://axis-update-now.suspend-india.tk/login,1
http://trai-reward-now.win-india.ml/login,1
http://gpay-login-now.suspend-india.ml/login,1
http://phonepe-verify-now.free-india.work/login,1
http://axis-claim-now.update-india.tk/login,1
http://bob-suspend-now.win-india.buzz/login,1
http://bob-reward-now.reward-india.fun/login,1
http://irctc-kyc-now.claim-india.ml/login,1
http://axis-secure-now.claim-india.ml/login,1
http://amazon-secure-now.alert-india.tk/login,1
http://phonepe-secure-now.reward-india.ga/login,1
http://jio-claim-now.free-india.buzz/login,1
http://icici-claim-now.alert-india.tk/login,1
http://trai-secure-now.verify-india.pw/login,1
http://hdfc-block-now.verify-india.buzz/login,1
http://pnb-update-now.kyc-india.xyz/login,1
http://trai-verify-now.verify-india.click/login,1
http://bob-secure-now.verify-india.pw/login,1
http://uidai-claim-now.update-india.ml/login,1
http://gpay-free-now.suspend-india.work/login,1
http://phonepe-block-now.login-india.click/login,1
http://axis-free-now.kyc-india.pw/login,1
http://pnb-suspend-now.kyc-india.work/login,1
http://phonepe-block-now.kyc-india.work/login,1
http://sbi-suspend-now.verify-india.loan/login,1
http://axis-secure-now.secure-india.tk/login,1
http://pnb-free-now.kyc-india.pw/login,1
http://trai-kyc-now.update-india.work/login,1
http://gpay-suspend-now.kyc-india.pw/login,1
http://yesbank-alert-now.free-india.loan/login,1
http://bob-alert-now.update-india.buzz/login,1
http://aadhaar-update-now.claim-india.ga/login,1
http://pnb-kyc-now.login-india.work/login,1
http://gpay-reward-now.verify-india.click/login,1
http://hdfc-alert-now.free-india.fun/login,1
http://uidai-update-now.block-india.tk/login,1
http://yesbank-block-now.suspend-india.pw/login,1
http://aadhaar-block-now.reward-india.loan/login,1
http://gpay-secure-now.claim-india.ml/login,1
http://flipkart-login-now.secure-india.buzz/login,1
http://amazon-reward-now.reward-india.top/login,1
http://icici-alert-now.verify-india.work/login,1
http://axis-claim-now.block-india.work/login,1
http://bob-secure-now.alert-india.cf/login,1
http://hdfc-block-now.verify-india.ga/login,1
http://icici-secure-now.suspend-india.fun/login,1
http://uidai-block-now.kyc-india.buzz/login,1
http://yesbank-win-now.verify-india.loan/login,1
http://sbi-verify-now.secure-india.top/login,1
http://gpay-claim-now.block-india.xyz/login,1
http://amazon-win-now.block-india.loan/login,1
http://phonepe-block-now.claim-india.buzz/login,1
http://hdfc-login-now.update-india.work/login,1
http://phonepe-login-now.win-india.click/login,1
http://icici-win-now.login-india.work/login,1
http://gpay-suspend-now.free-india.pw/login,1
http://sbi-verify-now.reward-india.ga/login,1
http://axis-secure-now.verify-india.ga/login,1
http://yesbank-kyc-now.reward-india.ga/login,1
http://pnb-reward-now.verify-india.ml/login,1
http://paytm-suspend-now.login-india.pw/login,1
http://airtel-reward-now.free-india.pw/login,1
http://kotak-login-now.free-india.fun/login,1
http://airtel-reward-now.win-india.xyz/login,1
http://amazon-reward-now.reward-india.cf/login,1
http://gpay-alert-now.secure-india.pw/login,1
http://sbi-free-now.win-india.top/login,1
http://hdfc-win-now.alert-india.ml/login,1
http://jio-update-now.free-india.tk/login,1
http://axis-kyc-now.alert-india.tk/login,1
http://phonepe-block-now.claim-india.ml/login,1
http://airtel-free-now.win-india.fun/login,1
http://bob-secure-now.block-india.cf/login,1
http://kotak-suspend-now.secure-india.tk/login,1
http://axis-reward-now.login-india.tk/login,1
http://aadhaar-alert-now.login-india.ml/login,1
http://trai-verify-now.alert-india.work/login,1
http://axis-update-now.login-india.xyz/login,1
http://bob-kyc-now.update-india.fun/login,1
http://icici-login-now.reward-india.pw/login,1
http://pnb-alert-now.win-india.ml/login,1
http://flipkart-suspend-now.verify-india.buzz/login,1
http://trai-login-now.login-india.fun/login,1
http://yesbank-verify-now.suspend-india.xyz/login,1
http://paytm-claim-now.secure-india.ml/login,1
http://pnb-alert-now.login-india.buzz/login,1
http://hdfc-reward-now.reward-india.ml/login,1
http://kotak-block-now.update-india.ga/login,1
http://phonepe-free-now.login-india.click/login,1
http://flipkart-verify-now.alert-india.tk/login,1
http://jio-suspend-now.block-india.cf/login,1
http://aadhaar-kyc-now.kyc-india.loan/login,1
http://yesbank-verify-now.update-india.buzz/login,1
http://icici-reward-now.block-india.loan/login,1
http://sbi-suspend-now.win-india.ml/login,1
http://yesbank-claim-now.verify-india.ml/login,1
http://axis-free-now.login-india.xyz/login,1
http://bob-verify-now.suspend-india.xyz/login,1
http://bob-suspend-now.update-india.ga/login,1
http://hdfc-suspend-now.block-india.tk/login,1
http://sbi-free-now.alert-india.pw/login,1
http://bob-secure-now.free-india.pw/login,1
http://bob-alert-now.win-india.ga/login,1
http://irctc-suspend-now.secure-india.click/login,1
http://flipkart-alert-now.kyc-india.work/login,1
http://aadhaar-claim-now.login-india.ml/login,1
http://kotak-free-now.win-india.ml/login,1
http://bob-secure-now.kyc-india.click/login,1
http://sbi-reward-now.secure-india.ml/login,1
http://hdfc-alert-now.reward-india.fun/login,1
http://aadhaar-login-now.reward-india.ml/login,1
http://pnb-login-now.reward-india.top/login,1
http://amazon-alert-now.win-india.work/login,1
http://flipkart-reward-now.alert-india.click/login,1
http://yesbank-claim-now.free-india.top/login,1
http://paytm-win-now.block-india.ga/login,1
http://jio-login-now.win-india.ga/login,1
http://uidai-login-now.win-india.buzz/login,1
http://pnb-alert-now.block-india.top/login,1
http://pnb-free-now.secure-india.ga/login,1
http://bob-kyc-now.alert-india.tk/login,1
http://aadhaar-free-now.alert-india.cf/login,1
http://amazon-verify-now.login-india.ga/login,1
http://yesbank-block-now.kyc-india.buzz/login,1
http://bob-block-now.reward-india.ml/login,1
http://flipkart-verify-now.win-india.ga/login,1
http://bob-suspend-now.free-india.ml/login,1
http://airtel-win-now.free-india.pw/login,1
http://paytm-free-now.reward-india.pw/login,1
http://gpay-kyc-now.reward-india.click/login,1
http://flipkart-login-now.win-india.ml/login,1
http://irctc-claim-now.suspend-india.pw/login,1
http://trai-win-now.free-india.xyz/login,1
http://axis-update-now.update-india.xyz/login,1
http://sbi-verify-now.claim-india.tk/login,1
http://yesbank-claim-now.login-india.fun/login,1
http://paytm-login-now.secure-india.tk/login,1
http://pnb-suspend-now.claim-india.pw/login,1
http://flipkart-alert-now.claim-india.fun/login,1
http://phonepe-secure-now.secure-india.tk/login,1
http://aadhaar-kyc-now.kyc-india.ml/login,1
http://amazon-update-now.block-india.pw/login,1
http://amazon-kyc-now.block-india.loan/login,1
http://irctc-win-now.secure-india.fun/login,1
http://jio-update-now.free-india.ml/login,1
http://flipkart-update-now.verify-india.ml/login,1
http://bob-alert-now.reward-india.work/login,1
http://phonepe-verify-now.suspend-india.fun/login,1
http://pnb-alert-now.suspend-india.pw/login,1
http://phonepe-alert-now.verify-india.work/login,1
http://uidai-claim-now.claim-india.tk/login,1
http://pnb-update-now.kyc-india.ml/login,1
http://kotak-free-now.reward-india.ml/login,1
http://axis-free-now.login-india.buzz/login,1
http://yesbank-secure-now.win-india.tk/login,1
http://pnb-suspend-now.alert-india.xyz/login,1
http://uidai-reward-now.kyc-india.click/login,1
http://airtel-login-now.block-india.cf/login,1
http://trai-verify-now.alert-india.click/login,1
http://phonepe-verify-now.free-india.ga/login,1
http://kotak-secure-now.alert-india.top/login,1
http://yesbank-verify-now.secure-india.fun/login,1
http://flipkart-free-now.update-india.click/login,1
http://aadhaar-verify-now.kyc-india.pw/login,1
http://sbi-win-now.suspend-india.xyz/login,1
http://kotak-reward-now.login-india.work/login,1
http://bob-reward-now.verify-india.fun/login,1
http://airtel-win-now.reward-india.click/login,1
http://pnb-block-now.reward-india.top/login,1
http://yesbank-kyc-now.claim-india.fun/login,1
http://airtel-block-now.login-india.work/login,1
http://kotak-secure-now.update-india.work/login,1
http://icici-free-now.claim-india.loan/login,1
http://axis-verify-now.kyc-india.tk/login,1
http://jio-update-now.kyc-india.click/login,1
http://icici-kyc-now.suspend-india.ga/login,1
http://icici-update-now.verify-india.fun/login,1
http://sbi-win-now.claim-india.pw/login,1
http://icici-kyc-now.suspend-india.buzz/login,1
http://flipkart-free-now.claim-india.buzz/login,1
http://axis-suspend-now.update-india.xyz/login,1
http://paytm-login-now.win-india.tk/login,1
http://phonepe-update-now.win-india.tk/login,1
http://sbi-reward-now.free-india.ga/login,1
http://gpay-verify-now.win-india.tk/login,1
http://bob-claim-now.free-india.loan/login,1
http://gpay-alert-now.login-india.fun/login,1
http://irctc-suspend-now.win-india.ml/login,1
http://irctc-secure-now.win-india.buzz/login,1
http://uidai-verify-now.alert-india.ml/login,1
http://trai-verify-now.update-india.ml/login,1
http://gpay-secure-now.kyc-india.loan/login,1
http://uidai-login-now.win-india.tk/login,1
http://icici-login-now.kyc-india.click/login,1
http://jio-kyc-now.reward-india.buzz/login,1
http://uidai-secure-now.suspend-india.top/login,1
http://trai-free-now.secure-india.ga/login,1
http://amazon-secure-now.claim-india.fun/login,1
http://jio-block-now.verify-india.buzz/login,1
http://airtel-secure-now.kyc-india.tk/login,1
http://hdfc-update-now.alert-india.click/login,1
http://hdfc-suspend-now.reward-india.tk/login,1
http://flipkart-verify-now.win-india.buzz/login,1
http://icici-claim-now.suspend-india.click/login,1
http://icici-suspend-now.secure-india.fun/login,1
http://yesbank-alert-now.claim-india.fun/login,1
http://irctc-claim-now.alert-india.cf/login,1
http://irctc-claim-now.block-india.fun/login,1
http://gpay-login-now.suspend-india.ml/login,1
http://hdfc-win-now.claim-india.top/login,1
http://flipkart-alert-now.claim-india.top/login,1
http://flipkart-alert-now.alert-india.ml/login,1
http://paytm-win-now.reward-india.top/login,1
http://sbi-kyc-now.claim-india.top/login,1
http://paytm-reward-now.claim-india.xyz/login,1
http://amazon-free-now.kyc-india.ml/login,1
http://uidai-kyc-now.login-india.tk/login,1
http://sbi-reward-now.alert-india.ml/login,1
http://airtel-claim-now.login-india.xyz/login,1
http://irctc-reward-now.kyc-india.cf/login,1
http://aadhaar-secure-now.login-india.ga/login,1
http://irctc-suspend-now.win-india.work/login,1
http://amazon-reward-now.kyc-india.work/login,1
http://hdfc-claim-now.update-india.tk/login,1
http://yesbank-win-now.alert-india.pw/login,1
http://kotak-kyc-now.login-india.loan/login,1
http://irctc-login-now.reward-india.work/login,1
http://sbi-secure-now.free-india.ml/login,1
http://yesbank-free-now.secure-india.buzz/login,1
http://amazon-suspend-now.update-india.pw/login,1
http://paytm-block-now.secure-india.click/login,1
http://pnb-win-now.kyc-india.click/login,1
http://uidai-alert-now.update-india.xyz/login,1
http://flipkart-claim-now.reward-india.ga/login,1
http://gpay-claim-now.win-india.ga/login,1
http://yesbank-free-now.alert-india.cf/login,1
http://aadhaar-claim-now.suspend-india.click/login,1
http://gpay-kyc-now.claim-india.buzz/login,1
http://uidai-login-now.win-india.pw/login,1
http://jio-login-now.alert-india.pw/login,1
http://irctc-verify-now.claim-india.loan/login,1
http://axis-reward-now.kyc-india.pw/login,1
http://yesbank-update-now.block-india.work/login,1
http://flipkart-suspend-now.win-india.cf/login,1
http://icici-alert-now.reward-india.ga/login,1
http://airtel-win-now.kyc-india.click/login,1
http://hdfc-alert-now.login-india.ga/login,1
http://sbi-claim-now.claim-india.pw/login,1
http://irctc-block-now.kyc-india.cf/login,1
http://yesbank-alert-now.claim-india.pw/login,1
http://aadhaar-login-now.free-india.ga/login,1
http://axis-secure-now.win-india.xyz/login,1
http://gpay-block-now.block-india.cf/login,1
http://jio-reward-now.reward-india.fun/login,1
http://sbi-secure-now.secure-india.ga/login,1
http://paytm-secure-now.verify-india.xyz/login,1
http://amazon-update-now.claim-india.work/login,1
http://paytm-alert-now.free-india.top/login,1
http://aadhaar-kyc-now.suspend-india.work/login,1
http://yesbank-update-now.secure-india.work/login,1
http://airtel-login-now.win-india.pw/login,1
http://flipkart-secure-now.kyc-india.pw/login,1
http://paytm-claim-now.verify-india.tk/login,1
http://hdfc-claim-now.block-india.work/login,1
http://pnb-kyc-now.claim-india.fun/login,1
http://bob-block-now.verify-india.buzz/login,1
http://amazon-free-now.claim-india.top/login,1
http://phonepe-claim-now.suspend-india.xyz/login,1
http://kotak-claim-now.suspend-india.pw/login,1
http://hdfc-block-now.verify-india.fun/login,1
http://paytm-alert-now.update-india.tk/login,1
http://paytm-kyc-now.update-india.loan/login,1
http://phonepe-win-now.login-india.tk/login,1
http://pnb-claim-now.claim-india.tk/login,1
http://amazon-claim-now.update-india.work/login,1
http://bob-block-now.verify-india.loan/login,1
http://amazon-free-now.reward-india.fun/login,1
http://paytm-block-now.update-india.ga/login,1
http://flipkart-kyc-now.update-india.cf/login,1
http://jio-login-now.verify-india.buzz/login,1
http://aadhaar-verify-now.verify-india.buzz/login,1
http://jio-alert-now.verify-india.xyz/login,1
http://jio-login-now.kyc-india.ml/login,1
http://trai-claim-now.claim-india.top/login,1
http://bob-verify-now.block-india.cf/login,1
http://irctc-verify-now.free-india.fun/login,1
http://amazon-block-now.update-india.xyz/login,1
http://gpay-suspend-now.verify-india.ga/login,1
http://jio-suspend-now.alert-india.xyz/login,1
http://pnb-win-now.update-india.pw/login,1
http://pnb-block-now.kyc-india.top/login,1
http://gpay-kyc-now.block-india.xyz/login,1
http://kotak-secure-now.block-india.click/login,1
http://trai-reward-now.kyc-india.ga/login,1
http://airtel-claim-now.login-india.click/login,1
http://airtel-reward-now.update-india.buzz/login,1
http://kotak-alert-now.verify-india.work/login,1
http://trai-reward-now.login-india.ml/login,1
http://axis-verify-now.reward-india.tk/login,1
http://gpay-login-now.suspend-india.fun/login,1
http://kotak-win-now.free-india.ga/login,1
http://uidai-secure-now.claim-india.work/login,1
http://hdfc-free-now.free-india.ga/login,1
http://uidai-secure-now.login-india.loan/login,1
http://sbi-secure-now.verify-india.ga/login,1
http://phonepe-claim-now.login-india.work/login,1
http://bob-win-now.claim-india.work/login,1
http://bob-suspend-now.kyc-india.work/login,1
http://irctc-block-now.suspend-india.cf/login,1
http://jio-update-now.suspend-india.tk/login,1
http://sbi-verify-now.suspend-india.xyz/login,1
http://sbi-secure-now.verify-india.cf/login,1
http://flipkart-reward-now.win-india.pw/login,1
http://phonepe-update-now.verify-india.click/login,1
http://gpay-free-now.login-india.top/login,1
http://pnb-update-now.secure-india.top/login,1
http://sbi-secure-now.verify-india.tk/login,1
http://kotak-kyc-now.secure-india.work/login,1
http://gpay-update-now.free-india.fun/login,1
http://sbi-alert-now.kyc-india.xyz/login,1
http://axis-update-now.win-india.ga/login,1
http://flipkart-suspend-now.win-india.loan/login,1
http://airtel-secure-now.verify-india.fun/login,1
http://uidai-alert-now.update-india.fun/login,1
http://paytm-login-now.update-india.top/login,1
http://bob-verify-now.verify-india.work/login,1
http://amazon-alert-now.reward-india.ml/login,1
http://sbi-suspend-now.verify-india.buzz/login,1
http://icici-secure-now.win-india.cf/login,1
http://irctc-login-now.secure-india.xyz/login,1
http://airtel-login-now.login-india.fun/login,1
http://flipkart-verify-now.free-india.xyz/login,1
http://uidai-reward-now.block-india.fun/login,1
http://irctc-login-now.win-india.fun/login,1
http://hdfc-secure-now.claim-india.tk/login,1
http://pnb-alert-now.alert-india.loan/login,1
http://phonepe-claim-now.free-india.click/login,1
http://aadhaar-block-now.kyc-india.click/login,1
http://pnb-reward-now.kyc-india.pw/login,1
http://bob-claim-now.alert-india.click/login,1
http://kotak-kyc-now.free-india.work/login,1
http://aadhaar-reward-now.claim-india.top/login,1
http://icici-suspend-now.secure-india.ml/login,1
http://yesbank-claim-now.free-india.work/login,1
http://flipkart-block-now.free-india.ml/login,1
http://hdfc-claim-now.block-india.buzz/login,1
http://paytm-suspend-now.claim-india.loan/login,1
http://phonepe-suspend-now.kyc-india.ga/login,1
http://bob-update-now.reward-india.tk/login,1
http://trai-block-now.verify-india.loan/login,1
http://axis-suspend-now.verify-india.cf/login,1
http://aadhaar-free-now.kyc-india.fun/login,1
http://jio-free-now.win-india.click/login,1
http://irctc-update-now.claim-india.fun/login,1
http://pnb-block-now.reward-india.loan/login,1
http://bob-login-now.suspend-india.click/login,1
http://amazon-win-now.update-india.ga/login,1
http://flipkart-kyc-now.win-india.ga/login,1
http://sbi-block-now.update-india.work/login,1
http://paytm-update-now.win-india.cf/login,1
http://jio-reward-now.secure-india.ga/login,1
http://aadhaar-free-now.update-india.ga/login,1
http://sbi-verify-now.verify-india.cf/login,1
http://axis-login-now.kyc-india.buzz/login,1
http://icici-update-now.secure-india.work/login,1
http://axis-reward-now.claim-india.buzz/login,1
http://bob-verify-now.win-india.pw/login,1
http://kotak-claim-now.reward-india.click/login,1
http://gpay-secure-now.reward-india.pw/login,1
http://uidai-alert-now.free-india.pw/login,1
http://uidai-verify-now.free-india.work/login,1
http://hdfc-alert-now.claim-india.click/login,1
http://sbi-secure-now.win-india.work/login,1
http://bob-block-now.update-india.top/login,1
http://uidai-suspend-now.claim-india.buzz/login,1
http://irctc-verify-now.reward-india.xyz/login,1
http://irctc-update-now.alert-india.cf/login,1
http://aadhaar-update-now.update-india.ga/login,1
http://axis-alert-now.reward-india.fun/login,1
http://yesbank-login-now.suspend-india.work/login,1
http://hdfc-claim-now.secure-india.loan/login,1
http://flipkart-login-now.suspend-india.top/login,1
http://axis-verify-now.free-india.ml/login,1
http://uidai-free-now.verify-india.loan/login,1
http://flipkart-update-now.block-india.ml/login,1
http://flipkart-secure-now.win-india.pw/login,1
http://bob-block-now.free-india.fun/login,1
http://hdfc-secure-now.suspend-india.tk/login,1
http://trai-alert-now.kyc-india.work/login,1
http://kotak-kyc-now.verify-india.cf/login,1
http://yesbank-reward-now.update-india.buzz/login,1
http://paytm-update-now.login-india.work/login,1
http://irctc-login-now.verify-india.top/login,1
http://phonepe-reward-now.verify-india.cf/login,1
http://phonepe-login-now.claim-india.buzz/login,1
http://uidai-alert-now.login-india.fun/login,1
http://flipkart-win-now.update-india.tk/login,1
http://phonepe-kyc-now.kyc-india.fun/login,1
http://uidai-verify-now.alert-india.work/login,1
http://pnb-win-now.reward-india.xyz/login,1
http://trai-win-now.claim-india.buzz/login,1
http://aadhaar-update-now.reward-india.work/login,1
http://hdfc-secure-now.reward-india.loan/login,1
http://amazon-update-now.update-india.tk/login,1
http://airtel-free-now.claim-india.work/login,1
http://bob-block-now.login-india.ml/login,1
http://axis-verify-now.kyc-india.tk/login,1
http://uidai-kyc-now.free-india.ga/login,1
http://flipkart-free-now.block-india.click/login,1
http://aadhaar-secure-now.alert-india.tk/login,1
http://phonepe-suspend-now.reward-india.tk/login,1
http://aadhaar-verify-now.login-india.ga/login,1
http://paytm-secure-now.kyc-india.fun/login,1
http://bob-verify-now.claim-india.xyz/login,1
http://trai-verify-now.update-india.loan/login,1
http://airtel-suspend-now.block-india.xyz/login,1
http://kotak-kyc-now.claim-india.ga/login,1
http://irctc-login-now.login-india.buzz/login,1
http://irctc-alert-now.alert-india.ga/login,1
http://axis-kyc-now.reward-india.loan/login,1
http://aadhaar-update-now.kyc-india.buzz/login,1
http://paytm-block-now.kyc-india.tk/login,1
http://irctc-block-now.update-india.pw/login,1
http://phonepe-login-now.free-india.top/login,1
http://pnb-login-now.secure-india.top/login,1
http://hdfc-reward-now.verify-india.click/login,1
http://bob-verify-now.login-india.buzz/login,1
http://pnb-reward-now.alert-india.pw/login,1
http://jio-win-now.kyc-india.work/login,1
http://trai-reward-now.free-india.buzz/login,1
http://phonepe-login-now.suspend-india.loan/login,1
http://kotak-alert-now.update-india.top/login,1
http://sbi-reward-now.update-india.loan/login,1
http://icici-win-now.kyc-india.buzz/login,1
http://hdfc-claim-now.secure-india.top/login,1
http://airtel-alert-now.free-india.click/login,1
http://kotak-block-now.suspend-india.click/login,1
http://kotak-alert-now.block-india.work/login,1
http://bob-win-now.suspend-india.fun/login,1
http://aadhaar-free-now.suspend-india.pw/login,1
http://uidai-kyc-now.alert-india.click/login,1
http://icici-win-now.alert-india.click/login,1
http://aadhaar-block-now.suspend-india.buzz/login,1
http://icici-secure-now.free-india.cf/login,1
http://airtel-secure-now.suspend-india.loan/login,1
http://jio-claim-now.claim-india.ga/login,1
http://uidai-login-now.claim-india.cf/login,1
http://gpay-claim-now.block-india.buzz/login,1
http://amazon-secure-now.secure-india.pw/login,1
http://amazon-free-now.free-india.ga/login,1
http://paytm-win-now.secure-india.ga/login,1
http://pnb-win-now.block-india.loan/login,1
http://yesbank-login-now.alert-india.pw/login,1
http://trai-kyc-now.update-india.fun/login,1
http://kotak-free-now.login-india.ga/login,1
http://yesbank-kyc-now.free-india.work/login,1
http://pnb-login-now.reward-india.work/login,1
http://airtel-suspend-now.alert-india.loan/login,1
http://yesbank-kyc-now.secure-india.pw/login,1
http://icici-secure-now.update-india.top/login,1
http://aadhaar-reward-now.verify-india.tk/login,1
http://gpay-secure-now.alert-india.work/login,1
http://aadhaar-suspend-now.secure-india.loan/login,1
http://uidai-reward-now.login-india.cf/login,1
http://hdfc-reward-now.free-india.work/login,1
http://axis-alert-now.reward-india.top/login,1
http://yesbank-update-now.kyc-india.ml/login,1
http://axis-claim-now.verify-india.xyz/login,1
http://icici-secure-now.update-india.loan/login,1
http://aadhaar-secure-now.kyc-india.tk/login,1
http://amazon-login-now.verify-india.buzz/login,1
http://uidai-verify-now.verify-india.tk/login,1
http://yesbank-suspend-now.win-india.cf/login,1
http://kotak-reward-now.login-india.ga/login,1
http://jio-suspend-now.suspend-india.pw/login,1
http://airtel-block-now.claim-india.ga/login,1
http://paytm-verify-now.block-india.pw/login,1
http://yesbank-login-now.kyc-india.top/login,1
http://gpay-block-now.suspend-india.xyz/login,1
http://phonepe-update-now.suspend-india.fun/login,1
http://airtel-alert-now.update-india.tk/login,1
http://jio-reward-now.login-india.ga/login,1
http://flipkart-suspend-now.kyc-india.ml/login,1
http://jio-secure-now.update-india.xyz/login,1
http://jio-free-now.secure-india.top/login,1
http://uidai-suspend-now.reward-india.work/login,1
http://gpay-login-now.update-india.tk/login,1
http://amazon-win-now.alert-india.work/login,1
http://paytm-win-now.reward-india.pw/login,1
http://bob-verify-now.block-india.cf/login,1
http://gpay-free-now.alert-india.top/login,1
http://trai-claim-now.claim-india.xyz/login,1
http://irctc-block-now.suspend-india.top/login,1
http://flipkart-suspend-now.login-india.click/login,1
http://paytm-win-now.update-india.pw/login,1
http://bob-kyc-now.reward-india.ga/login,1
http://gpay-claim-now.claim-india.top/login,1
http://airtel-login-now.win-india.cf/login,1
http://jio-reward-now.suspend-india.work/login,1
http://sbi-free-now.suspend-india.ga/login,1
http://icici-alert-now.win-india.xyz/login,1
http://bob-suspend-now.claim-india.click/login,1
http://bob-verify-now.alert-india.top/login,1
http://flipkart-reward-now.update-india.top/login,1
http://airtel-claim-now.login-india.cf/login,1
http://pnb-secure-now.alert-india.ml/login,1
http://phonepe-login-now.suspend-india.buzz/login,1
http://trai-suspend-now.block-india.ga/login,1
http://hdfc-reward-now.claim-india.xyz/login,1
http://jio-update-now.win-india.ml/login,1
http://icici-suspend-now.win-india.loan/login,1
http://hdfc-secure-now.update-india.loan/login,1
http://airtel-alert-now.kyc-india.cf/login,1
http://paytm-reward-now.secure-india.ml/login,1
http://jio-reward-now.secure-india.ml/login,1
http://trai-update-now.login-india.tk/login,1
http://hdfc-suspend-now.free-india.fun/login,1
http://phonepe-secure-now.block-india.work/login,1
http://amazon-kyc-now.login-india.xyz/login,1
http://gpay-suspend-now.win-india.tk/login,1
http://icici-update-now.secure-india.ml/login,1
http://aadhaar-update-now.alert-india.loan/login,1
http://pnb-win-now.kyc-india.ml/login,1
http://aadhaar-kyc-now.login-india.xyz/login,1
http://yesbank-kyc-now.secure-india.loan/login,1
http://sbi-block-now.block-india.xyz/login,1
http://bob-kyc-now.kyc-india.xyz/login,1
http://irctc-kyc-now.kyc-india.ga/login,1
http://pnb-suspend-now.secure-india.work/login,1
http://jio-alert-now.kyc-india.fun/login,1
http://axis-win-now.login-india.ml/login,1
http://hdfc-update-now.reward-india.ml/login,1
http://sbi-secure-now.alert-india.loan/login,1
http://irctc-free-now.reward-india.loan/login,1
http://aadhaar-win-now.reward-india.loan/login,1
http://flipkart-free-now.block-india.click/login,1
http://uidai-win-now.win-india.top/login,1
http://airtel-block-now.reward-india.ml/login,1
http://trai-alert-now.kyc-india.xyz/login,1
http://gpay-update-now.suspend-india.click/login,1
http://kotak-update-now.suspend-india.top/login,1
http://bob-reward-now.secure-india.click/login,1
http://sbi-claim-now.alert-india.ga/login,1
http://sbi-login-now.reward-india.buzz/login,1
http://paytm-alert-now.suspend-india.fun/login,1
http://paytm-free-now.secure-india.top/login,1
http://jio-kyc-now.verify-india.ga/login,1
http://flipkart-secure-now.alert-india.top/login,1
http://flipkart-win-now.alert-india.click/login,1
http://gpay-alert-now.kyc-india.top/login,1
http://hdfc-login-now.kyc-india.buzz/login,1
http://axis-secure-now.claim-india.xyz/login,1
http://pnb-alert-now.reward-india.buzz/login,1
http://amazon-update-now.suspend-india.cf/login,1
http://pnb-block-now.block-india.work/login,1
http://hdfc-alert-now.update-india.click/login,1
http://yesbank-login-now.secure-india.loan/login,1
http://phonepe-verify-now.update-india.ml/login,1
http://aadhaar-secure-now.verify-india.xyz/login,1
http://trai-login-now.free-india.loan/login,1
http://pnb-verify-now.alert-india.top/login,1
http://yesbank-suspend-now.alert-india.click/login,1
http://yesbank-secure-now.claim-india.xyz/login,1
http://trai-suspend-now.update-india.work/login,1
http://irctc-reward-now.block-india.xyz/login,1
http://aadhaar-win-now.win-india.pw/login,1
http://trai-update-now.kyc-india.top/login,1
http://yesbank-free-now.win-india.work/login,1
http://airtel-kyc-now.kyc-india.ga/login,1
http://icici-suspend-now.reward-india.cf/login,1
http://bob-login-now.verify-india.xyz/login,1
http://kotak-verify-now.kyc-india.ga/login,1
http://amazon-suspend-now.login-india.top/login,1
http://paytm-reward-now.block-india.pw/login,1
http://airtel-login-now.verify-india.tk/login,1
http://phonepe-verify-now.secure-india.fun/login,1
http://irctc-update-now.login-india.work/login,1
http://phonepe-free-now.alert-india.tk/login,1
http://icici-free-now.alert-india.click/login,1
http://pnb-alert-now.secure-india.pw/login,1
http://aadhaar-block-now.win-india.click/login,1
http://yesbank-block-now.kyc-india.buzz/login,1
http://uidai-block-now.free-india.cf/login,1
http://jio-login-now.verify-india.top/login,1
http://irctc-secure-now.claim-india.loan/login,1
http://kotak-alert-now.win-india.top/login,1
http://hdfc-suspend-now.secure-india.cf/login,1
http://axis-kyc-now.block-india.ga/login,1
http://jio-login-now.alert-india.ml/login,1
http://axis-win-now.block-india.loan/login,1
http://pnb-reward-now.win-india.top/login,1
http://amazon-suspend-now.claim-india.cf/login,1
http://icici-login-now.kyc-india.pw/login,1
http://irctc-free-now.update-india.click/login,1
http://hdfc-reward-now.reward-india.top/login,1
http://paytm-reward-now.alert-india.xyz/login,1
http://yesbank-claim-now.update-india.cf/login,1
http://jio-alert-now.alert-india.top/login,1
http://uidai-login-now.reward-india.top/login,1
http://jio-secure-now.login-india.pw/login,1
http://phonepe-claim-now.kyc-india.pw/login,1
http://yesbank-suspend-now.reward-india.tk/login,1
http://axis-update-now.update-india.fun/login,1
http://sbi-kyc-now.block-india.top/login,1
http://irctc-update-now.win-india.buzz/login,1
http://paytm-verify-now.verify-india.work/login,1
http://phonepe-verify-now.kyc-india.cf/login,1
http://pnb-free-now.free-india.fun/login,1
http://pnb-free-now.suspend-india.tk/login,1
http://hdfc-kyc-now.secure-india.click/login,1
http://axis-verify-now.suspend-india.tk/login,1
http://hdfc-suspend-now.verify-india.ga/login,1
http://phonepe-reward-now.alert-india.tk/login,1
http://airtel-suspend-now.secure-india.pw/login,1
http://trai-update-now.suspend-india.cf/login,1
http://paytm-update-now.alert-india.pw/login,1
http://airtel-kyc-now.free-india.fun/login,1
http://trai-update-now.alert-india.pw/login,1
http://jio-win-now.secure-india.xyz/login,1
http://bob-claim-now.free-india.ml/login,1
http://irctc-alert-now.claim-india.loan/login,1
http://kotak-secure-now.free-india.fun/login,1
http://bob-reward-now.login-india.cf/login,1
http://yesbank-login-now.login-india.work/login,1
http://paytm-win-now.kyc-india.xyz/login,1
http://icici-verify-now.suspend-india.tk/login,1
http://paytm-update-now.alert-india.ml/login,1
http://paytm-win-now.update-india.cf/login,1
http://yesbank-win-now.claim-india.pw/login,1
http://jio-win-now.alert-india.top/login,1
http://amazon-update-now.free-india.buzz/login,1
http://aadhaar-win-now.suspend-india.cf/login,1
http://gpay-alert-now.free-india.xyz/login,1
http://pnb-kyc-now.reward-india.ga/login,1
http://pnb-update-now.verify-india.xyz/login,1
http://airtel-reward-now.kyc-india.work/login,1
http://flipkart-free-now.reward-india.fun/login,1
http://yesbank-alert-now.kyc-india.click/login,1
http://amazon-free-now.claim-india.pw/login,1
http://phonepe-verify-now.kyc-india.cf/login,1
http://amazon-update-now.alert-india.click/login,1
http://paytm-verify-now.kyc-india.ga/login,1
http://trai-suspend-now.alert-india.cf/login,1
http://gpay-win-now.kyc-india.top/login,1
http://hdfc-verify-now.free-india.click/login,1
http://yesbank-suspend-now.claim-india.click/login,1
http://sbi-update-now.alert-india.loan/login,1
http://gpay-login-now.kyc-india.click/login,1
http://trai-secure-now.block-india.top/login,1
http://trai-suspend-now.suspend-india.pw/login,1
http://gpay-reward-now.win-india.xyz/login,1
http://flipkart-win-now.suspend-india.loan/login,1
http://kotak-block-now.alert-india.xyz/login,1
http://kotak-claim-now.verify-india.top/login,1
http://uidai-free-now.update-india.work/login,1
http://amazon-alert-now.suspend-india.pw/login,1
http://jio-claim-now.suspend-india.ga/login,1
http://flipkart-secure-now.secure-india.buzz/login,1
http://hdfc-login-now.free-india.pw/login,1
http://airtel-reward-now.secure-india.xyz/login,1
http://trai-login-now.verify-india.ga/login,1
http://flipkart-login-now.reward-india.xyz/login,1
http://amazon-verify-now.update-india.cf/login,1
http://aadhaar-block-now.reward-india.xyz/login,1
http://trai-win-now.free-india.cf/login,1
http://hdfc-alert-now.suspend-india.ga/login,1
http://aadhaar-free-now.block-india.cf/login,1
http://axis-login-now.reward-india.loan/login,1
http://yesbank-kyc-now.block-india.buzz/login,1
http://gpay-verify-now.free-india.top/login,1
http://icici-claim-now.free-india.ga/login,1
http://irctc-verify-now.update-india.ml/login,1
http://airtel-kyc-now.free-india.cf/login,1
http://airtel-reward-now.kyc-india.top/login,1
http://gpay-win-now.kyc-india.click/login,1
http://axis-secure-now.secure-india.loan/login,1
http://aadhaar-free-now.update-india.tk/login,1
http://paytm-update-now.verify-india.ga/login,1
http://icici-secure-now.kyc-india.tk/login,1
http://flipkart-claim-now.update-india.loan/login,1
http://aadhaar-alert-now.block-india.tk/login,1
http://irctc-free-now.suspend-india.cf/login,1
http://icici-claim-now.update-india.click/login,1
http://phonepe-reward-now.login-india.loan/login,1
http://airtel-win-now.verify-india.pw/login,1
http://icici-update-now.kyc-india.ml/login,1
http://yesbank-kyc-now.block-india.fun/login,1
http://aadhaar-login-now.alert-india.buzz/login,1
http://pnb-verify-now.claim-india.top/login,1
http://amazon-update-now.block-india.top/login,1
http://gpay-kyc-now.login-india.pw/login,1
http://irctc-suspend-now.win-india.fun/login,1
http://icici-win-now.login-india.buzz/login,1
http://irctc-block-now.alert-india.top/login,1
http://yesbank-free-now.claim-india.ga/login,1
http://hdfc-verify-now.alert-india.ga/login,1
http://sbi-suspend-now.claim-india.xyz/login,1
http://pnb-free-now.claim-india.top/login,1
http://sbi-claim-now.alert-india.tk/login,1
http://paytm-update-now.suspend-india.loan/login,1
http://aadhaar-update-now.suspend-india.ml/login,1
http://irctc-alert-now.block-india.loan/login,1
http://yesbank-update-now.suspend-india.xyz/login,1
http://yesbank-login-now.secure-india.loan/login,1
http://amazon-secure-now.verify-india.tk/login,1
http://hdfc-secure-now.free-india.ml/login,1
http://airtel-reward-now.kyc-india.cf/login,1
http://yesbank-reward-now.update-india.loan/login,1
http://pnb-update-now.alert-india.cf/login,1
http://kotak-reward-now.verify-india.xyz/login,1
http://kotak-claim-now.kyc-india.fun/login,1
http://icici-kyc-now.block-india.pw/login,1
http://axis-claim-now.update-india.tk/login,1
http://airtel-claim-now.claim-india.tk/login,1
http://phonepe-suspend-now.login-india.pw/login,1
http://icici-login-now.verify-india.cf/login,1
http://kotak-block-now.block-india.tk/login,1
http://aadhaar-suspend-now.win-india.loan/login,1
http://kotak-block-now.free-india.cf/login,1
http://axis-reward-now.verify-india.cf/login,1
http://amazon-update-now.free-india.click/login,1
http://airtel-win-now.verify-india.ml/login,1
http://icici-update-now.suspend-india.xyz/login,1
http://axis-alert-now.verify-india.work/login,1
http://pnb-reward-now.block-india.tk/login,1
http://airtel-kyc-now.suspend-india.loan/login,1
http://jio-update-now.claim-india.ml/login,1
http://phonepe-free-now.suspend-india.fun/login,1
http://axis-free-now.verify-india.work/login,1
http://gpay-win-now.win-india.ml/login,1
http://phonepe-win-now.free-india.loan/login,1
http://jio-reward-now.verify-india.buzz/login,1
http://trai-secure-now.suspend-india.fun/login,1
http://gpay-alert-now.block-india.ga/login,1
http://hdfc-reward-now.login-india.pw/login,1
http://bob-login-now.block-india.cf/login,1
http://pnb-kyc-now.reward-india.pw/login,1
http://amazon-suspend-now.secure-india.cf/login,1
http://jio-suspend-now.update-india.fun/login,1
http://amazon-secure-now.free-india.pw/login,1
http://irctc-verify-now.update-india.top/login,1
http://uidai-login-now.win-india.cf/login,1
http://paytm-suspend-now.kyc-india.buzz/login,1
http://uidai-update-now.free-india.ga/login,1
http://paytm-win-now.verify-india.ga/login,1
http://jio-win-now.verify-india.fun/login,1
http://icici-free-now.reward-india.ml/login,1
http://gpay-secure-now.update-india.pw/login,1
http://sbi-free-now.login-india.fun/login,1
http://axis-win-now.verify-india.top/login,1
http://axis-claim-now.login-india.work/login,1
http://paytm-kyc-now.win-india.buzz/login,1
http://axis-claim-now.claim-india.top/login,1
http://bob-free-now.block-india.buzz/login,1
http://airtel-alert-now.free-india.ga/login,1
http://paytm-login-now.reward-india.click/login,1
http://gpay-free-now.free-india.ga/login,1
http://irctc-alert-now.secure-india.top/login,1
http://hdfc-secure-now.verify-india.top/login,1
http://flipkart-kyc-now.verify-india.xyz/login,1
http://flipkart-block-now.secure-india.ga/login,1
http://amazon-update-now.secure-india.ml/login,1
http://kotak-secure-now.kyc-india.top/login,1
http://sbi-alert-now.block-india.tk/login,1
http://uidai-alert-now.claim-india.cf/login,1
http://jio-alert-now.login-india.fun/login,1
http://airtel-alert-now.reward-india.cf/login,1
http://phonepe-alert-now.login-india.work/login,1
http://paytm-verify-now.login-india.buzz/login,1
http://irctc-reward-now.login-india.loan/login,1
http://trai-free-now.kyc-india.tk/login,1
http://airtel-win-now.claim-india.loan/login,1
http://airtel-win-now.update-india.cf/login,1
http://trai-secure-now.win-india.top/login,1
http://sbi-update-now.suspend-india.tk/login,1
http://jio-secure-now.secure-india.ga/login,1
http://aadhaar-suspend-now.suspend-india.loan/login,1
http://phonepe-free-now.alert-india.loan/login,1
http://sbi-kyc-now.verify-india.click/login,1
http://aadhaar-reward-now.suspend-india.click/login,1
http://sbi-alert-now.login-india.ml/login,1
http://axis-win-now.secure-india.fun/login,1
http://amazon-secure-now.win-india.cf/login,1
http://uidai-login-now.free-india.top/login,1
http://uidai-suspend-now.claim-india.tk/login,1
http://bob-alert-now.suspend-india.ga/login,1
http://jio-claim-now.verify-india.click/login,1
http://pnb-alert-now.login-india.loan/login,1
http://yesbank-alert-now.login-india.top/login,1
http://aadhaar-verify-now.win-india.tk/login,1
http://axis-suspend-now.kyc-india.ga/login,1
http://amazon-verify-now.login-india.work/login,1
http://amazon-block-now.win-india.tk/login,1
http://axis-free-now.block-india.work/login,1
http://paytm-login-now.win-india.ga/login,1
http://gpay-claim-now.update-india.xyz/login,1
http://airtel-verify-now.suspend-india.top/login,1
http://axis-secure-now.free-india.pw/login,1
http://flipkart-login-now.update-india.click/login,1
http://jio-suspend-now.update-india.tk/login,1
http://airtel-suspend-now.block-india.fun/login,1
http://jio-verify-now.alert-india.fun/login,1
http://airtel-block-now.kyc-india.buzz/login,1
http://sbi-alert-now.login-india.top/login,1
http://yesbank-update-now.update-india.loan/login,1
http://uidai-login-now.suspend-india.cf/login,1
http://sbi-reward-now.win-india.click/login,1
http://pnb-alert-now.block-india.fun/login,1
http://phonepe-verify-now.win-india.tk/login,1
http://uidai-verify-now.free-india.cf/login,1
http://gpay-kyc-now.kyc-india.ga/login,1
http://hdfc-win-now.kyc-india.ga/login,1
http://gpay-login-now.kyc-india.cf/login,1
http://flipkart-verify-now.free-india.work/login,1
http://jio-suspend-now.kyc-india.xyz/login,1
http://axis-win-now.win-india.ga/login,1
http://pnb-free-now.secure-india.buzz/login,1
http://amazon-kyc-now.win-india.tk/login,1
http://phonepe-alert-now.reward-india.xyz/login,1
http://phonepe-claim-now.verify-india.loan/login,1
http://phonepe-free-now.reward-india.tk/login,1
http://icici-kyc-now.login-india.tk/login,1
http://paytm-reward-now.update-india.top/login,1
http://jio-win-now.kyc-india.cf/login,1
http://trai-win-now.block-india.buzz/login,1
http://trai-suspend-now.suspend-india.click/login,1
http://flipkart-kyc-now.suspend-india.loan/login,1
http://uidai-login-now.alert-india.top/login,1
http://phonepe-suspend-now.alert-india.cf/login,1
http://yesbank-secure-now.suspend-india.ga/login,1
http://sbi-login-now.reward-india.cf/login,1
http://bob-block-now.alert-india.tk/login,1
http://uidai-update-now.win-india.ml/login,1
http://hdfc-login-now.win-india.fun/login,1
http://aadhaar-update-now.block-india.work/login,1
http://bob-free-now.suspend-india.fun/login,1
http://paytm-verify-now.block-india.ml/login,1
http://aadhaar-login-now.kyc-india.ga/login,1
http://hdfc-block-now.suspend-india.loan/login,1
http://icici-login-now.block-india.loan/login,1
http://icici-claim-now.block-india.loan/login,1
http://icici-secure-now.secure-india.click/login,1
http://aadhaar-kyc-now.kyc-india.xyz/login,1
http://amazon-alert-now.login-india.ml/login,1
http://jio-win-now.free-india.tk/login,1
http://trai-kyc-now.suspend-india.work/login,1
http://icici-reward-now.win-india.buzz/login,1
http://aadhaar-update-now.win-india.click/login,1
http://flipkart-kyc-now.free-india.cf/login,1
http://yesbank-verify-now.verify-india.xyz/login,1
http://sbi-free-now.win-india.xyz/login,1
http://sbi-update-now.claim-india.ml/login,1
http://uidai-update-now.update-india.fun/login,1
http://gpay-alert-now.update-india.work/login,1
http://aadhaar-free-now.claim-india.xyz/login,1
http://sbi-win-now.kyc-india.click/login,1
http://yesbank-reward-now.free-india.tk/login,1
http://trai-free-now.secure-india.cf/login,1
http://airtel-kyc-now.update-india.loan/login,1
http://paytm-suspend-now.free-india.pw/login,1
http://aadhaar-alert-now.secure-india.work/login,1
http://trai-update-now.kyc-india.ml/login,1
http://kotak-block-now.suspend-india.xyz/login,1
http://yesbank-reward-now.alert-india.xyz/login,1
http://trai-reward-now.alert-india.xyz/login,1
http://hdfc-suspend-now.verify-india.xyz/login,1
http://airtel-login-now.reward-india.click/login,1
http://yesbank-update-now.claim-india.fun/login,1
http://trai-secure-now.block-india.ml/login,1
http://bob-reward-now.suspend-india.tk/login,1
http://jio-reward-now.kyc-india.cf/login,1
http://trai-login-now.claim-india.click/login,1
http://hdfc-claim-now.secure-india.ml/login,1
http://uidai-reward-now.win-india.xyz/login,1
http://aadhaar-win-now.verify-india.buzz/login,1
http://irctc-verify-now.reward-india.ga/login,1
http://jio-reward-now.suspend-india.pw/login,1
http://aadhaar-alert-now.suspend-india.click/login,1
http://sbi-suspend-now.free-india.loan/login,1
http://phonepe-kyc-now.update-india.xyz/login,1
http://airtel-verify-now.update-india.top/login,1
http://airtel-block-now.update-india.loan/login,1
http://trai-win-now.verify-india.cf/login,1
http://airtel-free-now.kyc-india.loan/login,1
http://irctc-alert-now.login-india.loan/login,1
http://gpay-reward-now.win-india.ga/login,1
http://trai-free-now.update-india.top/login,1
http://airtel-login-now.kyc-india.buzz/login,1
http://icici-kyc-now.win-india.top/login,1
http://kotak-win-now.kyc-india.loan/login,1
http://uidai-free-now.free-india.buzz/login,1
http://kotak-reward-now.secure-india.ml/login,1
http://sbi-login-now.reward-india.fun/login,1
http://paytm-claim-now.win-india.fun/login,1
http://trai-reward-now.login-india.tk/login,1
http://kotak-secure-now.update-india.work/login,1
http://hdfc-reward-now.secure-india.buzz/login,1
http://bob-kyc-now.claim-india.click/login,1
http://kotak-verify-now.kyc-india.top/login,1
http://jio-win-now.free-india.click/login,1
http://yesbank-block-now.free-india.ml/login,1
http://kotak-login-now.win-india.xyz/login,1
http://icici-alert-now.reward-india.cf/login,1
http://amazon-secure-now.secure-india.loan/login,1
http://uidai-block-now.block-india.xyz/login,1
http://jio-win-now.update-india.click/login,1
http://jio-block-now.win-india.loan/login,1
http://trai-kyc-now.secure-india.click/login,1
http://paytm-alert-now.suspend-india.fun/login,1
http://hdfc-free-now.win-india.click/login,1
http://hdfc-secure-now.free-india.buzz/login,1
http://hdfc-secure-now.login-india.ga/login,1
http://gpay-login-now.claim-india.ga/login,1
http://trai-secure-now.suspend-india.click/login,1
http://axis-reward-now.win-india.ga/login,1
http://paytm-update-now.update-india.tk/login,1
http://flipkart-block-now.alert-india.fun/login,1
http://axis-block-now.verify-india.pw/login,1
http://gpay-login-now.suspend-india.tk/login,1
http://gpay-alert-now.login-india.ml/login,1
http://bob-free-now.claim-india.ga/login,1
http://hdfc-reward-now.verify-india.fun/login,1
http://icici-update-now.suspend-india.loan/login,1
http://irctc-claim-now.reward-india.tk/login,1
http://flipkart-block-now.reward-india.loan/login,1
http://trai-verify-now.verify-india.ml/login,1
http://gpay-verify-now.verify-india.pw/login,1
http://axis-claim-now.reward-india.tk/login,1
http://aadhaar-kyc-now.suspend-india.loan/login,1
http://sbi-login-now.win-india.top/login,1
http://yesbank-alert-now.free-india.fun/login,1
http://irctc-secure-now.win-india.cf/login,1
http://axis-win-now.reward-india.xyz/login,1
http://gpay-reward-now.claim-india.pw/login,1
http://pnb-kyc-now.verify-india.tk/login,1
http://kotak-suspend-now.update-india.tk/login,1
http://trai-free-now.suspend-india.cf/login,1
http://axis-block-now.secure-india.ga/login,1
http://jio-reward-now.block-india.work/login,1
http://yesbank-verify-now.suspend-india.ml/login,1
http://amazon-login-now.kyc-india.fun/login,1
http://phonepe-login-now.suspend-india.pw/login,1
http://trai-kyc-now.update-india.ga/login,1
http://flipkart-secure-now.claim-india.click/login,1
http://amazon-update-now.update-india.cf/login,1
http://hdfc-win-now.win-india.fun/login,1
http://kotak-kyc-now.block-india.loan/login,1
http://amazon-win-now.verify-india.click/login,1
http://sbi-claim-now.login-india.work/login,1
http://bob-reward-now.reward-india.fun/login,1
http://hdfc-block-now.win-india.tk/login,1
http://axis-win-now.kyc-india.top/login,1
http://sbi-verify-now.login-india.xyz/login,1
http://trai-login-now.claim-india.top/login,1
http://bob-suspend-now.update-india.xyz/login,1
http://bob-kyc-now.free-india.work/login,1
http://icici-claim-now.win-india.ga/login,1
http://axis-kyc-now.login-india.cf/login,1
http://yesbank-claim-now.verify-india.top/login,1
http://trai-block-now.kyc-india.top/login,1
http://uidai-update-now.alert-india.buzz/login,1
http://irctc-reward-now.block-india.buzz/login,1
http://paytm-suspend-now.login-india.loan/login,1
http://airtel-secure-now.win-india.xyz/login,1
http://axis-login-now.secure-india.loan/login,1
http://sbi-block-now.alert-india.ga/login,1
http://yesbank-secure-now.login-india.work/login,1
http://aadhaar-win-now.block-india.ml/login,1
http://amazon-verify-now.login-india.ga/login,1
http://pnb-suspend-now.win-india.tk/login,1
http://hdfc-update-now.free-india.click/login,1
http://flipkart-win-now.win-india.xyz/login,1
http://hdfc-block-now.claim-india.pw/login,1
http://uidai-win-now.update-india.cf/login,1
http://kotak-suspend-now.kyc-india.xyz/login,1
http://flipkart-secure-now.suspend-india.ml/login,1
http://bob-suspend-now.win-india.pw/login,1
http://amazon-suspend-now.suspend-india.top/login,1
http://kotak-block-now.free-india.pw/login,1
http://flipkart-update-now.block-india.cf/login,1
http://paytm-block-now.claim-india.pw/login,1
http://bob-free-now.suspend-india.ga/login,1
http://paytm-claim-now.suspend-india.tk/login,1
http://kotak-verify-now.block-india.cf/login,1
http://uidai-suspend-now.login-india.ml/login,1
http://gpay-update-now.kyc-india.ga/login,1
http://kotak-kyc-now.reward-india.top/login,1
http://uidai-block-now.verify-india.top/login,1
http://sbi-block-now.alert-india.ml/login,1
http://bob-free-now.update-india.work/login,1
http://amazon-verify-now.free-india.work/login,1
http://phonepe-win-now.login-india.cf/login,1
http://aadhaar-win-now.login-india.loan/login,1
http://jio-claim-now.free-india.buzz/login,1
http://pnb-free-now.login-india.loan/login,1
http://paytm-free-now.block-india.xyz/login,1
http://kotak-verify-now.claim-india.top/login,1
http://axis-kyc-now.win-india.pw/login,1
http://amazon-claim-now.verify-india.loan/login,1
http://paytm-reward-now.suspend-india.click/login,1
http://aadhaar-free-now.kyc-india.top/login,1
http://airtel-update-now.block-india.top/login,1
http://uidai-reward-now.claim-india.top/login,1
http://icici-login-now.verify-india.loan/login,1
http://irctc-reward-now.update-india.buzz/login,1
http://paytm-login-now.block-india.click/login,1
http://uidai-claim-now.update-india.cf/login,1
http://gpay-secure-now.reward-india.loan/login,1
http://paytm-login-now.suspend-india.cf/login,1
http://trai-secure-now.free-india.xyz/login,1
http://sbi-kyc-now.alert-india.ga/login,1
http://sbi-verify-now.free-india.loan/login,1
http://amazon-suspend-now.reward-india.top/login,1
http://icici-verify-now.update-india.top/login,1
http://trai-login-now.update-india.tk/login,1
http://gpay-suspend-now.claim-india.xyz/login,1
http://hdfc-update-now.reward-india.loan/login,1
http://hdfc-suspend-now.free-india.cf/login,1
http://icici-secure-now.free-india.pw/login,1
http://icici-win-now.claim-india.xyz/login,1
http://flipkart-reward-now.kyc-india.buzz/login,1
http://trai-login-now.suspend-india.work/login,1
http://amazon-free-now.kyc-india.xyz/login,1
http://pnb-login-now.free-india.cf/login,1
http://airtel-verify-now.alert-india.work/login,1
http://flipkart-suspend-now.secure-india.top/login,1
http://phonepe-verify-now.win-india.work/login,1
http://paytm-win-now.reward-india.top/login,1
http://paytm-suspend-now.kyc-india.click/login,1
http://sbi-block-now.update-india.fun/login,1
http://irctc-win-now.free-india.work/login,1
http://bob-verify-now.kyc-india.pw/login,1
http://icici-secure-now.verify-india.top/login,1
http://trai-free-now.block-india.cf/login,1
http://icici-login-now.login-india.ga/login,1
http://flipkart-login-now.update-india.ml/login,1
http://yesbank-claim-now.win-india.ml/login,1
http://gpay-claim-now.reward-india.tk/login,1
http://flipkart-block-now.update-india.work/login,1
http://sbi-login-now.kyc-india.buzz/login,1
http://axis-update-now.suspend-india.ml/login,1
http://sbi-reward-now.update-india.ga/login,1
http://amazon-login-now.block-india.buzz/login,1
http://yesbank-kyc-now.alert-india.work/login,1
http://aadhaar-suspend-now.claim-india.top/login,1
http://axis-login-now.login-india.work/login,1
http://icici-free-now.block-india.cf/login,1
http://kotak-secure-now.suspend-india.xyz/login,1
http://phonepe-suspend-now.claim-india.xyz/login,1
http://paytm-reward-now.secure-india.loan/login,1
http://hdfc-update-now.reward-india.cf/login,1
http://kotak-verify-now.login-india.work/login,1
http://gpay-free-now.secure-india.tk/login,1
http://bob-alert-now.block-india.tk/login,1
http://paytm-alert-now.win-india.work/login,1
http://trai-kyc-now.kyc-india.tk/login,1
http://sbi-kyc-now.free-india.tk/login,1
http://irctc-suspend-now.block-india.ml/login,1
http://axis-free-now.login-india.cf/login,1
http://trai-reward-now.kyc-india.pw/login,1
http://aadhaar-claim-now.win-india.work/login,1
http://flipkart-login-now.reward-india.ga/login,1
http://aadhaar-login-now.update-india.loan/login,1
http://phonepe-block-now.free-india.click/login,1
http://amazon-verify-now.claim-india.ga/login,1
http://uidai-alert-now.win-india.xyz/login,1
http://irctc-win-now.suspend-india.loan/login,1
http://amazon-reward-now.free-india.tk/login,1
http://flipkart-alert-now.win-india.xyz/login,1
http://bob-alert-now.login-india.top/login,1
http://trai-kyc-now.verify-india.click/login,1
http://sbi-reward-now.block-india.ml/login,1
http://icici-free-now.kyc-india.ml/login,1
http://jio-free-now.claim-india.click/login,1
http://phonepe-update-now.reward-india.buzz/login,1
http://pnb-verify-now.claim-india.loan/login,1
http://flipkart-update-now.free-india.cf/login,1
http://bob-suspend-now.kyc-india.fun/login,1
http://icici-block-now.free-india.ml/login,1
http://icici-suspend-now.kyc-india.click/login,1
http://uidai-reward-now.alert-india.pw/login,1
http://hdfc-block-now.suspend-india.loan/login,1
http://airtel-login-now.reward-india.pw/login,1
http://aadhaar-secure-now.block-india.xyz/login,1
http://phonepe-kyc-now.verify-india.click/login,1
http://hdfc-suspend-now.win-india.fun/login,1
http://jio-free-now.block-india.top/login,1
http://airtel-block-now.secure-india.buzz/login,1
http://paytm-secure-now.suspend-india.click/login,1
http://trai-block-now.free-india.tk/login,1
http://icici-secure-now.claim-india.work/login,1
http://aadhaar-block-now.alert-india.xyz/login,1
http://flipkart-update-now.claim-india.ml/login,1
http://jio-block-now.reward-india.work/login,1
http://bob-alert-now.login-india.loan/login,1
http://phonepe-verify-now.suspend-india.work/login,1
http://airtel-reward-now.update-india.pw/login,1
http://icici-win-now.free-india.buzz/login,1
http://flipkart-alert-now.suspend-india.loan/login,1
http://irctc-reward-now.block-india.ml/login,1
http://uidai-reward-now.block-india.work/login,1
http://paytm-kyc-now.claim-india.loan/login,1
http://uidai-login-now.alert-india.fun/login,1
http://hdfc-free-now.block-india.click/login,1
http://trai-verify-now.reward-india.buzz/login,1
http://phonepe-free-now.free-india.ga/login,1
http://pnb-verify-now.win-india.cf/login,1
http://sbi-free-now.claim-india.top/login,1
http://bob-win-now.suspend-india.click/login,1
http://flipkart-suspend-now.verify-india.xyz/login,1
http://axis-kyc-now.secure-india.loan/login,1
http://phonepe-win-now.claim-india.click/login,1
http://airtel-secure-now.kyc-india.loan/login,1
http://bob-alert-now.suspend-india.top/login,1
http://gpay-kyc-now.claim-india.pw/login,1
http://kotak-kyc-now.free-india.ga/login,1
http://paytm-free-now.block-india.fun/login,1
http://uidai-secure-now.reward-india.ga/login,1
http://gpay-block-now.suspend-india.tk/login,1
http://yesbank-reward-now.kyc-india.cf/login,1
http://icici-free-now.free-india.click/login,1
http://phonepe-block-now.claim-india.fun/login,1
http://irctc-kyc-now.claim-india.top/login,1
http://phonepe-suspend-now.kyc-india.top/login,1
http://uidai-login-now.win-india.ga/login,1
http://yesbank-block-now.suspend-india.buzz/login,1
http://pnb-update-now.login-india.loan/login,1
http://axis-block-now.win-india.top/login,1
http://pnb-claim-now.verify-india.buzz/login,1
http://irctc-block-now.secure-india.top/login,1
http://aadhaar-claim-now.verify-india.pw/login,1
http://yesbank-alert-now.free-india.cf/login,1
http://airtel-login-now.verify-india.ga/login,1
http://kotak-free-now.suspend-india.tk/login,1
http://trai-suspend-now.update-india.tk/login,1
http://irctc-suspend-now.alert-india.ml/login,1
http://hdfc-login-now.block-india.fun/login,1
http://yesbank-suspend-now.login-india.cf/login,1
http://hdfc-update-now.claim-india.ga/login,1
http://bob-secure-now.update-india.click/login,1
http://kotak-alert-now.update-india.click/login,1
http://yesbank-login-now.update-india.ga/login,1
http://phonepe-claim-now.suspend-india.ga/login,1
http://amazon-alert-now.win-india.loan/login,1
http://axis-login-now.reward-india.work/login,1
http://yesbank-verify-now.verify-india.pw/login,1
http://airtel-kyc-now.win-india.buzz/login,1
http://axis-secure-now.update-india.xyz/login,1
http://pnb-kyc-now.alert-india.top/login,1
http://trai-update-now.win-india.pw/login,1
http://trai-alert-now.block-india.xyz/login,1
http://paytm-alert-now.verify-india.cf/login,1
http://pnb-kyc-now.login-india.loan/login,1
http://trai-block-now.claim-india.top/login,1
http://phonepe-kyc-now.claim-india.loan/login,1
http://amazon-reward-now.verify-india.click/login,1
http://uidai-block-now.reward-india.work/login,1
http://aadhaar-alert-now.secure-india.cf/login,1
http://phonepe-kyc-now.alert-india.fun/login,1
http://yesbank-block-now.claim-india.fun/login,1
http://airtel-block-now.free-india.click/login,1
http://uidai-reward-now.claim-india.click/login,1
http://kotak-kyc-now.block-india.ml/login,1
http://kotak-suspend-now.update-india.tk/login,1
http://amazon-claim-now.verify-india.ml/login,1
http://sbi-verify-now.verify-india.ml/login,1
http://kotak-claim-now.free-india.ga/login,1
http://uidai-free-now.login-india.tk/login,1
http://jio-kyc-now.free-india.tk/login,1
http://yesbank-claim-now.update-india.ga/login,1
http://sbi-claim-now.claim-india.work/login,1
http://hdfc-block-now.login-india.buzz/login,1
http://amazon-block-now.win-india.ml/login,1
http://axis-secure-now.secure-india.cf/login,1
http://trai-block-now.suspend-india.top/login,1
http://bob-suspend-now.suspend-india.fun/login,1
http://irctc-kyc-now.alert-india.fun/login,1
http://jio-reward-now.alert-india.buzz/login,1
http://flipkart-win-now.secure-india.buzz/login,1
http://amazon-kyc-now.win-india.xyz/login,1
http://paytm-claim-now.block-india.fun/login,1
http://phonepe-claim-now.secure-india.ga/login,1
http://icici-block-now.login-india.ml/login,1
http://aadhaar-update-now.win-india.ml/login,1
http://gpay-update-now.kyc-india.ga/login,1
http://paytm-free-now.verify-india.buzz/login,1
http://kotak-suspend-now.update-india.xyz/login,1
http://bob-win-now.verify-india.tk/login,1
http://trai-login-now.reward-india.cf/login,1
http://irctc-kyc-now.login-india.fun/login,1
http://aadhaar-alert-now.claim-india.xyz/login,1
http://aadhaar-kyc-now.alert-india.top/login,1
http://trai-win-now.update-india.buzz/login,1
http://flipkart-kyc-now.kyc-india.click/login,1
http://irctc-alert-now.claim-india.cf/login,1
http://pnb-block-now.free-india.cf/login,1
http://irctc-kyc-now.reward-india.ml/login,1
http://uidai-verify-now.claim-india.ml/login,1
http://icici-block-now.free-india.fun/login,1
http://flipkart-reward-now.free-india.loan/login,1
http://jio-win-now.update-india.top/login,1
http://hdfc-block-now.kyc-india.fun/login,1
http://flipkart-update-now.free-india.work/login,1
http://phonepe-update-now.alert-india.buzz/login,1
http://gpay-login-now.alert-india.fun/login,1
http://gpay-suspend-now.free-india.pw/login,1
http://phonepe-verify-now.claim-india.ml/login,1
http://phonepe-kyc-now.suspend-india.pw/login,1
http://gpay-win-now.reward-india.ml/login,1
http://axis-win-now.reward-india.click/login,1
http://uidai-update-now.free-india.cf/login,1
http://jio-block-now.block-india.ml/login,1
http://jio-kyc-now.claim-india.buzz/login,1
http://pnb-win-now.login-india.pw/login,1
http://aadhaar-login-now.claim-india.loan/login,1
http://kotak-secure-now.reward-india.tk/login,1
http://irctc-win-now.free-india.work/login,1
http://irctc-login-now.kyc-india.top/login,1
http://kotak-login-now.verify-india.pw/login,1
http://yesbank-secure-now.secure-india.pw/login,1
http://irctc-suspend-now.win-india.fun/login,1
http://axis-kyc-now.alert-india.pw/login,1
http://uidai-alert-now.verify-india.ml/login,1
http://uidai-kyc-now.alert-india.tk/login,1
http://phonepe-verify-now.claim-india.ga/login,1
http://flipkart-block-now.alert-india.fun/login,1
http://axis-login-now.alert-india.fun/login,1
http://yesbank-kyc-now.suspend-india.loan/login,1
http://trai-login-now.kyc-india.ml/login,1
http://sbi-free-now.update-india.ml/login,1
http://pnb-reward-now.win-india.fun/login,1
http://hdfc-block-now.login-india.ml/login,1
http://hdfc-verify-now.secure-india.loan/login,1
http://irctc-suspend-now.free-india.work/login,1
http://trai-block-now.block-india.pw/login,1
http://flipkart-claim-now.free-india.ga/login,1
http://pnb-free-now.block-india.click/login,1
http://phonepe-login-now.free-india.loan/login,1
http://bob-verify-now.verify-india.ga/login,1
http://sbi-secure-now.secure-india.ga/login,1
http://bob-free-now.update-india.pw/login,1
http://uidai-claim-now.update-india.work/login,1
http://icici-claim-now.kyc-india.ga/login,1
http://uidai-update-now.verify-india.ml/login,1
http://uidai-kyc-now.win-india.pw/login,1
http://pnb-free-now.verify-india.tk/login,1
http://kotak-login-now.alert-india.cf/login,1
http://trai-login-now.verify-india.pw/login,1
http://gpay-verify-now.suspend-india.top/login,1
http://irctc-update-now.login-india.buzz/login,1
http://uidai-alert-now.update-india.pw/login,1
http://axis-kyc-now.reward-india.xyz/login,1
http://paytm-win-now.kyc-india.tk/login,1
http://gpay-kyc-now.update-india.buzz/login,1
http://flipkart-reward-now.alert-india.buzz/login,1
http://paytm-verify-now.update-india.pw/login,1
http://icici-update-now.update-india.top/login,1
http://bob-update-now.kyc-india.ml/login,1
http://hdfc-update-now.suspend-india.fun/login,1
http://hdfc-alert-now.kyc-india.fun/login,1
http://yesbank-free-now.win-india.loan/login,1
http://flipkart-login-now.login-india.pw/login,1
http://gpay-verify-now.secure-india.pw/login,1
http://gpay-reward-now.reward-india.click/login,1
http://gpay-block-now.verify-india.buzz/login,1
http://phonepe-alert-now.free-india.buzz/login,1
http://kotak-block-now.update-india.ml/login,1
http://kotak-kyc-now.update-india.tk/login,1
http://kotak-verify-now.block-india.buzz/login,1
http://bob-free-now.block-india.ml/login,1
http://yesbank-verify-now.suspend-india.buzz/login,1
http://yesbank-kyc-now.kyc-india.pw/login,1
http://kotak-reward-now.kyc-india.xyz/login,1
http://uidai-login-now.win-india.click/login,1
http://pnb-win-now.reward-india.tk/login,1
http://sbi-login-now.win-india.buzz/login,1
http://uidai-suspend-now.claim-india.ml/login,1
http://uidai-alert-now.verify-india.tk/login,1
http://jio-alert-now.update-india.ml/login,1
http://airtel-login-now.reward-india.click/login,1
http://aadhaar-claim-now.block-india.click/login,1
http://bob-secure-now.kyc-india.ga/login,1
http://sbi-secure-now.update-india.fun/login,1
http://paytm-verify-now.kyc-india.work/login,1
http://hdfc-reward-now.update-india.click/login,1
http://phonepe-alert-now.login-india.loan/login,1
http://irctc-secure-now.verify-india.ml/login,1
http://hdfc-alert-now.win-india.fun/login,1
http://icici-reward-now.reward-india.pw/login,1
http://sbi-reward-now.login-india.ml/login,1
http://paytm-secure-now.block-india.buzz/login,1
http://axis-claim-now.claim-india.cf/login,1
http://phonepe-free-now.free-india.buzz/login,1
http://sbi-login-now.win-india.fun/login,1
http://kotak-verify-now.login-india.xyz/login,1
http://axis-verify-now.suspend-india.click/login,1
http://bob-alert-now.suspend-india.buzz/login,1
http://flipkart-claim-now.reward-india.cf/login,1
http://icici-claim-now.alert-india.pw/login,1
http://pnb-claim-now.secure-india.top/login,1
http://phonepe-login-now.secure-india.work/login,1
http://axis-kyc-now.secure-india.work/login,1
http://amazon-verify-now.update-india.xyz/login,1
http://aadhaar-verify-now.update-india.loan/login,1
http://axis-verify-now.login-india.xyz/login,1
http://amazon-block-now.login-india.tk/login,1
http://flipkart-reward-now.secure-india.tk/login,1
http://irctc-kyc-now.reward-india.loan/login,1
http://hdfc-block-now.verify-india.loan/login,1
http://axis-win-now.free-india.click/login,1
http://flipkart-update-now.kyc-india.pw/login,1
http://sbi-win-now.update-india.click/login,1
http://hdfc-alert-now.update-india.ga/login,1
http://trai-verify-now.reward-india.work/login,1
http://axis-login-now.verify-india.work/login,1
http://jio-claim-now.update-india.xyz/login,1
http://kotak-claim-now.block-india.cf/login,1
http://irctc-secure-now.login-india.top/login,1
http://phonepe-update-now.win-india.ga/login,1
http://sbi-verify-now.suspend-india.top/login,1
http://phonepe-claim-now.block-india.loan/login,1
http://pnb-alert-now.reward-india.fun/login,1
http://amazon-suspend-now.secure-india.work/login,1
http://sbi-login-now.update-india.loan/login,1
http://sbi-claim-now.login-india.buzz/login,1
http://gpay-suspend-now.reward-india.ml/login,1
http://flipkart-secure-now.reward-india.top/login,1
http://amazon-kyc-now.update-india.click/login,1
http://uidai-update-now.block-india.ga/login,1
http://paytm-win-now.alert-india.xyz/login,1
http://hdfc-verify-now.secure-india.top/login,1
http://amazon-reward-now.update-india.cf/login,1
http://yesbank-free-now.suspend-india.xyz/login,1
http://icici-update-now.verify-india.work/login,1
http://uidai-alert-now.free-india.work/login,1
http://axis-secure-now.verify-india.xyz/login,1
http://airtel-suspend-now.login-india.loan/login,1
http://aadhaar-update-now.win-india.pw/login,1
http://airtel-suspend-now.verify-india.click/login,1
http://jio-free-now.win-india.tk/login,1
http://yesbank-kyc-now.verify-india.cf/login,1
http://trai-verify-now.suspend-india.cf/login,1
http://irctc-reward-now.suspend-india.loan/login,1
http://irctc-free-now.login-india.buzz/login,1
http://icici-login-now.alert-india.pw/login,1
http://flipkart-free-now.update-india.top/login,1
http://bob-suspend-now.block-india.fun/login,1
http://kotak-update-now.reward-india.top/login,1
http://axis-kyc-now.login-india.work/login,1
http://kotak-verify-now.alert-india.work/login,1
http://uidai-secure-now.login-india.ga/login,1
http://phonepe-claim-now.reward-india.ml/login,1
http://gpay-win-now.win-india.loan/login,1
http://uidai-suspend-now.secure-india.pw/login,1
http://uidai-update-now.suspend-india.work/login,1
http://sbi-update-now.win-india.cf/login,1
http://phonepe-reward-now.free-india.ml/login,1
http://sbi-login-now.alert-india.xyz/login,1
http://trai-alert-now.block-india.ml/login,1
http://axis-update-now.reward-india.xyz/login,1
http://phonepe-free-now.free-india.buzz/login,1
http://sbi-free-now.free-india.buzz/login,1
http://airtel-update-now.block-india.tk/login,1
http://jio-claim-now.free-india.fun/login,1
http://uidai-block-now.suspend-india.loan/login,1
http://uidai-alert-now.kyc-india.tk/login,1
http://icici-alert-now.verify-india.fun/login,1
http://aadhaar-block-now.free-india.pw/login,1
http://kotak-free-now.block-india.xyz/login,1
http://icici-block-now.reward-india.cf/login,1
http://kotak-block-now.kyc-india.ml/login,1
http://axis-alert-now.claim-india.loan/login,1
http://trai-win-now.login-india.pw/login,1
http://flipkart-block-now.claim-india.work/login,1
http://sbi-block-now.kyc-india.xyz/login,1
http://sbi-secure-now.block-india.xyz/login,1
http://amazon-alert-now.claim-india.work/login,1
http://icici-kyc-now.login-india.top/login,1
http://uidai-update-now.secure-india.pw/login,1
http://bob-update-now.free-india.buzz/login,1
http://icici-kyc-now.block-india.work/login,1
http://uidai-secure-now.kyc-india.pw/login,1
http://amazon-block-now.block-india.ml/login,1
http://flipkart-win-now.reward-india.pw/login,1
http://irctc-free-now.free-india.xyz/login,1
http://airtel-verify-now.suspend-india.click/login,1
http://jio-win-now.update-india.cf/login,1
http://icici-suspend-now.reward-india.tk/login,1
http://pnb-reward-now.verify-india.work/login,1
http://aadhaar-free-now.login-india.ml/login,1
http://irctc-secure-now.free-india.fun/login,1
http://aadhaar-block-now.login-india.click/login,1
http://bob-claim-now.update-india.work/login,1
http://uidai-free-now.free-india.buzz/login,1
http://bob-kyc-now.secure-india.buzz/login,1
http://hdfc-suspend-now.reward-india.fun/login,1
http://kotak-suspend-now.reward-india.top/login,1
http://aadhaar-login-now.win-india.cf/login,1
http://amazon-verify-now.secure-india.work/login,1
http://trai-secure-now.kyc-india.tk/login,1
http://flipkart-verify-now.kyc-india.loan/login,1
http://yesbank-update-now.reward-india.ml/login,1
http://phonepe-claim-now.suspend-india.ga/login,1
http://amazon-secure-now.block-india.loan/login,1
http://paytm-verify-now.block-india.pw/login,1
http://jio-secure-now.block-india.top/login,1
http://aadhaar-win-now.block-india.ga/login,1
http://hdfc-reward-now.kyc-india.cf/login,1
http://bob-alert-now.kyc-india.loan/login,1
http://flipkart-suspend-now.suspend-india.tk/login,1
http://amazon-verify-now.suspend-india.tk/login,1
http://icici-secure-now.update-india.ga/login,1
http://axis-suspend-now.win-india.ga/login,1
http://pnb-free-now.suspend-india.buzz/login,1
http://phonepe-login-now.win-india.top/login,1
http://axis-login-now.login-india.work/login,1
http://amazon-verify-now.claim-india.ml/login,1
http://jio-verify-now.secure-india.click/login,1
http://aadhaar-block-now.update-india.top/login,1
http://yesbank-win-now.verify-india.ml/login,1
http://pnb-secure-now.secure-india.work/login,1
http://paytm-secure-now.update-india.pw/login,1
http://axis-reward-now.claim-india.buzz/login,1
http://hdfc-login-now.win-india.cf/login,1
http://airtel-verify-now.suspend-india.top/login,1
http://bob-update-now.alert-india.fun/login,1
http://irctc-win-now.update-india.loan/login,1
http://paytm-win-now.secure-india.pw/login,1
http://aadhaar-suspend-now.block-india.buzz/login,1
http://hdfc-block-now.block-india.fun/login,1
http://sbi-reward-now.alert-india.loan/login,1
http://paytm-update-now.secure-india.tk/login,1
http://flipkart-secure-now.reward-india.loan/login,1
http://axis-login-now.claim-india.pw/login,1
http://phonepe-reward-now.free-india.top/login,1
http://airtel-block-now.reward-india.pw/login,1
http://aadhaar-suspend-now.login-india.fun/login,1
http://uidai-reward-now.win-india.pw/login,1
http://aadhaar-alert-now.secure-india.loan/login,1
http://bob-suspend-now.secure-india.fun/login,1
http://icici-claim-now.claim-india.pw/login,1
http://airtel-claim-now.free-india.xyz/login,1
http://axis-update-now.suspend-india.ml/login,1
http://phonepe-verify-now.free-india.work/login,1
http://pnb-login-now.win-india.top/login,1
http://hdfc-claim-now.update-india.tk/login,1
http://irctc-update-now.reward-india.buzz/login,1
http://hdfc-login-now.suspend-india.loan/login,1
http://aadhaar-reward-now.login-india.top/login,1
http://yesbank-login-now.reward-india.fun/login,1
http://paytm-update-now.block-india.pw/login,1
http://airtel-claim-now.claim-india.pw/login,1
http://hdfc-reward-now.alert-india.xyz/login,1
http://hdfc-verify-now.suspend-india.buzz/login,1
http://uidai-secure-now.kyc-india.cf/login,1
http://trai-suspend-now.secure-india.ml/login,1
http://hdfc-secure-now.reward-india.top/login,1
http://airtel-win-now.block-india.pw/login,1
http://amazon-reward-now.alert-india.top/login,1
http://hdfc-claim-now.reward-india.cf/login,1
http://phonepe-verify-now.secure-india.click/login,1
http://amazon-claim-now.alert-india.work/login,1
http://yesbank-block-now.verify-india.pw/login,1
http://flipkart-secure-now.claim-india.ga/login,1
http://gpay-block-now.suspend-india.xyz/login,1
http://amazon-kyc-now.login-india.click/login,1
http://airtel-reward-now.reward-india.ml/login,1
http://phonepe-reward-now.claim-india.fun/login,1
http://kotak-verify-now.update-india.top/login,1
http://yesbank-suspend-now.suspend-india.click/login,1
http://jio-verify-now.verify-india.fun/login,1
http://amazon-kyc-now.kyc-india.tk/login,1
http://phonepe-kyc-now.secure-india.ml/login,1
http://flipkart-reward-now.alert-india.fun/login,1
http://irctc-secure-now.reward-india.ml/login,1
http://yesbank-suspend-now.update-india.top/login,1
http://sbi-update-now.update-india.ml/login,1
http://airtel-win-now.update-india.tk/login,1
http://pnb-block-now.secure-india.loan/login,1
http://trai-free-now.reward-india.xyz/login,1
http://sbi-block-now.verify-india.tk/login,1
http://irctc-suspend-now.block-india.top/login,1
http://irctc-win-now.alert-india.loan/login,1
http://paytm-login-now.update-india.ml/login,1
http://uidai-suspend-now.claim-india.work/login,1
http://sbi-secure-now.alert-india.ml/login,1
http://amazon-secure-now.kyc-india.buzz/login,1
http://amazon-update-now.kyc-india.fun/login,1
http://axis-kyc-now.verify-india.ga/login,1
http://trai-secure-now.login-india.fun/login,1
http://irctc-claim-now.login-india.top/login,1
http://pnb-win-now.suspend-india.fun/login,1
http://bob-block-now.verify-india.work/login,1
http://aadhaar-claim-now.free-india.ml/login,1
http://pnb-secure-now.block-india.ml/login,1
http://kotak-kyc-now.update-india.buzz/login,1
http://aadhaar-win-now.login-india.loan/login,1
http://yesbank-secure-now.claim-india.cf/login,1
http://hdfc-verify-now.free-india.top/login,1
http://airtel-secure-now.free-india.click/login,1
http://kotak-free-now.alert-india.click/login,1
http://paytm-login-now.update-india.tk/login,1
http://paytm-login-now.kyc-india.fun/login,1
http://flipkart-secure-now.block-india.pw/login,1
http://irctc-free-now.suspend-india.fun/login,1
http://icici-alert-now.alert-india.top/login,1
http://gpay-login-now.free-india.cf/login,1
http://phonepe-alert-now.kyc-india.xyz/login,1
http://gpay-block-now.block-india.top/login,1
http://phonepe-update-now.alert-india.click/login,1
http://sbi-free-now.block-india.xyz/login,1
http://icici-suspend-now.reward-india.ga/login,1
http://hdfc-secure-now.claim-india.fun/login,1
http://gpay-verify-now.reward-india.pw/login,1
http://jio-claim-now.win-india.loan/login,1
http://trai-kyc-now.secure-india.pw/login,1
http://jio-claim-now.login-india.cf/login,1
http://sbi-verify-now.win-india.buzz/login,1
http://axis-block-now.update-india.fun/login,1
http://bob-alert-now.alert-india.loan/login,1
http://kotak-block-now.update-india.top/login,1
http://pnb-kyc-now.secure-india.cf/login,1
http://airtel-free-now.claim-india.cf/login,1
http://airtel-reward-now.verify-india.loan/login,1
http://gpay-block-now.claim-india.fun/login,1
http://icici-alert-now.suspend-india.pw/login,1
http://gpay-alert-now.win-india.loan/login,1
http://axis-verify-now.free-india.buzz/login,1
http://yesbank-login-now.free-india.pw/login,1
http://axis-kyc-now.block-india.work/login,1
http://trai-block-now.free-india.cf/login,1
http://aadhaar-win-now.reward-india.pw/login,1
http://uidai-suspend-now.reward-india.pw/login,1
http://trai-block-now.kyc-india.fun/login,1
http://hdfc-secure-now.claim-india.work/login,1
http://uidai-win-now.kyc-india.work/login,1
http://axis-secure-now.alert-india.buzz/login,1
http://paytm-secure-now.reward-india.ga/login,1
http://hdfc-update-now.win-india.pw/login,1
http://aadhaar-win-now.reward-india.fun/login,1
http://airtel-kyc-now.secure-india.ml/login,1
http://gpay-block-now.free-india.ga/login,1
http://uidai-alert-now.kyc-india.loan/login,1
http://jio-login-now.suspend-india.tk/login,1
http://paytm-update-now.free-india.buzz/login,1
http://aadhaar-alert-now.verify-india.top/login,1
http://phonepe-suspend-now.login-india.ml/login,1
http://trai-block-now.verify-india.fun/login,1
http://uidai-block-now.login-india.ml/login,1
http://paytm-update-now.verify-india.tk/login,1
http://sbi-kyc-now.login-india.ml/login,1
http://sbi-verify-now.update-india.fun/login,1
http://trai-reward-now.alert-india.top/login,1
http://bob-update-now.verify-india.xyz/login,1
http://trai-free-now.suspend-india.buzz/login,1
http://aadhaar-free-now.alert-india.fun/login,1
http://bob-update-now.verify-india.loan/login,1
http://icici-secure-now.login-india.click/login,1
http://bob-update-now.secure-india.xyz/login,1
http://jio-block-now.secure-india.click/login,1
http://jio-free-now.update-india.pw/login,1
http://trai-verify-now.alert-india.cf/login,1
http://amazon-block-now.free-india.ml/login,1
http://gpay-claim-now.secure-india.top/login,1
http://uidai-claim-now.free-india.tk/login,1
http://hdfc-verify-now.login-india.fun/login,1
http://sbi-alert-now.reward-india.ml/login,1
http://sbi-claim-now.secure-india.click/login,1
http://uidai-reward-now.alert-india.tk/login,1
http://yesbank-verify-now.win-india.xyz/login,1
http://amazon-reward-now.free-india.top/login,1
http://amazon-secure-now.update-india.tk/login,1
http://sbi-free-now.reward-india.click/login,1
http://kotak-update-now.win-india.tk/login,1
http://jio-secure-now.verify-india.work/login,1
http://aadhaar-claim-now.update-india.top/login,1
http://uidai-secure-now.suspend-india.work/login,1
http://hdfc-block-now.suspend-india.xyz/login,1
http://pnb-block-now.login-india.top/login,1
http://amazon-block-now.login-india.cf/login,1
http://aadhaar-kyc-now.reward-india.loan/login,1
http://uidai-suspend-now.suspend-india.top/login,1
http://phonepe-reward-now.suspend-india.work/login,1
http://sbi-block-now.login-india.loan/login,1
http://amazon-block-now.block-india.loan/login,1
http://uidai-update-now.alert-india.loan/login,1
http://irctc-suspend-now.update-india.click/login,1
http://sbi-claim-now.suspend-india.top/login,1
http://phonepe-claim-now.alert-india.tk/login,1
http://uidai-alert-now.reward-india.xyz/login,1
http://jio-kyc-now.verify-india.tk/login,1
http://paytm-reward-now.win-india.click/login,1
http://flipkart-free-now.block-india.pw/login,1
http://aadhaar-kyc-now.reward-india.xyz/login,1
http://kotak-update-now.block-india.xyz/login,1
http://uidai-claim-now.kyc-india.tk/login,1
http://flipkart-claim-now.claim-india.loan/login,1
http://yesbank-update-now.alert-india.work/login,1
http://flipkart-secure-now.win-india.tk/login,1
http://paytm-alert-now.secure-india.top/login,1
http://phonepe-update-now.update-india.loan/login,1
http://aadhaar-kyc-now.secure-india.tk/login,1
http://uidai-reward-now.kyc-india.top/login,1
http://airtel-kyc-now.kyc-india.ml/login,1
http://irctc-claim-now.block-india.pw/login,1
http://icici-alert-now.verify-india.fun/login,1
http://airtel-win-now.win-india.click/login,1
http://airtel-kyc-now.update-india.loan/login,1
http://pnb-free-now.secure-india.click/login,1
http://irctc-verify-now.claim-india.top/login,1
http://trai-kyc-now.verify-india.pw/login,1
http://paytm-kyc-now.claim-india.work/login,1
http://sbi-win-now.suspend-india.xyz/login,1
http://hdfc-update-now.free-india.top/login,1
http://jio-win-now.claim-india.top/login,1
http://airtel-verify-now.alert-india.ml/login,1
http://gpay-kyc-now.secure-india.work/login,1
http://phonepe-block-now.kyc-india.loan/login,1
http://yesbank-win-now.secure-india.xyz/login,1
http://hdfc-update-now.alert-india.loan/login,1
http://trai-kyc-now.kyc-india.fun/login,1
http://airtel-win-now.alert-india.ga/login,1
http://icici-kyc-now.reward-india.tk/login,1
http://bob-block-now.claim-india.xyz/login,1
http://irctc-update-now.verify-india.click/login,1
http://aadhaar-free-now.win-india.xyz/login,1
http://icici-update-now.suspend-india.click/login,1
http://sbi-suspend-now.kyc-india.work/login,1
http://axis-free-now.update-india.click/login,1
http://phonepe-reward-now.update-india.fun/login,1
http://hdfc-win-now.claim-india.ga/login,1
http://flipkart-verify-now.suspend-india.ml/login,1
http://gpay-verify-now.verify-india.work/login,1
http://icici-reward-now.suspend-india.click/login,1
http://sbi-verify-now.alert-india.cf/login,1
http://icici-block-now.suspend-india.cf/login,1
http://aadhaar-win-now.claim-india.fun/login,1
http://kotak-login-now.free-india.ml/login,1
http://uidai-block-now.alert-india.top/login,1
http://uidai-block-now.suspend-india.ga/login,1
http://amazon-claim-now.kyc-india.pw/login,1
http://airtel-secure-now.alert-india.tk/login,1
http://amazon-win-now.update-india.pw/login,1
http://trai-kyc-now.alert-india.ga/login,1
http://kotak-block-now.update-india.ga/login,1
http://icici-verify-now.secure-india.click/login,1
http://hdfc-kyc-now.claim-india.loan/login,1
http://bob-login-now.free-india.ml/login,1
http://icici-alert-now.secure-india.ga/login,1
http://pnb-alert-now.secure-india.loan/login,1
http://jio-claim-now.kyc-india.top/login,1
http://trai-verify-now.reward-india.cf/login,1
http://aadhaar-reward-now.verify-india.fun/login,1
http://amazon-alert-now.login-india.pw/login,1
http://aadhaar-login-now.win-india.cf/login,1
http://kotak-block-now.block-india.ga/login,1
http://aadhaar-secure-now.kyc-india.click/login,1
http://jio-reward-now.free-india.cf/login,1
http://bob-kyc-now.block-india.xyz/login,1
http://yesbank-claim-now.verify-india.work/login,1
http://flipkart-secure-now.win-india.xyz/login,1
http://bob-claim-now.alert-india.pw/login,1
http://yesbank-claim-now.update-india.click/login,1
http://bob-kyc-now.login-india.pw/login,1
http://phonepe-win-now.verify-india.pw/login,1
http://hdfc-block-now.claim-india.click/login,1
http://axis-verify-now.alert-india.buzz/login,1
http://kotak-win-now.verify-india.buzz/login,1
http://axis-login-now.update-india.tk/login,1
http://axis-alert-now.block-india.top/login,1
http://axis-suspend-now.free-india.xyz/login,1
http://paytm-claim-now.secure-india.fun/login,1
http://flipkart-free-now.reward-india.xyz/login,1
http://phonepe-kyc-now.free-india.xyz/login,1
http://bob-win-now.suspend-india.click/login,1
http://jio-claim-now.secure-india.fun/login,1
http://icici-free-now.kyc-india.xyz/login,1
http://icici-free-now.kyc-india.ml/login,1
http://flipkart-claim-now.suspend-india.click/login,1
http://hdfc-verify-now.kyc-india.top/login,1
http://hdfc-update-now.claim-india.tk/login,1
http://yesbank-login-now.win-india.ml/login,1
http://pnb-free-now.free-india.buzz/login,1
http://uidai-secure-now.alert-india.buzz/login,1
http://yesbank-verify-now.alert-india.cf/login,1
http://hdfc-alert-now.update-india.work/login,1
http://gpay-kyc-now.alert-india.pw/login,1
http://aadhaar-verify-now.claim-india.fun/login,1
http://uidai-free-now.claim-india.buzz/login,1
http://sbi-login-now.free-india.tk/login,1
http://hdfc-verify-now.reward-india.cf/login,1
http://gpay-secure-now.win-india.xyz/login,1
http://gpay-win-now.suspend-india.tk/login,1
http://sbi-secure-now.claim-india.ml/login,1
http://hdfc-login-now.reward-india.xyz/login,1
http://trai-suspend-now.win-india.cf/login,1
http://icici-update-now.block-india.cf/login,1
http://axis-login-now.free-india.click/login,1
http://phonepe-block-now.claim-india.click/login,1
http://jio-claim-now.free-india.pw/login,1
http://yesbank-kyc-now.verify-india.click/login,1
http://bob-update-now.verify-india.xyz/login,1
http://amazon-alert-now.suspend-india.pw/login,1
http://sbi-free-now.verify-india.top/login,1
http://uidai-reward-now.block-india.xyz/login,1
http://icici-block-now.reward-india.fun/login,1
http://flipkart-alert-now.secure-india.xyz/login,1
http://jio-alert-now.block-india.cf/login,1
http://paytm-win-now.login-india.buzz/login,1
http://gpay-suspend-now.secure-india.cf/login,1
http://uidai-win-now.claim-india.ga/login,1
http://sbi-verify-now.reward-india.work/login,1
http://flipkart-reward-now.kyc-india.click/login,1
http://yesbank-verify-now.login-india.ml/login,1
http://pnb-verify-now.update-india.work/login,1
http://gpay-reward-now.claim-india.cf/login,1
http://paytm-reward-now.kyc-india.cf/login,1
http://axis-alert-now.block-india.cf/login,1
http://phonepe-suspend-now.verify-india.buzz/login,1
http://phonepe-free-now.suspend-india.fun/login,1
http://paytm-login-now.login-india.cf/login,1
http://yesbank-update-now.update-india.xyz/login,1
http://hdfc-suspend-now.verify-india.buzz/login,1
http://amazon-free-now.verify-india.click/login,1
http://jio-verify-now.free-india.loan/login,1
http://aadhaar-reward-now.block-india.cf/login,1
http://jio-verify-now.kyc-india.tk/login,1
http://icici-reward-now.reward-india.work/login,1
http://jio-kyc-now.suspend-india.xyz/login,1
http://kotak-free-now.claim-india.work/login,1
http://yesbank-suspend-now.block-india.loan/login,1
http://flipkart-claim-now.suspend-india.ml/login,1
http://icici-kyc-now.suspend-india.fun/login,1
http://uidai-reward-now.secure-india.ml/login,1
http://bob-verify-now.login-india.ga/login,1
http://amazon-free-now.kyc-india.xyz/login,1
http://paytm-alert-now.claim-india.click/login,1
http://trai-kyc-now.update-india.cf/login,1
http://flipkart-alert-now.verify-india.fun/login,1
http://paytm-verify-now.alert-india.tk/login,1
http://icici-claim-now.kyc-india.ga/login,1
http://aadhaar-verify-now.kyc-india.ga/login,1
http://amazon-win-now.kyc-india.tk/login,1
http://phonepe-update-now.claim-india.loan/login,1
http://axis-block-now.suspend-india.work/login,1
http://sbi-free-now.claim-india.pw/login,1
http://axis-reward-now.update-india.tk/login,1
http://trai-reward-now.login-india.loan/login,1
http://pnb-claim-now.block-india.loan/login,1
http://icici-win-now.suspend-india.click/login,1
http://uidai-win-now.alert-india.fun/login,1
http://irctc-kyc-now.win-india.fun/login,1
http://axis-reward-now.block-india.loan/login,1
http://hdfc-win-now.verify-india.click/login,1
http://jio-alert-now.block-india.fun/login,1
http://gpay-update-now.block-india.top/login,1
http://paytm-block-now.suspend-india.work/login,1
http://phonepe-block-now.secure-india.click/login,1
http://kotak-verify-now.free-india.tk/login,1
http://trai-kyc-now.kyc-india.fun/login,1
http://irctc-kyc-now.verify-india.xyz/login,1
http://phonepe-block-now.login-india.pw/login,1
http://kotak-block-now.kyc-india.buzz/login,1
http://jio-kyc-now.free-india.ml/login,1
http://hdfc-secure-now.update-india.cf/login,1
http://airtel-alert-now.secure-india.buzz/login,1
http://gpay-win-now.kyc-india.fun/login,1
http://trai-win-now.update-india.tk/login,1
http://amazon-claim-now.suspend-india.pw/login,1
http://gpay-win-now.verify-india.buzz/login,1
http://paytm-win-now.free-india.fun/login,1
http://sbi-kyc-now.verify-india.buzz/login,1
http://gpay-verify-now.secure-india.fun/login,1
http://paytm-login-now.kyc-india.ml/login,1
http://flipkart-alert-now.claim-india.ml/login,1
http://axis-login-now.claim-india.fun/login,1
http://gpay-verify-now.kyc-india.loan/login,1
http://icici-reward-now.claim-india.xyz/login,1
http://amazon-secure-now.reward-india.ga/login,1
http://sbi-free-now.verify-india.click/login,1
http://jio-alert-now.alert-india.work/login,1
http://pnb-reward-now.suspend-india.tk/login,1
http://aadhaar-login-now.kyc-india.tk/login,1
http://sbi-free-now.kyc-india.pw/login,1
http://icici-reward-now.free-india.buzz/login,1
http://icici-alert-now.secure-india.top/login,1
http://hdfc-kyc-now.suspend-india.fun/login,1
http://trai-login-now.update-india.xyz/login,1
http://airtel-login-now.win-india.loan/login,1
http://airtel-update-now.suspend-india.top/login,1
http://bob-kyc-now.kyc-india.pw/login,1
http://icici-login-now.update-india.top/login,1
http://irctc-verify-now.block-india.xyz/login,1
http://pnb-reward-now.block-india.click/login,1
http://amazon-reward-now.alert-india.xyz/login,1
http://bob-login-now.win-india.top/login,1
http://paytm-update-now.suspend-india.loan/login,1
http://bob-claim-now.claim-india.xyz/login,1
http://kotak-suspend-now.secure-india.cf/login,1
http://kotak-free-now.verify-india.work/login,1
http://amazon-reward-now.login-india.buzz/login,1
http://kotak-suspend-now.login-india.fun/login,1
http://jio-suspend-now.reward-india.click/login,1
http://sbi-secure-now.free-india.pw/login,1
http://bob-kyc-now.alert-india.ga/login,1
http://paytm-kyc-now.reward-india.ml/login,1
http://amazon-update-now.update-india.cf/login,1
http://paytm-secure-now.login-india.top/login,1
http://paytm-win-now.claim-india.buzz/login,1
http://aadhaar-win-now.claim-india.cf/login,1
http://paytm-update-now.free-india.loan/login,1
http://trai-free-now.verify-india.loan/login,1
http://irctc-suspend-now.free-india.pw/login,1
http://axis-win-now.suspend-india.top/login,1
http://paytm-free-now.login-india.fun/login,1
http://kotak-win-now.update-india.buzz/login,1
http://uidai-free-now.reward-india.cf/login,1
http://jio-login-now.block-india.click/login,1
http://jio-kyc-now.win-india.cf/login,1
http://flipkart-kyc-now.claim-india.buzz/login,1
http://hdfc-claim-now.block-india.ga/login,1
http://jio-login-now.secure-india.ga/login,1
http://hdfc-win-now.login-india.tk/login,1
http://icici-win-now.claim-india.buzz/login,1
http://trai-alert-now.reward-india.xyz/login,1
http://pnb-win-now.secure-india.click/login,1
http://flipkart-win-now.reward-india.fun/login,1
http://uidai-free-now.secure-india.work/login,1
http://yesbank-alert-now.reward-india.pw/login,1
http://airtel-win-now.free-india.click/login,1
http://gpay-claim-now.login-india.top/login,1
http://pnb-suspend-now.alert-india.cf/login,1
http://bob-reward-now.win-india.pw/login,1
http://trai-reward-now.update-india.top/login,1
http://gpay-secure-now.kyc-india.tk/login,1
http://phonepe-claim-now.secure-india.click/login,1
http://sbi-block-now.win-india.xyz/login,1
http://uidai-claim-now.suspend-india.cf/login,1
http://trai-update-now.claim-india.ml/login,1
http://bob-suspend-now.kyc-india.click/login,1
http://pnb-suspend-now.reward-india.top/login,1
http://kotak-alert-now.kyc-india.tk/login,1
http://jio-verify-now.alert-india.cf/login,1
http://paytm-login-now.claim-india.fun/login,1
http://uidai-update-now.secure-india.ml/login,1
http://bob-update-now.secure-india.xyz/login,1
http://airtel-free-now.block-india.pw/login,1
http://gpay-login-now.kyc-india.top/login,1
http://axis-secure-now.claim-india.cf/login,1
http://gpay-win-now.verify-india.work/login,1
http://uidai-reward-now.login-india.buzz/login,1
http://flipkart-login-now.update-india.buzz/login,1
http://sbi-verify-now.block-india.buzz/login,1
http://axis-alert-now.block-india.click/login,1
http://phonepe-kyc-now.update-india.tk/login,1
http://pnb-win-now.block-india.work/login,1
http://icici-block-now.secure-india.click/login,1
http://phonepe-login-now.claim-india.buzz/login,1
http://airtel-win-now.kyc-india.top/login,1
http://trai-alert-now.secure-india.cf/login,1
http://irctc-verify-now.update-india.work/login,1
http://gpay-free-now.kyc-india.buzz/login,1
http://sbi-win-now.block-india.top/login,1
http://yesbank-win-now.kyc-india.ga/login,1
http://flipkart-alert-now.alert-india.ml/login,1
http://uidai-reward-now.reward-india.buzz/login,1
http://yesbank-reward-now.login-india.ga/login,1
http://flipkart-verify-now.update-india.cf/login,1
http://hdfc-free-now.verify-india.buzz/login,1
http://pnb-kyc-now.alert-india.loan/login,1
http://icici-verify-now.claim-india.click/login,1
http://trai-free-now.verify-india.xyz/login,1
http://sbi-kyc-now.alert-india.buzz/login,1
http://phonepe-win-now.kyc-india.tk/login,1
http://kotak-kyc-now.claim-india.work/login,1
http://gpay-update-now.reward-india.xyz/login,1
http://kotak-login-now.suspend-india.fun/login,1
http://axis-login-now.reward-india.loan/login,1
http://icici-alert-now.kyc-india.xyz/login,1
http://gpay-update-now.login-india.top/login,1
http://pnb-claim-now.win-india.ml/login,1
http://trai-reward-now.kyc-india.fun/login,1
http://sbi-suspend-now.free-india.ml/login,1
http://uidai-win-now.free-india.work/login,1
http://jio-claim-now.kyc-india.fun/login,1
http://pnb-suspend-now.claim-india.buzz/login,1
http://gpay-login-now.kyc-india.ml/login,1
http://paytm-free-now.win-india.work/login,1
http://jio-win-now.suspend-india.ga/login,1
http://trai-suspend-now.suspend-india.ml/login,1
http://sbi-secure-now.claim-india.work/login,1
http://jio-claim-now.login-india.ml/login,1
http://jio-reward-now.reward-india.tk/login,1
http://trai-claim-now.verify-india.work/login,1
http://bob-update-now.verify-india.loan/login,1
http://flipkart-verify-now.block-india.ml/login,1
http://bob-suspend-now.alert-india.tk/login,1
http://trai-kyc-now.login-india.top/login,1
http://hdfc-update-now.verify-india.work/login,1
http://axis-kyc-now.reward-india.tk/login,1
http://pnb-free-now.block-india.ga/login,1
http://aadhaar-free-now.block-india.buzz/login,1
http://phonepe-win-now.update-india.work/login,1
http://amazon-win-now.secure-india.loan/login,1
http://airtel-reward-now.alert-india.ga/login,1
http://yesbank-alert-now.secure-india.ml/login,1
http://paytm-login-now.login-india.fun/login,1
http://paytm-kyc-now.kyc-india.fun/login,1
http://trai-verify-now.free-india.tk/login,1
http://kotak-secure-now.kyc-india.click/login,1
http://aadhaar-free-now.win-india.pw/login,1
http://paytm-win-now.free-india.buzz/login,1
http://phonepe-kyc-now.win-india.click/login,1
http://bob-verify-now.reward-india.ml/login,1
http://yesbank-login-now.claim-india.buzz/login,1
http://hdfc-reward-now.login-india.buzz/login,1
http://irctc-login-now.update-india.buzz/login,1
http://axis-block-now.verify-india.cf/login,1
http://bob-free-now.alert-india.cf/login,1
http://axis-login-now.verify-india.work/login,1
http://yesbank-login-now.block-india.cf/login,1
http://axis-free-now.block-india.click/login,1
http://paytm-verify-now.free-india.tk/login,1
http://jio-reward-now.kyc-india.top/login,1
http://hdfc-block-now.secure-india.buzz/login,1
http://bob-login-now.suspend-india.fun/login,1
http://irctc-free-now.claim-india.top/login,1
http://icici-claim-now.win-india.cf/login,1
http://irctc-verify-now.claim-india.click/login,1
http://airtel-suspend-now.update-india.ml/login,1
http://icici-claim-now.update-india.top/login,1
http://airtel-update-now.update-india.pw/login,1
http://yesbank-claim-now.reward-india.cf/login,1
http://sbi-suspend-now.free-india.tk/login,1
http://uidai-win-now.reward-india.pw/login,1
http://gpay-suspend-now.claim-india.work/login,1
http://aadhaar-alert-now.claim-india.ml/login,1
http://hdfc-alert-now.verify-india.ml/login,1
http://sbi-secure-now.kyc-india.top/login,1
http://phonepe-free-now.verify-india.tk/login,1
http://irctc-update-now.kyc-india.fun/login,1
http://icici-kyc-now.secure-india.tk/login,1
http://gpay-suspend-now.login-india.fun/login,1
http://amazon-suspend-now.reward-india.work/login,1
http://aadhaar-suspend-now.free-india.work/login,1
http://bob-verify-now.suspend-india.loan/login,1
http://irctc-login-now.update-india.ml/login,1
http://amazon-alert-now.alert-india.ga/login,1
http://icici-suspend-now.kyc-india.ml/login,1
http://flipkart-free-now.reward-india.buzz/login,1
http://sbi-alert-now.claim-india.fun/login,1
http://uidai-block-now.block-india.pw/login,1
http://irctc-free-now.block-india.top/login,1
http://pnb-login-now.free-india.ga/login,1
http://uidai-win-now.win-india.cf/login,1
http://gpay-update-now.suspend-india.tk/login,1
http://bob-claim-now.secure-india.ga/login,1
http://sbi-block-now.free-india.fun/login,1
http://uidai-free-now.claim-india.ml/login,1
http://jio-update-now.kyc-india.xyz/login,1
http://phonepe-update-now.suspend-india.tk/login,1
http://pnb-verify-now.claim-india.work/login,1
http://bob-secure-now.secure-india.pw/login,1
http://flipkart-secure-now.alert-india.xyz/login,1
http://hdfc-verify-now.kyc-india.top/login,1
http://aadhaar-alert-now.reward-india.cf/login,1
http://kotak-block-now.free-india.top/login,1
http://irctc-reward-now.secure-india.pw/login,1
http://flipkart-suspend-now.alert-india.cf/login,1
http://icici-reward-now.login-india.top/login,1
http://pnb-reward-now.win-india.xyz/login,1
http://airtel-claim-now.verify-india.xyz/login,1
http://amazon-login-now.claim-india.click/login,1
http://jio-alert-now.login-india.xyz/login,1
http://uidai-win-now.reward-india.cf/login,1
http://uidai-reward-now.suspend-india.ml/login,1
http://flipkart-alert-now.update-india.tk/login,1
http://uidai-free-now.claim-india.ml/login,1
http://uidai-win-now.reward-india.ga/login,1
http://yesbank-login-now.verify-india.fun/login,1
http://pnb-suspend-now.alert-india.fun/login,1
http://sbi-kyc-now.claim-india.click/login,1
http://axis-kyc-now.block-india.ml/login,1
http://flipkart-reward-now.free-india.ga/login,1
http://amazon-secure-now.login-india.tk/login,1
http://yesbank-suspend-now.secure-india.loan/login,1
http://aadhaar-suspend-now.claim-india.pw/login,1
http://bob-claim-now.secure-india.top/login,1
http://amazon-login-now.secure-india.click/login,1
http://airtel-secure-now.win-india.ga/login,1
http://kotak-win-now.secure-india.tk/login,1
http://kotak-suspend-now.update-india.top/login,1
http://uidai-suspend-now.suspend-india.ga/login,1
http://jio-win-now.secure-india.cf/login,1
http://uidai-alert-now.secure-india.ga/login,1
http://uidai-secure-now.reward-india.cf/login,1
http://sbi-block-now.free-india.buzz/login,1
http://aadhaar-kyc-now.kyc-india.ga/login,1
http://hdfc-suspend-now.claim-india.loan/login,1
http://amazon-kyc-now.suspend-india.fun/login,1
http://irctc-win-now.login-india.pw/login,1
http://aadhaar-free-now.block-india.pw/login,1
http://airtel-update-now.login-india.ml/login,1
http://axis-verify-now.suspend-india.work/login,1
http://paytm-verify-now.win-india.ml/login,1
http://axis-alert-now.verify-india.work/login,1
http://yesbank-secure-now.block-india.click/login,1
http://gpay-secure-now.free-india.fun/login,1
http://amazon-claim-now.claim-india.work/login,1
http://uidai-kyc-now.kyc-india.xyz/login,1
http://jio-verify-now.verify-india.cf/login,1
http://airtel-suspend-now.reward-india.cf/login,1
http://bob-update-now.kyc-india.fun/login,1
http://jio-suspend-now.verify-india.xyz/login,1
http://paytm-win-now.claim-india.tk/login,1
http://paytm-update-now.login-india.fun/login,1
http://flipkart-claim-now.reward-india.click/login,1
http://trai-win-now.suspend-india.top/login,1
http://gpay-claim-now.suspend-india.click/login,1
http://irctc-verify-now.block-india.top/login,1
http://icici-suspend-now.suspend-india.ga/login,1
http://icici-secure-now.win-india.click/login,1
http://aadhaar-secure-now.login-india.cf/login,1
http://yesbank-reward-now.reward-india.ga/login,1
http://icici-update-now.login-india.loan/login,1
http://aadhaar-claim-now.verify-india.ga/login,1
http://kotak-kyc-now.login-india.top/login,1
http://phonepe-free-now.win-india.ml/login,1
http://hdfc-login-now.login-india.cf/login,1
http://flipkart-secure-now.kyc-india.cf/login,1
http://amazon-login-now.free-india.tk/login,1
http://sbi-secure-now.login-india.buzz/login,1
http://flipkart-win-now.suspend-india.top/login,1
http://trai-win-now.win-india.buzz/login,1
http://bob-block-now.verify-india.xyz/login,1
http://aadhaar-free-now.claim-india.fun/login,1
http://paytm-suspend-now.secure-india.top/login,1
http://uidai-verify-now.kyc-india.buzz/login,1
http://icici-free-now.free-india.work/login,1
http://flipkart-secure-now.update-india.work/login,1
http://airtel-login-now.verify-india.cf/login,1
http://gpay-claim-now.verify-india.ml/login,1
http://jio-block-now.claim-india.xyz/login,1
http://phonepe-kyc-now.block-india.pw/login,1
http://airtel-reward-now.reward-india.click/login,1
http://phonepe-alert-now.claim-india.fun/login,1
http://phonepe-login-now.login-india.ml/login,1
http://trai-kyc-now.suspend-india.ga/login,1
http://sbi-kyc-now.verify-india.ml/login,1
http://yesbank-reward-now.suspend-india.tk/login,1
http://gpay-login-now.verify-india.ga/login,1
http://sbi-login-now.login-india.cf/login,1
http://amazon-alert-now.alert-india.tk/login,1
http://axis-free-now.reward-india.work/login,1
http://pnb-verify-now.alert-india.top/login,1
http://paytm-alert-now.suspend-india.pw/login,1
http://pnb-claim-now.login-india.fun/login,1
http://hdfc-kyc-now.secure-india.buzz/login,1
http://pnb-login-now.verify-india.tk/login,1
http://phonepe-login-now.win-india.pw/login,1
http://aadhaar-secure-now.alert-india.ml/login,1
http://jio-verify-now.login-india.cf/login,1
http://paytm-verify-now.kyc-india.loan/login,1
http://kotak-alert-now.update-india.pw/login,1
http://sbi-update-now.alert-india.fun/login,1
http://phonepe-kyc-now.free-india.ml/login,1
http://kotak-verify-now.claim-india.xyz/login,1
http://flipkart-win-now.reward-india.cf/login,1
http://aadhaar-alert-now.win-india.tk/login,1
http://irctc-free-now.free-india.fun/login,1
http://irctc-claim-now.secure-india.top/login,1
http://axis-suspend-now.suspend-india.ml/login,1
http://airtel-verify-now.reward-india.click/login,1
http://aadhaar-login-now.block-india.work/login,1
http://paytm-free-now.alert-india.buzz/login,1
http://paytm-claim-now.block-india.tk/login,1
http://phonepe-kyc-now.claim-india.pw/login,1
http://hdfc-suspend-now.win-india.click/login,1
http://bob-reward-now.block-india.cf/login,1
http://airtel-block-now.win-india.fun/login,1
http://paytm-login-now.alert-india.ga/login,1
http://gpay-alert-now.suspend-india.tk/login,1
http://phonepe-update-now.kyc-india.tk/login,1
http://icici-verify-now.update-india.loan/login,1
http://flipkart-block-now.verify-india.ga/login,1
http://pnb-win-now.block-india.top/login,1
http://hdfc-free-now.update-india.work/login,1
http://hdfc-alert-now.secure-india.fun/login,1
http://hdfc-free-now.login-india.pw/login,1
http://paytm-claim-now.update-india.pw/login,1
http://airtel-win-now.claim-india.ml/login,1
http://yesbank-win-now.update-india.work/login,1
http://axis-kyc-now.kyc-india.ml/login,1
http://irctc-reward-now.win-india.cf/login,1
http://jio-login-now.block-india.work/login,1
http://phonepe-kyc-now.verify-india.click/login,1
http://kotak-kyc-now.kyc-india.tk/login,1
http://bob-kyc-now.reward-india.buzz/login,1
http://yesbank-free-now.secure-india.pw/login,1
http://bob-login-now.login-india.fun/login,1
http://sbi-win-now.block-india.ga/login,1
http://gpay-secure-now.secure-india.cf/login,1
http://flipkart-verify-now.secure-india.loan/login,1
http://trai-alert-now.block-india.pw/login,1
http://uidai-claim-now.verify-india.cf/login,1
http://flipkart-verify-now.kyc-india.xyz/login,1
http://pnb-suspend-now.free-india.top/login,1
http://trai-free-now.claim-india.tk/login,1
http://yesbank-login-now.free-india.work/login,1
http://irctc-secure-now.suspend-india.fun/login,1
http://phonepe-reward-now.reward-india.buzz/login,1
http://gpay-kyc-now.suspend-india.fun/login,1
http://yesbank-reward-now.login-india.cf/login,1
http://phonepe-alert-now.alert-india.work/login,1
http://yesbank-kyc-now.kyc-india.click/login,1
http://uidai-kyc-now.verify-india.top/login,1
http://icici-reward-now.claim-india.loan/login,1
http://icici-kyc-now.suspend-india.ml/login,1
http://sbi-free-now.claim-india.pw/login,1
http://phonepe-kyc-now.suspend-india.cf/login,1
http://axis-update-now.claim-india.top/login,1
http://gpay-verify-now.kyc-india.pw/login,1
http://yesbank-claim-now.free-india.fun/login,1
http://uidai-reward-now.login-india.top/login,1
http://jio-alert-now.free-india.fun/login,1
http://paytm-free-now.reward-india.ml/login,1
http://kotak-free-now.kyc-india.xyz/login,1
http://amazon-reward-now.update-india.click/login,1
http://airtel-suspend-now.block-india.xyz/login,1
http://aadhaar-claim-now.update-india.ga/login,1
http://gpay-win-now.update-india.ga/login,1
http://aadhaar-verify-now.verify-india.cf/login,1
http://uidai-block-now.login-india.fun/login,1
http://phonepe-update-now.free-india.tk/login,1
http://phonepe-kyc-now.update-india.ml/login,1
http://icici-claim-now.win-india.cf/login,1
http://trai-free-now.update-india.fun/login,1
http://pnb-block-now.kyc-india.top/login,1
http://aadhaar-reward-now.block-india.work/login,1
http://bob-secure-now.verify-india.tk/login,1
http://uidai-update-now.block-india.click/login,1
http://airtel-block-now.block-india.xyz/login,1
http://bob-secure-now.secure-india.ml/login,1
http://sbi-verify-now.reward-india.ml/login,1
http://uidai-block-now.alert-india.work/login,1
http://trai-alert-now.login-india.click/login,1
http://trai-claim-now.win-india.top/login,1
http://bob-secure-now.reward-india.fun/login,1
http://kotak-win-now.update-india.pw/login,1
http://amazon-win-now.kyc-india.ga/login,1
http://kotak-free-now.kyc-india.tk/login,1
http://paytm-win-now.reward-india.ml/login,1
http://phonepe-update-now.login-india.ml/login,1
http://sbi-secure-now.win-india.tk/login,1
http://hdfc-secure-now.kyc-india.pw/login,1
http://airtel-block-now.login-india.tk/login,1
http://kotak-win-now.alert-india.loan/login,1
http://uidai-win-now.update-india.tk/login,1
http://irctc-suspend-now.alert-india.ml/login,1
http://amazon-suspend-now.suspend-india.pw/login,1
http://airtel-suspend-now.win-india.loan/login,1
http://axis-free-now.kyc-india.loan/login,1
http://gpay-update-now.win-india.loan/login,1
http://sbi-verify-now.login-india.top/login,1
http://amazon-reward-now.verify-india.fun/login,1
http://phonepe-win-now.verify-india.xyz/login,1
http://sbi-claim-now.login-india.fun/login,1
http://phonepe-block-now.claim-india.ga/login,1
http://aadhaar-reward-now.login-india.tk/login,1
http://sbi-claim-now.free-india.xyz/login,1
http://yesbank-kyc-now.secure-india.ga/login,1
http://trai-login-now.block-india.fun/login,1
http://sbi-claim-now.block-india.fun/login,1
http://phonepe-reward-now.suspend-india.ml/login,1
http://uidai-suspend-now.verify-india.xyz/login,1
http://flipkart-reward-now.block-india.fun/login,1
http://amazon-kyc-now.alert-india.top/login,1
http://jio-login-now.kyc-india.loan/login,1
http://gpay-block-now.suspend-india.top/login,1
http://gpay-login-now.alert-india.top/login,1
http://icici-block-now.claim-india.buzz/login,1
http://axis-free-now.block-india.top/login,1
http://phonepe-reward-now.alert-india.tk/login,1
http://jio-reward-now.block-india.cf/login,1
http://axis-verify-now.update-india.ga/login,1
http://paytm-free-now.block-india.ml/login,1
http://gpay-login-now.win-india.pw/login,1
http://paytm-update-now.free-india.loan/login,1
http://trai-win-now.login-india.click/login,1
http://phonepe-alert-now.win-india.pw/login,1
http://icici-block-now.alert-india.click/login,1
http://sbi-reward-now.alert-india.work/login,1
http://bob-update-now.free-india.xyz/login,1
http://amazon-free-now.win-india.click/login,1
http://uidai-kyc-now.verify-india.buzz/login,1
http://aadhaar-block-now.update-india.buzz/login,1
http://airtel-login-now.update-india.pw/login,1
http://paytm-alert-now.suspend-india.work/login,1
http://amazon-update-now.alert-india.loan/login,1
http://axis-claim-now.suspend-india.top/login,1
http://uidai-block-now.free-india.ga/login,1
http://aadhaar-win-now.secure-india.click/login,1
http://irctc-kyc-now.win-india.buzz/login,1
http://sbi-win-now.win-india.ml/login,1
http://bob-reward-now.claim-india.fun/login,1
http://bob-block-now.reward-india.ml/login,1
http://pnb-suspend-now.update-india.ml/login,1
http://yesbank-alert-now.login-india.cf/login,1
http://trai-suspend-now.suspend-india.ml/login,1
http://yesbank-claim-now.login-india.pw/login,1
http://airtel-free-now.reward-india.buzz/login,1
http://sbi-alert-now.win-india.cf/login,1
http://paytm-suspend-now.suspend-india.xyz/login,1
http://flipkart-secure-now.free-india.work/login,1
http://paytm-suspend-now.reward-india.top/login,1
http://uidai-secure-now.update-india.work/login,1
http://uidai-suspend-now.reward-india.work/login,1
http://sbi-block-now.verify-india.loan/login,1
http://flipkart-secure-now.free-india.buzz/login,1
http://irctc-secure-now.block-india.click/login,1
http://uidai-secure-now.reward-india.cf/login,1
http://icici-block-now.login-india.pw/login,1
http://trai-secure-now.update-india.top/login,1
http://flipkart-login-now.secure-india.work/login,1
http://trai-free-now.claim-india.ga/login,1
http://bob-win-now.suspend-india.loan/login,1
http://aadhaar-update-now.reward-india.cf/login,1
http://uidai-block-now.verify-india.cf/login,1
http://kotak-claim-now.verify-india.pw/login,1
http://phonepe-free-now.free-india.loan/login,1
http://bob-verify-now.claim-india.ml/login,1
http://axis-verify-now.kyc-india.top/login,1
http://paytm-alert-now.verify-india.top/login,1
http://bob-secure-now.block-india.pw/login,1
http://hdfc-verify-now.block-india.ml/login,1
http://airtel-block-now.secure-india.click/login,1
http://trai-update-now.login-india.xyz/login,1
http://aadhaar-block-now.suspend-india.loan/login,1
http://gpay-free-now.verify-india.click/login,1
http://irctc-secure-now.free-india.loan/login,1
http://aadhaar-login-now.suspend-india.pw/login,1
http://irctc-secure-now.win-india.tk/login,1
http://aadhaar-claim-now.reward-india.ga/login,1
http://sbi-kyc-now.alert-india.click/login,1
http://sbi-verify-now.verify-india.ga/login,1
http://hdfc-free-now.claim-india.fun/login,1
http://bob-free-now.reward-india.tk/login,1
http://uidai-suspend-now.claim-india.buzz/login,1
http://gpay-verify-now.claim-india.top/login,1
http://kotak-update-now.block-india.cf/login,1
http://uidai-login-now.alert-india.loan/login,1
http://kotak-reward-now.alert-india.pw/login,1
http://hdfc-block-now.alert-india.fun/login,1
http://sbi-free-now.update-india.loan/login,1
http://irctc-kyc-now.reward-india.buzz/login,1
http://hdfc-verify-now.update-india.buzz/login,1
http://gpay-reward-now.claim-india.fun/login,1
http://axis-verify-now.login-india.cf/login,1
http://kotak-secure-now.secure-india.ml/login,1
http://hdfc-reward-now.alert-india.cf/login,1
http://yesbank-reward-now.block-india.top/login,1
http://pnb-kyc-now.secure-india.xyz/login,1
http://bob-kyc-now.kyc-india.tk/login,1
http://yesbank-claim-now.suspend-india.pw/login,1
http://amazon-alert-now.kyc-india.click/login,1
http://amazon-kyc-now.kyc-india.ml/login,1
http://axis-suspend-now.verify-india.click/login,1
http://jio-login-now.free-india.buzz/login,1
http://kotak-alert-now.verify-india.cf/login,1
http://irctc-secure-now.alert-india.top/login,1
http://kotak-block-now.secure-india.buzz/login,1
http://yesbank-claim-now.suspend-india.ga/login,1
http://amazon-claim-now.kyc-india.tk/login,1
http://jio-block-now.login-india.click/login,1
http://sbi-alert-now.update-india.ml/login,1
http://kotak-claim-now.win-india.click/login,1
http://gpay-update-now.kyc-india.fun/login,1
http://hdfc-verify-now.win-india.ga/login,1
http://bob-kyc-now.free-india.ml/login,1
http://icici-update-now.win-india.work/login,1
http://jio-free-now.kyc-india.buzz/login,1
http://flipkart-alert-now.kyc-india.top/login,1
http://airtel-block-now.free-india.loan/login,1
http://jio-suspend-now.claim-india.loan/login,1
http://yesbank-win-now.free-india.click/login,1
http://aadhaar-claim-now.kyc-india.ml/login,1
http://uidai-free-now.secure-india.ml/login,1
http://pnb-kyc-now.win-india.click/login,1
http://axis-reward-now.update-india.loan/login,1
http://yesbank-alert-now.claim-india.pw/login,1
http://icici-alert-now.update-india.xyz/login,1
http://yesbank-verify-now.block-india.buzz/login,1
http://hdfc-claim-now.secure-india.pw/login,1
http://icici-secure-now.alert-india.work/login,1
http://kotak-secure-now.alert-india.ga/login,1
http://pnb-free-now.login-india.click/login,1
http://paytm-secure-now.alert-india.loan/login,1
http://kotak-update-now.alert-india.tk/login,1
http://pnb-suspend-now.secure-india.fun/login,1
http://uidai-alert-now.login-india.cf/login,1
http://kotak-suspend-now.login-india.xyz/login,1
http://yesbank-login-now.alert-india.loan/login,1
http://aadhaar-verify-now.login-india.ga/login,1
http://axis-block-now.login-india.top/login,1
http://icici-update-now.win-india.ga/login,1
http://jio-free-now.block-india.pw/login,1
http://phonepe-reward-now.verify-india.loan/login,1
http://irctc-block-now.block-india.ml/login,1
http://aadhaar-update-now.claim-india.ml/login,1
http://irctc-block-now.alert-india.ga/login,1
http://sbi-secure-now.block-india.top/login,1
http://phonepe-claim-now.free-india.tk/login,1
http://yesbank-kyc-now.update-india.work/login,1
http://kotak-reward-now.claim-india.buzz/login,1
http://gpay-claim-now.win-india.ga/login,1
http://irctc-block-now.verify-india.tk/login,1
http://trai-suspend-now.update-india.click/login,1
http://amazon-free-now.alert-india.ga/login,1
http://kotak-secure-now.reward-india.work/login,1
http://icici-win-now.alert-india.work/login,1
http://bob-kyc-now.suspend-india.top/login,1
http://uidai-update-now.secure-india.ga/login,1
http://gpay-reward-now.kyc-india.pw/login,1
http://uidai-secure-now.reward-india.buzz/login,1
http://amazon-secure-now.claim-india.xyz/login,1
http://uidai-suspend-now.suspend-india.xyz/login,1
http://hdfc-update-now.verify-india.loan/login,1
http://aadhaar-claim-now.alert-india.ga/login,1
http://uidai-verify-now.block-india.ga/login,1
http://yesbank-kyc-now.update-india.fun/login,1
http://icici-block-now.suspend-india.top/login,1
http://trai-secure-now.secure-india.ml/login,1
http://kotak-reward-now.secure-india.fun/login,1
http://trai-block-now.secure-india.pw/login,1
http://flipkart-suspend-now.claim-india.work/login,1
http://phonepe-block-now.claim-india.work/login,1
http://yesbank-free-now.win-india.pw/login,1
http://pnb-block-now.kyc-india.loan/login,1
http://axis-suspend-now.verify-india.ml/login,1
http://paytm-update-now.alert-india.fun/login,1
http://uidai-alert-now.win-india.loan/login,1
http://icici-kyc-now.secure-india.loan/login,1
http://aadhaar-login-now.free-india.pw/login,1
http://flipkart-update-now.alert-india.xyz/login,1
http://yesbank-suspend-now.block-india.cf/login,1
http://airtel-claim-now.update-india.cf/login,1
http://gpay-reward-now.alert-india.ml/login,1
http://trai-reward-now.block-india.tk/login,1
http://icici-kyc-now.win-india.ga/login,1
http://sbi-login-now.block-india.loan/login,1
http://yesbank-reward-now.block-india.tk/login,1
http://icici-suspend-now.login-india.pw/login,1
http://irctc-block-now.update-india.cf/login,1
http://yesbank-suspend-now.verify-india.xyz/login,1
http://uidai-free-now.kyc-india.tk/login,1
http://flipkart-alert-now.suspend-india.xyz/login,1
http://pnb-claim-now.kyc-india.loan/login,1
http://amazon-reward-now.suspend-india.ga/login,1
http://jio-claim-now.update-india.buzz/login,1
http://yesbank-win-now.block-india.loan/login,1
http://sbi-win-now.alert-india.fun/login,1
http://sbi-free-now.claim-india.ga/login,1
http://paytm-free-now.reward-india.xyz/login,1
http://axis-update-now.suspend-india.ga/login,1
http://uidai-update-now.verify-india.ga/login,1
http://aadhaar-kyc-now.suspend-india.work/login,1
http://kotak-kyc-now.free-india.click/login,1
http://pnb-update-now.login-india.fun/login,1
http://amazon-verify-now.suspend-india.xyz/login,1
http://trai-claim-now.block-india.tk/login,1
http://trai-win-now.update-india.xyz/login,1
http://kotak-claim-now.verify-india.ml/login,1
http://kotak-login-now.win-india.work/login,1
http://gpay-reward-now.update-india.click/login,1
http://trai-alert-now.login-india.top/login,1
http://bob-kyc-now.alert-india.tk/login,1
http://gpay-win-now.claim-india.loan/login,1
http://bob-suspend-now.login-india.ga/login,1
http://pnb-login-now.suspend-india.xyz/login,1
http://sbi-free-now.claim-india.loan/login,1
http://yesbank-reward-now.update-india.click/login,1
http://kotak-alert-now.free-india.ga/login,1
http://icici-free-now.claim-india.top/login,1
http://bob-login-now.suspend-india.work/login,1
http://uidai-kyc-now.claim-india.click/login,1
http://axis-update-now.reward-india.cf/login,1
http://jio-reward-now.free-india.pw/login,1
http://hdfc-free-now.kyc-india.loan/login,1
http://jio-alert-now.alert-india.ml/login,1
http://flipkart-verify-now.kyc-india.loan/login,1
http://amazon-free-now.reward-india.top/login,1
http://sbi-claim-now.login-india.cf/login,1
http://phonepe-block-now.update-india.top/login,1
http://airtel-secure-now.update-india.fun/login,1
http://amazon-update-now.verify-india.tk/login,1
http://flipkart-claim-now.free-india.ga/login,1
http://yesbank-block-now.free-india.cf/login,1
http://amazon-secure-now.verify-india.click/login,1
http://axis-verify-now.login-india.buzz/login,1
http://aadhaar-block-now.verify-india.ml/login,1
http://irctc-login-now.verify-india.cf/login,1
http://paytm-alert-now.reward-india.ga/login,1
http://amazon-kyc-now.block-india.tk/login,1
http://airtel-free-now.secure-india.buzz/login,1
http://airtel-alert-now.update-india.loan/login,1
http://uidai-login-now.suspend-india.click/login,1
http://gpay-verify-now.suspend-india.top/login,1
http://uidai-verify-now.reward-india.work/login,1
http://bob-secure-now.win-india.buzz/login,1
http://sbi-suspend-now.kyc-india.ml/login,1
http://trai-block-now.secure-india.pw/login,1
http://trai-alert-now.secure-india.click/login,1
http://pnb-update-now.win-india.ga/login,1
http://yesbank-block-now.win-india.work/login,1
http://paytm-alert-now.update-india.work/login,1
http://airtel-login-now.verify-india.buzz/login,1
http://amazon-block-now.block-india.tk/login,1
http://axis-reward-now.secure-india.fun/login,1
http://hdfc-login-now.secure-india.ga/login,1
http://uidai-block-now.block-india.tk/login,1
http://trai-alert-now.login-india.loan/login,1
http://irctc-alert-now.free-india.fun/login,1
http://pnb-block-now.login-india.fun/login,1
http://jio-login-now.reward-india.cf/login,1
http://irctc-alert-now.verify-india.cf/login,1
http://axis-login-now.win-india.xyz/login,1
http://sbi-suspend-now.update-india.click/login,1
http://gpay-block-now.free-india.top/login,1
http://sbi-kyc-now.block-india.ml/login,1
http://bob-kyc-now.claim-india.cf/login,1
http://phonepe-verify-now.secure-india.tk/login,1
http://phonepe-login-now.update-india.pw/login,1
http://hdfc-win-now.free-india.click/login,1
http://flipkart-alert-now.kyc-india.xyz/login,1
http://airtel-secure-now.update-india.xyz/login,1
http://hdfc-win-now.win-india.work/login,1
http://uidai-win-now.secure-india.tk/login,1
http://uidai-login-now.kyc-india.cf/login,1
http://pnb-login-now.block-india.buzz/login,1
http://icici-verify-now.suspend-india.work/login,1
http://kotak-update-now.free-india.ml/login,1
http://paytm-secure-now.block-india.work/login,1
http://sbi-suspend-now.win-india.fun/login,1
http://aadhaar-alert-now.kyc-india.fun/login,1
http://bob-secure-now.suspend-india.top/login,1
http://gpay-kyc-now.kyc-india.click/login,1
http://icici-alert-now.secure-india.ml/login,1
http://phonepe-secure-now.verify-india.cf/login,1
http://gpay-kyc-now.reward-india.tk/login,1
http://axis-block-now.suspend-india.xyz/login,1
http://hdfc-login-now.secure-india.top/login,1
http://trai-reward-now.update-india.fun/login,1
http://bob-login-now.verify-india.work/login,1
http://sbi-kyc-now.block-india.top/login,1
http://flipkart-win-now.free-india.ml/login,1
http://hdfc-kyc-now.verify-india.xyz/login,1
http://yesbank-login-now.reward-india.top/login,1
http://paytm-update-now.suspend-india.click/login,1
http://gpay-reward-now.block-india.pw/login,1
http://sbi-verify-now.claim-india.work/login,1
http://irctc-suspend-now.claim-india.xyz/login,1
http://hdfc-update-now.alert-india.ga/login,1
http://paytm-claim-now.suspend-india.xyz/login,1
http://sbi-alert-now.login-india.pw/login,1
http://flipkart-update-now.login-india.xyz/login,1
http://flipkart-kyc-now.kyc-india.tk/login,1
http://axis-login-now.block-india.top/login,1
http://uidai-verify-now.win-india.loan/login,1
http://irctc-update-now.free-india.top/login,1
http://irctc-kyc-now.kyc-india.tk/login,1
http://sbi-secure-now.claim-india.fun/login,1
http://airtel-win-now.reward-india.tk/login,1
http://irctc-update-now.suspend-india.ml/login,1
http://aadhaar-update-now.alert-india.xyz/login,1
http://flipkart-secure-now.secure-india.ga/login,1
http://amazon-verify-now.kyc-india.ga/login,1
http://kotak-secure-now.kyc-india.ml/login,1
http://pnb-kyc-now.update-india.buzz/login,1
http://bob-verify-now.kyc-india.click/login,1
http://phonepe-login-now.suspend-india.cf/login,1
http://icici-kyc-now.win-india.buzz/login,1
http://sbi-suspend-now.secure-india.cf/login,1
http://flipkart-alert-now.kyc-india.top/login,1
http://sbi-login-now.free-india.ml/login,1
http://amazon-free-now.free-india.click/login,1
http://yesbank-update-now.login-india.ml/login,1
http://irctc-reward-now.update-india.buzz/login,1
http://flipkart-suspend-now.secure-india.fun/login,1
http://aadhaar-verify-now.free-india.ml/login,1
http://airtel-claim-now.win-india.click/login,1
http://uidai-block-now.claim-india.tk/login,1
http://bob-verify-now.kyc-india.tk/login,1
http://axis-suspend-now.free-india.tk/login,1
http://yesbank-block-now.suspend-india.tk/login,1
http://phonepe-reward-now.block-india.top/login,1
http://kotak-win-now.suspend-india.loan/login,1
http://amazon-secure-now.alert-india.loan/login,1
http://amazon-block-now.free-india.top/login,1
http://paytm-login-now.alert-india.top/login,1
http://hdfc-verify-now.block-india.loan/login,1
http://airtel-secure-now.alert-india.cf/login,1
http://sbi-block-now.win-india.ga/login,1
http://flipkart-free-now.block-india.tk/login,1
http://uidai-update-now.suspend-india.xyz/login,1
http://irctc-secure-now.suspend-india.pw/login,1
http://paytm-update-now.reward-india.cf/login,1
http://hdfc-verify-now.reward-india.pw/login,1
http://trai-login-now.reward-india.pw/login,1
http://paytm-login-now.claim-india.ga/login,1
http://airtel-block-now.secure-india.loan/login,1
http://amazon-secure-now.alert-india.xyz/login,1
http://trai-kyc-now.update-india.ga/login,1
http://uidai-block-now.reward-india.click/login,1
http://airtel-reward-now.kyc-india.ml/login,1
http://sbi-kyc-now.update-india.ml/login,1
http://gpay-win-now.win-india.work/login,1
http://paytm-verify-now.claim-india.click/login,1
http://sbi-login-now.login-india.xyz/login,1
http://hdfc-verify-now.verify-india.loan/login,1
http://trai-reward-now.login-india.cf/login,1
http://bob-alert-now.login-india.pw/login,1
http://axis-suspend-now.verify-india.xyz/login,1
http://trai-block-now.suspend-india.pw/login,1
http://icici-update-now.secure-india.tk/login,1
http://bob-verify-now.verify-india.pw/login,1
http://icici-reward-now.suspend-india.fun/login,1
http://paytm-login-now.kyc-india.buzz/login,1
http://irctc-login-now.alert-india.fun/login,1
http://uidai-free-now.block-india.pw/login,1
http://flipkart-win-now.win-india.pw/login,1
http://hdfc-reward-now.verify-india.loan/login,1
http://yesbank-secure-now.block-india.tk/login,1
http://aadhaar-reward-now.alert-india.cf/login,1
http://bob-login-now.verify-india.xyz/login,1
http://sbi-suspend-now.suspend-india.loan/login,1
http://airtel-free-now.login-india.ga/login,1
http://amazon-update-now.update-india.fun/login,1
http://jio-alert-now.update-india.tk/login,1
http://trai-update-now.claim-india.tk/login,1
http://aadhaar-free-now.claim-india.fun/login,1
http://airtel-claim-now.block-india.ml/login,1
http://uidai-secure-now.kyc-india.xyz/login,1
http://gpay-free-now.secure-india.buzz/login,1
http://sbi-update-now.claim-india.ga/login,1
http://yesbank-login-now.secure-india.top/login,1
http://amazon-verify-now.alert-india.click/login,1
http://bob-suspend-now.suspend-india.pw/login,1
http://airtel-secure-now.suspend-india.fun/login,1
http://airtel-reward-now.reward-india.work/login,1
http://paytm-win-now.verify-india.tk/login,1
http://hdfc-block-now.kyc-india.cf/login,1
http://sbi-kyc-now.win-india.loan/login,1
http://icici-win-now.block-india.ml/login,1
http://paytm-free-now.login-india.loan/login,1
http://flipkart-suspend-now.secure-india.xyz/login,1
http://paytm-reward-now.kyc-india.xyz/login,1
http://trai-claim-now.block-india.tk/login,1
http://irctc-secure-now.win-india.click/login,1
http://paytm-alert-now.login-india.click/login,1
http://gpay-reward-now.secure-india.ml/login,1
http://jio-claim-now.alert-india.xyz/login,1
http://sbi-secure-now.update-india.ml/login,1
http://axis-block-now.kyc-india.loan/login,1
http://yesbank-update-now.block-india.tk/login,1
http://amazon-update-now.free-india.ml/login,1
http://yesbank-claim-now.suspend-india.xyz/login,1
http://kotak-free-now.reward-india.tk/login,1
http://hdfc-verify-now.alert-india.pw/login,1
http://phonepe-login-now.verify-india.cf/login,1
http://amazon-reward-now.verify-india.xyz/login,1
http://icici-kyc-now.block-india.ga/login,1
http://trai-kyc-now.alert-india.tk/login,1
http://sbi-update-now.win-india.fun/login,1
http://phonepe-login-now.kyc-india.pw/login,1
http://amazon-update-now.claim-india.tk/login,1
http://paytm-verify-now.free-india.cf/login,1
http://aadhaar-win-now.claim-india.xyz/login,1
http://irctc-win-now.reward-india.top/login,1
http://yesbank-login-now.win-india.cf/login,1
http://kotak-reward-now.win-india.xyz/login,1
http://kotak-free-now.kyc-india.ml/login,1
http://flipkart-reward-now.login-india.buzz/login,1
http://kotak-reward-now.verify-india.tk/login,1
http://icici-claim-now.login-india.xyz/login,1
http://pnb-alert-now.win-india.fun/login,1
http://gpay-win-now.secure-india.work/login,1
http://paytm-secure-now.login-india.click/login,1
http://aadhaar-reward-now.update-india.work/login,1
http://amazon-block-now.kyc-india.ml/login,1
http://yesbank-update-now.win-india.buzz/login,1
http://paytm-alert-now.free-india.ml/login,1
http://bob-alert-now.verify-india.loan/login,1
http://bob-reward-now.win-india.top/login,1
http://pnb-win-now.reward-india.ml/login,1
http://paytm-secure-now.update-india.pw/login,1
http://flipkart-reward-now.block-india.work/login,1
http://trai-secure-now.suspend-india.cf/login,1
http://irctc-alert-now.update-india.buzz/login,1
http://phonepe-suspend-now.verify-india.buzz/login,1
http://gpay-claim-now.verify-india.xyz/login,1
http://amazon-update-now.block-india.cf/login,1
http://trai-suspend-now.alert-india.cf/login,1
http://paytm-kyc-now.login-india.click/login,1
http://airtel-login-now.secure-india.xyz/login,1
http://kotak-win-now.reward-india.fun/login,1
http://bob-block-now.kyc-india.tk/login,1
http://paytm-update-now.claim-india.buzz/login,1
http://amazon-secure-now.suspend-india.fun/login,1
http://pnb-kyc-now.claim-india.cf/login,1
http://uidai-kyc-now.verify-india.top/login,1
http://airtel-secure-now.free-india.tk/login,1
http://axis-update-now.free-india.fun/login,1
http://irctc-login-now.block-india.loan/login,1
http://icici-block-now.kyc-india.work/login,1
http://jio-verify-now.free-india.top/login,1
http://jio-secure-now.login-india.click/login,1
http://uidai-secure-now.block-india.loan/login,1
http://phonepe-win-now.update-india.loan/login,1
http://trai-secure-now.suspend-india.top/login,1
http://aadhaar-verify-now.reward-india.top/login,1
http://airtel-verify-now.claim-india.tk/login,1
http://axis-verify-now.kyc-india.tk/login,1
http://phonepe-claim-now.secure-india.ga/login,1
http://airtel-update-now.win-india.ml/login,1
http://jio-verify-now.update-india.fun/login,1
http://bob-verify-now.secure-india.pw/login,1
http://trai-reward-now.verify-india.ga/login,1
http://irctc-kyc-now.update-india.fun/login,1
http://trai-reward-now.verify-india.xyz/login,1
http://gpay-kyc-now.verify-india.fun/login,1
http://gpay-update-now.suspend-india.work/login,1
http://aadhaar-suspend-now.suspend-india.pw/login,1
http://hdfc-update-now.update-india.cf/login,1
http://hdfc-verify-now.login-india.cf/login,1
http://irctc-update-now.login-india.tk/login,1
http://irctc-win-now.update-india.pw/login,1
http://flipkart-free-now.block-india.top/login,1
http://hdfc-win-now.update-india.buzz/login,1
http://bob-kyc-now.claim-india.buzz/login,1
http://hdfc-win-now.block-india.cf/login,1
http://axis-suspend-now.free-india.cf/login,1
http://flipkart-block-now.claim-india.click/login,1
http://sbi-free-now.update-india.tk/login,1
http://gpay-alert-now.claim-india.ga/login,1
http://yesbank-block-now.kyc-india.fun/login,1
http://axis-verify-now.alert-india.ml/login,1
http://aadhaar-block-now.free-india.work/login,1
http://trai-win-now.verify-india.work/login,1
http://paytm-alert-now.suspend-india.xyz/login,1
http://jio-alert-now.update-india.top/login,1
http://axis-reward-now.verify-india.loan/login,1
http://trai-update-now.suspend-india.work/login,1
http://paytm-kyc-now.login-india.buzz/login,1
http://uidai-free-now.reward-india.cf/login,1
http://irctc-alert-now.update-india.loan/login,1
http://gpay-alert-now.claim-india.ga/login,1
http://hdfc-alert-now.reward-india.loan/login,1
http://axis-verify-now.kyc-india.cf/login,1
http://aadhaar-verify-now.free-india.fun/login,1
http://aadhaar-claim-now.claim-india.work/login,1
http://trai-verify-now.verify-india.ml/login,1
http://airtel-free-now.secure-india.ga/login,1
http://paytm-login-now.reward-india.ml/login,1
http://phonepe-update-now.reward-india.pw/login,1
http://hdfc-reward-now.suspend-india.buzz/login,1
http://bob-block-now.claim-india.work/login,1
http://airtel-reward-now.free-india.work/login,1
http://sbi-reward-now.alert-india.buzz/login,1
http://pnb-update-now.reward-india.pw/login,1
http://axis-login-now.suspend-india.click/login,1
http://paytm-update-now.claim-india.xyz/login,1
http://axis-reward-now.secure-india.ml/login,1
http://bob-update-now.verify-india.work/login,1
http://sbi-login-now.login-india.click/login,1
http://hdfc-free-now.block-india.cf/login,1
http://phonepe-secure-now.login-india.fun/login,1
http://axis-suspend-now.block-india.ga/login,1
http://uidai-kyc-now.secure-india.loan/login,1
http://kotak-block-now.update-india.ga/login,1
http://sbi-verify-now.secure-india.tk/login,1
http://amazon-suspend-now.update-india.xyz/login,1
http://yesbank-login-now.verify-india.ml/login,1
http://axis-claim-now.update-india.top/login,1
http://irctc-win-now.claim-india.fun/login,1
http://aadhaar-reward-now.win-india.cf/login,1
http://bob-win-now.login-india.ga/login,1
http://yesbank-login-now.secure-india.loan/login,1
http://icici-update-now.verify-india.click/login,1
http://sbi-update-now.secure-india.work/login,1
http://amazon-secure-now.kyc-india.work/login,1
http://trai-suspend-now.reward-india.tk/login,1
http://yesbank-alert-now.login-india.loan/login,1
http://yesbank-claim-now.win-india.tk/login,1
http://paytm-block-now.update-india.work/login,1
http://irctc-claim-now.update-india.ml/login,1
http://jio-suspend-now.claim-india.pw/login,1
http://irctc-block-now.update-india.click/login,1
http://pnb-secure-now.kyc-india.top/login,1
http://hdfc-free-now.suspend-india.work/login,1
http://phonepe-login-now.win-india.top/login,1
http://sbi-kyc-now.secure-india.cf/login,1
http://amazon-win-now.claim-india.cf/login,1
http://amazon-alert-now.alert-india.ml/login,1
http://hdfc-claim-now.update-india.work/login,1
http://axis-verify-now.alert-india.ga/login,1
http://hdfc-block-now.alert-india.tk/login,1
http://pnb-reward-now.secure-india.buzz/login,1
http://irctc-block-now.free-india.ga/login,1
http://irctc-free-now.win-india.xyz/login,1
http://gpay-update-now.alert-india.click/login,1
http://kotak-login-now.block-india.xyz/login,1
http://phonepe-alert-now.secure-india.tk/login,1
http://kotak-block-now.claim-india.fun/login,1
http://flipkart-free-now.kyc-india.top/login,1
http://hdfc-kyc-now.suspend-india.ml/login,1
http://yesbank-secure-now.reward-india.buzz/login,1
http://trai-reward-now.kyc-india.work/login,1
http://phonepe-block-now.block-india.cf/login,1
http://hdfc-alert-now.reward-india.top/login,1
http://airtel-kyc-now.verify-india.work/login,1
http://bob-free-now.login-india.ml/login,1
http://irctc-update-now.win-india.ga/login,1
http://yesbank-login-now.win-india.loan/login,1
http://bob-alert-now.reward-india.fun/login,1
http://paytm-claim-now.suspend-india.ml/login,1
http://gpay-block-now.reward-india.fun/login,1
http://trai-alert-now.suspend-india.xyz/login,1
http://amazon-free-now.win-india.xyz/login,1
http://airtel-block-now.block-india.top/login,1
http://uidai-free-now.login-india.ml/login,1
http://hdfc-win-now.claim-india.click/login,1
http://jio-secure-now.verify-india.click/login,1
http://sbi-free-now.block-india.pw/login,1
http://paytm-alert-now.login-india.pw/login,1
http://amazon-win-now.update-india.click/login,1
http://flipkart-reward-now.secure-india.xyz/login,1
http://yesbank-login-now.free-india.buzz/login,1
http://yesbank-reward-now.alert-india.xyz/login,1
http://irctc-block-now.suspend-india.work/login,1
http://irctc-win-now.claim-india.click/login,1
http://airtel-kyc-now.reward-india.tk/login,1
http://uidai-win-now.verify-india.ga/login,1
http://trai-secure-now.kyc-india.ml/login,1
http://irctc-login-now.reward-india.fun/login,1
http://paytm-alert-now.win-india.ga/login,1
http://phonepe-verify-now.win-india.ml/login,1
http://phonepe-free-now.kyc-india.work/login,1
http://axis-update-now.update-india.work/login,1
http://pnb-free-now.alert-india.top/login,1
http://axis-alert-now.update-india.top/login,1
http://phonepe-verify-now.secure-india.ml/login,1
http://aadhaar-claim-now.update-india.cf/login,1
http://airtel-block-now.reward-india.pw/login,1
http://aadhaar-login-now.verify-india.click/login,1
http://phonepe-update-now.reward-india.pw/login,1
http://sbi-login-now.suspend-india.ml/login,1
http://phonepe-verify-now.kyc-india.fun/login,1
http://amazon-suspend-now.block-india.xyz/login,1
http://axis-secure-now.kyc-india.buzz/login,1
http://bob-secure-now.alert-india.tk/login,1
http://hdfc-reward-now.block-india.xyz/login,1
http://icici-alert-now.alert-india.xyz/login,1
http://gpay-update-now.reward-india.ga/login,1
http://flipkart-verify-now.claim-india.buzz/login,1
http://sbi-verify-now.secure-india.pw/login,1
http://gpay-login-now.kyc-india.top/login,1
http://flipkart-kyc-now.secure-india.cf/login,1
http://bob-suspend-now.login-india.tk/login,1
http://flipkart-kyc-now.suspend-india.cf/login,1
http://flipkart-reward-now.login-india.loan/login,1
http://sbi-block-now.login-india.pw/login,1
http://hdfc-win-now.reward-india.click/login,1
http://airtel-verify-now.kyc-india.click/login,1
http://aadhaar-claim-now.update-india.fun/login,1
http://jio-win-now.suspend-india.ga/login,1
http://paytm-alert-now.win-india.ml/login,1
http://irctc-kyc-now.block-india.tk/login,1
http://phonepe-suspend-now.update-india.top/login,1
http://jio-claim-now.free-india.xyz/login,1
http://kotak-suspend-now.reward-india.xyz/login,1
http://paytm-reward-now.win-india.top/login,1
http://flipkart-reward-now.free-india.click/login,1
http://phonepe-alert-now.kyc-india.loan/login,1
http://kotak-claim-now.login-india.pw/login,1
http://irctc-secure-now.suspend-india.fun/login,1
http://uidai-claim-now.verify-india.work/login,1
http://sbi-block-now.block-india.top/login,1
http://kotak-verify-now.reward-india.fun/login,1
http://irctc-claim-now.reward-india.xyz/login,1
http://phonepe-verify-now.block-india.xyz/login,1
http://axis-suspend-now.kyc-india.pw/login,1
http://hdfc-kyc-now.kyc-india.tk/login,1
http://pnb-secure-now.login-india.pw/login,1
http://hdfc-secure-now.secure-india.loan/login,1
http://uidai-verify-now.suspend-india.ga/login,1
http://phonepe-kyc-now.claim-india.ga/login,1
http://jio-login-now.kyc-india.xyz/login,1
http://phonepe-login-now.claim-india.tk/login,1
http://hdfc-kyc-now.claim-india.buzz/login,1
http://yesbank-claim-now.verify-india.tk/login,1
http://jio-claim-now.secure-india.click/login,1
http://hdfc-login-now.reward-india.pw/login,1
http://trai-block-now.block-india.cf/login,1
http://gpay-suspend-now.login-india.ga/login,1
http://gpay-kyc-now.secure-india.ga/login,1
http://bob-kyc-now.suspend-india.top/login,1
http://paytm-verify-now.block-india.xyz/login,1
http://pnb-suspend-now.win-india.fun/login,1
http://aadhaar-free-now.login-india.tk/login,1
http://paytm-secure-now.secure-india.tk/login,1
http://phonepe-suspend-now.verify-india.work/login,1
http://yesbank-suspend-now.reward-india.click/login,1
http://paytm-verify-now.update-india.ml/login,1
http://jio-alert-now.reward-india.ga/login,1
http://icici-alert-now.alert-india.cf/login,1
http://uidai-claim-now.secure-india.ml/login,1
http://icici-verify-now.reward-india.ml/login,1
http://airtel-free-now.update-india.pw/login,1
http://gpay-alert-now.claim-india.pw/login,1
http://axis-suspend-now.kyc-india.ml/login,1
http://bob-alert-now.update-india.fun/login,1
http://jio-update-now.alert-india.click/login,1
http://jio-win-now.reward-india.ml/login,1
http://amazon-secure-now.alert-india.click/login,1
http://paytm-free-now.block-india.buzz/login,1
http://bob-secure-now.reward-india.tk/login,1
http://paytm-win-now.verify-india.pw/login,1
http://amazon-update-now.alert-india.ga/login,1
http://sbi-verify-now.suspend-india.pw/login,1
http://phonepe-free-now.win-india.loan/login,1
http://airtel-claim-now.kyc-india.cf/login,1
http://hdfc-login-now.kyc-india.fun/login,1
http://axis-update-now.claim-india.fun/login,1
http://jio-claim-now.claim-india.xyz/login,1
http://yesbank-update-now.secure-india.ga/login,1
http://paytm-update-now.suspend-india.buzz/login,1
http://axis-secure-now.login-india.buzz/login,1
http://hdfc-block-now.alert-india.work/login,1
http://uidai-alert-now.free-india.ml/login,1
http://airtel-alert-now.suspend-india.ml/login,1
http://pnb-win-now.win-india.cf/login,1
http://paytm-kyc-now.update-india.loan/login,1
http://aadhaar-login-now.win-india.cf/login,1
http://yesbank-win-now.block-india.tk/login,1
http://uidai-kyc-now.win-india.xyz/login,1
http://kotak-block-now.alert-india.work/login,1
http://hdfc-reward-now.alert-india.buzz/login,1
http://bob-suspend-now.login-india.ga/login,1
http://jio-kyc-now.suspend-india.pw/login,1
http://aadhaar-reward-now.claim-india.tk/login,1
http://pnb-suspend-now.verify-india.ml/login,1
http://yesbank-alert-now.win-india.loan/login,1
http://kotak-reward-now.secure-india.xyz/login,1
http://trai-claim-now.free-india.loan/login,1
http://pnb-win-now.block-india.loan/login,1
http://gpay-win-now.block-india.ml/login,1
http://yesbank-win-now.reward-india.fun/login,1
http://irctc-kyc-now.reward-india.ml/login,1
http://sbi-win-now.block-india.cf/login,1
http://bob-alert-now.kyc-india.buzz/login,1
http://uidai-kyc-now.claim-india.cf/login,1
http://gpay-free-now.claim-india.fun/login,1
http://pnb-update-now.suspend-india.top/login,1
http://phonepe-block-now.kyc-india.ml/login,1
http://phonepe-claim-now.verify-india.tk/login,1
http://aadhaar-kyc-now.claim-india.fun/login,1
http://bob-kyc-now.secure-india.work/login,1
http://phonepe-block-now.reward-india.ga/login,1
http://uidai-secure-now.kyc-india.buzz/login,1
http://sbi-update-now.kyc-india.ml/login,1
http://jio-secure-now.update-india.cf/login,1
http://uidai-suspend-now.kyc-india.pw/login,1
http://sbi-verify-now.suspend-india.fun/login,1
http://amazon-reward-now.kyc-india.fun/login,1
http://flipkart-verify-now.kyc-india.top/login,1
http://bob-verify-now.secure-india.click/login,1
http://hdfc-suspend-now.claim-india.top/login,1
http://gpay-kyc-now.update-india.work/login,1
http://kotak-free-now.verify-india.xyz/login,1
http://jio-suspend-now.update-india.xyz/login,1
http://icici-suspend-now.login-india.ga/login,1
http://pnb-login-now.block-india.pw/login,1
http://phonepe-kyc-now.kyc-india.cf/login,1
http://flipkart-update-now.update-india.pw/login,1
http://jio-reward-now.verify-india.fun/login,1
http://hdfc-reward-now.verify-india.loan/login,1
http://paytm-alert-now.alert-india.buzz/login,1
http://hdfc-claim-now.reward-india.cf/login,1
http://bob-update-now.free-india.fun/login,1
http://amazon-verify-now.alert-india.top/login,1
http://paytm-reward-now.secure-india.ga/login,1
http://trai-win-now.claim-india.xyz/login,1
http://sbi-suspend-now.claim-india.ga/login,1
http://flipkart-kyc-now.login-india.cf/login,1
http://amazon-update-now.alert-india.top/login,1
http://paytm-login-now.free-india.tk/login,1
http://gpay-login-now.reward-india.tk/login,1
http://sbi-free-now.suspend-india.cf/login,1
http://kotak-win-now.update-india.top/login,1
http://kotak-kyc-now.login-india.fun/login,1
http://axis-reward-now.claim-india.cf/login,1
http://kotak-update-now.win-india.ga/login,1
http://flipkart-kyc-now.alert-india.work/login,1
http://bob-block-now.claim-india.work/login,1
http://amazon-verify-now.reward-india.fun/login,1
http://gpay-secure-now.suspend-india.cf/login,1
http://phonepe-suspend-now.verify-india.cf/login,1
http://amazon-update-now.alert-india.click/login,1
http://yesbank-update-now.block-india.loan/login,1
http://flipkart-verify-now.update-india.work/login,1
http://uidai-login-now.kyc-india.cf/login,1
http://phonepe-verify-now.kyc-india.cf/login,1
http://aadhaar-login-now.alert-india.cf/login,1
http://airtel-secure-now.update-india.work/login,1
http://phonepe-login-now.secure-india.click/login,1
http://amazon-claim-now.login-india.loan/login,1
http://bob-suspend-now.secure-india.work/login,1
http://uidai-verify-now.kyc-india.click/login,1
http://kotak-block-now.claim-india.fun/login,1
http://jio-reward-now.kyc-india.top/login,1
http://aadhaar-suspend-now.verify-india.cf/login,1
http://flipkart-kyc-now.login-india.loan/login,1
http://amazon-win-now.win-india.cf/login,1
http://icici-free-now.verify-india.xyz/login,1
http://yesbank-login-now.block-india.click/login,1
http://yesbank-alert-now.win-india.cf/login,1
http://phonepe-update-now.reward-india.fun/login,1
http://airtel-login-now.claim-india.pw/login,1
http://sbi-verify-now.suspend-india.ga/login,1
http://irctc-block-now.update-india.cf/login,1
http://amazon-verify-now.secure-india.work/login,1
http://amazon-win-now.update-india.cf/login,1
http://jio-alert-now.block-india.loan/login,1
http://airtel-secure-now.login-india.work/login,1
http://hdfc-reward-now.win-india.top/login,1
http://icici-block-now.alert-india.buzz/login,1
http://pnb-reward-now.secure-india.top/login,1
http://flipkart-kyc-now.free-india.top/login,1
http://jio-reward-now.block-india.tk/login,1
http://pnb-free-now.secure-india.fun/login,1
http://icici-block-now.claim-india.loan/login,1
http://uidai-verify-now.verify-india.ml/login,1
http://flipkart-alert-now.win-india.ml/login,1
http://uidai-update-now.verify-india.loan/login,1
http://kotak-claim-now.verify-india.fun/login,1
http://flipkart-free-now.block-india.top/login,1
http://sbi-secure-now.login-india.click/login,1
http://amazon-reward-now.verify-india.click/login,1
http://hdfc-login-now.win-india.ga/login,1
http://flipkart-secure-now.reward-india.pw/login,1
http://trai-login-now.login-india.xyz/login,1
http://bob-alert-now.free-india.work/login,1
http://gpay-verify-now.reward-india.work/login,1
http://axis-block-now.kyc-india.ml/login,1
http://phonepe-reward-now.reward-india.work/login,1
http://uidai-free-now.secure-india.tk/login,1
http://sbi-block-now.alert-india.loan/login,1
http://trai-reward-now.claim-india.ga/login,1
http://trai-claim-now.free-india.pw/login,1
http://hdfc-reward-now.alert-india.ga/login,1
http://uidai-reward-now.login-india.cf/login,1
http://phonepe-win-now.block-india.fun/login,1
http://trai-alert-now.reward-india.xyz/login,1
http://yesbank-free-now.claim-india.xyz/login,1
http://kotak-suspend-now.kyc-india.ml/login,1
http://axis-win-now.alert-india.xyz/login,1
http://airtel-free-now.block-india.top/login,1
http://icici-block-now.reward-india.buzz/login,1
http://flipkart-verify-now.reward-india.top/login,1
http://gpay-kyc-now.verify-india.tk/login,1
http://bob-kyc-now.suspend-india.buzz/login,1
http://sbi-alert-now.login-india.pw/login,1
http://uidai-kyc-now.block-india.pw/login,1
http://icici-free-now.suspend-india.loan/login,1
http://phonepe-alert-now.update-india.loan/login,1
http://paytm-reward-now.win-india.click/login,1
http://gpay-login-now.alert-india.tk/login,1
http://flipkart-win-now.verify-india.loan/login,1
http://amazon-secure-now.suspend-india.cf/login,1
http://phonepe-reward-now.suspend-india.cf/login,1
http://phonepe-verify-now.login-india.fun/login,1
http://uidai-block-now.free-india.buzz/login,1
http://jio-update-now.free-india.ga/login,1
http://yesbank-secure-now.free-india.buzz/login,1
http://sbi-update-now.secure-india.click/login,1
http://uidai-suspend-now.reward-india.work/login,1
http://sbi-reward-now.suspend-india.ml/login,1
http://icici-suspend-now.claim-india.loan/login,1
http://flipkart-login-now.verify-india.click/login,1
http://airtel-suspend-now.block-india.ml/login,1
http://airtel-login-now.block-india.loan/login,1
http://airtel-free-now.login-india.xyz/login,1
http://paytm-win-now.free-india.fun/login,1
http://icici-alert-now.win-india.loan/login,1
http://axis-reward-now.alert-india.loan/login,1
http://sbi-reward-now.free-india.top/login,1
http://airtel-free-now.login-india.buzz/login,1
http://axis-claim-now.free-india.loan/login,1
http://uidai-verify-now.update-india.top/login,1
http://airtel-suspend-now.win-india.buzz/login,1
http://paytm-free-now.block-india.tk/login,1
http://yesbank-verify-now.login-india.work/login,1
http://hdfc-update-now.alert-india.xyz/login,1
http://paytm-reward-now.free-india.cf/login,1
http://hdfc-alert-now.verify-india.ga/login,1
http://sbi-block-now.free-india.loan/login,1
http://hdfc-block-now.free-india.tk/login,1
http://flipkart-kyc-now.reward-india.ml/login,1
http://trai-kyc-now.suspend-india.top/login,1
http://aadhaar-kyc-now.free-india.cf/login,1
http://kotak-block-now.claim-india.xyz/login,1
http://sbi-alert-now.kyc-india.loan/login,1
http://trai-free-now.suspend-india.click/login,1
http://uidai-kyc-now.free-india.buzz/login,1
http://flipkart-free-now.secure-india.tk/login,1
http://icici-reward-now.block-india.xyz/login,1
http://amazon-suspend-now.free-india.tk/login,1
http://bob-update-now.kyc-india.work/login,1
http://bob-reward-now.kyc-india.xyz/login,1
http://aadhaar-verify-now.block-india.ml/login,1
http://sbi-login-now.suspend-india.tk/login,1
http://flipkart-verify-now.free-india.ml/login,1
http://amazon-login-now.free-india.cf/login,1
http://airtel-secure-now.login-india.click/login,1
http://bob-free-now.free-india.ml/login,1
http://airtel-claim-now.block-india.buzz/login,1
http://irctc-verify-now.update-india.ml/login,1
http://sbi-win-now.win-india.cf/login,1
http://paytm-secure-now.kyc-india.buzz/login,1
http://pnb-login-now.reward-india.pw/login,1
http://sbi-suspend-now.update-india.ml/login,1
http://jio-alert-now.claim-india.ga/login,1
http://sbi-kyc-now.block-india.cf/login,1
http://uidai-alert-now.reward-india.fun/login,1
http://hdfc-login-now.suspend-india.top/login,1
http://flipkart-verify-now.kyc-india.cf/login,1
http://jio-reward-now.claim-india.ml/login,1
http://kotak-verify-now.claim-india.click/login,1
http://jio-win-now.reward-india.cf/login,1
http://trai-update-now.win-india.loan/login,1
http://flipkart-claim-now.secure-india.buzz/login,1
http://sbi-login-now.reward-india.fun/login,1
http://airtel-block-now.block-india.ml/login,1
http://axis-claim-now.win-india.pw/login,1
http://flipkart-alert-now.login-india.loan/login,1
http://pnb-secure-now.win-india.top/login,1
http://amazon-kyc-now.login-india.ml/login,1
http://jio-reward-now.verify-india.top/login,1
http://bob-alert-now.suspend-india.pw/login,1
http://trai-reward-now.secure-india.pw/login,1
http://icici-kyc-now.claim-india.pw/login,1
http://kotak-suspend-now.alert-india.buzz/login,1
http://phonepe-kyc-now.win-india.xyz/login,1
http://airtel-kyc-now.suspend-india.loan/login,1
http://bob-kyc-now.kyc-india.top/login,1
http://uidai-suspend-now.kyc-india.xyz/login,1
http://bob-reward-now.reward-india.tk/login,1
http://flipkart-suspend-now.suspend-india.top/login,1
http://phonepe-login-now.claim-india.top/login,1
http://uidai-suspend-now.free-india.ml/login,1
http://uidai-win-now.suspend-india.fun/login,1
http://aadhaar-login-now.login-india.click/login,1
http://aadhaar-win-now.alert-india.top/login,1
http://aadhaar-block-now.alert-india.fun/login,1
http://irctc-alert-now.suspend-india.ml/login,1
http://pnb-reward-now.verify-india.cf/login,1
http://axis-login-now.secure-india.loan/login,1
http://phonepe-verify-now.block-india.cf/login,1
http://jio-update-now.claim-india.ga/login,1
http://trai-win-now.login-india.pw/login,1
http://icici-kyc-now.kyc-india.top/login,1
http://sbi-verify-now.verify-india.tk/login,1
http://kotak-secure-now.verify-india.buzz/login,1
http://flipkart-reward-now.kyc-india.pw/login,1
http://icici-secure-now.win-india.buzz/login,1
http://jio-verify-now.secure-india.fun/login,1
http://uidai-update-now.login-india.cf/login,1
http://axis-verify-now.login-india.loan/login,1
http://uidai-alert-now.claim-india.ml/login,1
http://aadhaar-alert-now.kyc-india.xyz/login,1
http://uidai-suspend-now.block-india.top/login,1
http://yesbank-free-now.reward-india.cf/login,1
http://phonepe-win-now.free-india.fun/login,1
http://paytm-secure-now.verify-india.click/login,1
http://paytm-verify-now.block-india.ml/login,1
http://jio-claim-now.login-india.xyz/login,1
http://uidai-alert-now.reward-india.top/login,1
http://axis-suspend-now.secure-india.loan/login,1
http://bob-kyc-now.suspend-india.loan/login,1
http://hdfc-free-now.claim-india.top/login,1
http://aadhaar-kyc-now.verify-india.tk/login,1
http://irctc-free-now.claim-india.ga/login,1
http://sbi-alert-now.suspend-india.top/login,1
http://amazon-update-now.block-india.top/login,1
http://uidai-claim-now.alert-india.ml/login,1
http://kotak-verify-now.secure-india.ga/login,1
http://kotak-alert-now.secure-india.tk/login,1
http://phonepe-claim-now.login-india.tk/login,1
http://gpay-alert-now.free-india.pw/login,1
http://yesbank-reward-now.update-india.xyz/login,1
http://hdfc-alert-now.alert-india.work/login,1
http://gpay-free-now.kyc-india.tk/login,1
http://irctc-claim-now.verify-india.ga/login,1
http://amazon-update-now.suspend-india.buzz/login,1
http://phonepe-verify-now.kyc-india.fun/login,1
http://yesbank-suspend-now.win-india.pw/login,1
http://icici-suspend-now.login-india.loan/login,1
http://irctc-login-now.login-india.work/login,1
http://hdfc-login-now.secure-india.fun/login,1
http://phonepe-secure-now.secure-india.cf/login,1
http://flipkart-secure-now.block-india.pw/login,1
http://sbi-secure-now.alert-india.top/login,1
http://sbi-alert-now.win-india.loan/login,1
http://amazon-kyc-now.login-india.click/login,1
http://icici-verify-now.win-india.work/login,1
http://amazon-claim-now.update-india.pw/login,1
http://icici-alert-now.free-india.xyz/login,1
http://aadhaar-claim-now.update-india.work/login,1
http://jio-free-now.kyc-india.loan/login,1
http://uidai-claim-now.update-india.cf/login,1
http://pnb-reward-now.login-india.cf/login,1
http://hdfc-suspend-now.update-india.loan/login,1
http://pnb-block-now.verify-india.click/login,1
http://pnb-block-now.win-india.tk/login,1
http://axis-claim-now.alert-india.cf/login,1
http://airtel-win-now.suspend-india.top/login,1
http://pnb-login-now.suspend-india.buzz/login,1
http://axis-reward-now.verify-india.buzz/login,1
http://irctc-alert-now.verify-india.xyz/login,1
http://kotak-verify-now.suspend-india.ga/login,1
http://sbi-win-now.secure-india.click/login,1
http://kotak-update-now.block-india.cf/login,1
http://sbi-login-now.suspend-india.fun/login,1
http://aadhaar-kyc-now.kyc-india.tk/login,1
http://aadhaar-verify-now.free-india.ga/login,1
http://uidai-reward-now.reward-india.ml/login,1
http://hdfc-login-now.block-india.click/login,1
http://aadhaar-block-now.reward-india.buzz/login,1
http://airtel-free-now.win-india.fun/login,1
http://sbi-free-now.alert-india.loan/login,1
http://aadhaar-verify-now.kyc-india.top/login,1
http://yesbank-kyc-now.suspend-india.fun/login,1
http://yesbank-update-now.reward-india.cf/login,1
http://amazon-win-now.suspend-india.ga/login,1
http://gpay-win-now.login-india.click/login,1
http://amazon-kyc-now.login-india.xyz/login,1
http://gpay-suspend-now.alert-india.cf/login,1
http://airtel-verify-now.block-india.loan/login,1
http://hdfc-reward-now.alert-india.xyz/login,1
http://trai-win-now.suspend-india.loan/login,1
http://irctc-verify-now.suspend-india.ml/login,1
http://hdfc-free-now.win-india.tk/login,1
http://icici-block-now.win-india.fun/login,1
http://kotak-login-now.update-india.tk/login,1
http://gpay-free-now.kyc-india.top/login,1
http://bob-update-now.update-india.click/login,1
http://aadhaar-secure-now.block-india.click/login,1
http://aadhaar-verify-now.claim-india.ml/login,1
http://bob-login-now.kyc-india.buzz/login,1
http://axis-update-now.suspend-india.buzz/login,1
http://bob-verify-now.secure-india.work/login,1
http://phonepe-kyc-now.verify-india.click/login,1
http://jio-suspend-now.alert-india.buzz/login,1
http://sbi-alert-now.alert-india.cf/login,1
http://pnb-win-now.secure-india.cf/login,1
http://irctc-win-now.win-india.xyz/login,1
http://aadhaar-free-now.free-india.ml/login,1
http://gpay-update-now.alert-india.tk/login,1
http://kotak-reward-now.win-india.tk/login,1
http://uidai-claim-now.win-india.ga/login,1
http://uidai-secure-now.reward-india.work/login,1
http://bob-reward-now.kyc-india.top/login,1
http://phonepe-login-now.claim-india.fun/login,1
http://uidai-reward-now.verify-india.click/login,1
http://jio-verify-now.kyc-india.fun/login,1
http://bob-update-now.win-india.loan/login,1
http://kotak-verify-now.kyc-india.click/login,1
http://irctc-block-now.alert-india.xyz/login,1
http://gpay-reward-now.block-india.top/login,1
http://hdfc-claim-now.verify-india.top/login,1
http://jio-verify-now.reward-india.top/login,1
http://jio-reward-now.verify-india.click/login,1
http://hdfc-kyc-now.win-india.loan/login,1
http://icici-free-now.free-india.top/login,1
http://airtel-verify-now.suspend-india.loan/login,1
http://uidai-update-now.verify-india.ga/login,1
http://uidai-verify-now.suspend-india.tk/login,1
http://phonepe-verify-now.win-india.ga/login,1
http://sbi-kyc-now.claim-india.ml/login,1
http://sbi-suspend-now.secure-india.click/login,1
http://phonepe-win-now.login-india.work/login,1
http://pnb-suspend-now.alert-india.fun/login,1
http://pnb-login-now.update-india.pw/login,1
http://phonepe-reward-now.verify-india.xyz/login,1
http://aadhaar-reward-now.verify-india.ml/login,1
http://flipkart-claim-now.alert-india.cf/login,1
http://yesbank-secure-now.secure-india.buzz/login,1
http://uidai-kyc-now.verify-india.click/login,1
http://kotak-win-now.block-india.pw/login,1
http://kotak-win-now.secure-india.click/login,1
http://jio-block-now.update-india.tk/login,1
http://aadhaar-verify-now.free-india.loan/login,1
http://axis-win-now.block-india.pw/login,1
http://bob-claim-now.free-india.click/login,1
http://trai-login-now.secure-india.cf/login,1
http://yesbank-reward-now.reward-india.ml/login,1
http://phonepe-suspend-now.free-india.click/login,1
http://paytm-update-now.alert-india.pw/login,1
http://irctc-verify-now.claim-india.fun/login,1
http://amazon-reward-now.verify-india.ga/login,1
http://amazon-update-now.reward-india.ml/login,1
http://kotak-block-now.reward-india.xyz/login,1
http://flipkart-verify-now.secure-india.work/login,1
http://paytm-reward-now.reward-india.xyz/login,1
http://paytm-login-now.claim-india.tk/login,1
http://pnb-block-now.claim-india.xyz/login,1
http://icici-claim-now.login-india.buzz/login,1
http://sbi-update-now.alert-india.ga/login,1
http://icici-reward-now.alert-india.tk/login,1
http://yesbank-reward-now.verify-india.click/login,1
http://trai-alert-now.suspend-india.xyz/login,1
http://pnb-kyc-now.kyc-india.cf/login,1
http://kotak-update-now.login-india.ga/login,1
http://uidai-claim-now.secure-india.work/login,1
http://uidai-secure-now.verify-india.fun/login,1
http://bob-secure-now.win-india.fun/login,1
http://pnb-login-now.update-india.buzz/login,1
http://yesbank-win-now.alert-india.pw/login,1
http://hdfc-claim-now.win-india.work/login,1
http://axis-suspend-now.win-india.tk/login,1
http://trai-free-now.suspend-india.loan/login,1
http://bob-reward-now.win-india.cf/login,1
http://bob-suspend-now.login-india.top/login,1
http://yesbank-reward-now.update-india.loan/login,1
http://jio-login-now.claim-india.fun/login,1
http://irctc-secure-now.free-india.buzz/login,1
http://aadhaar-alert-now.reward-india.loan/login,1
http://sbi-claim-now.free-india.work/login,1
http://hdfc-kyc-now.login-india.fun/login,1
http://irctc-alert-now.win-india.tk/login,1
http://aadhaar-secure-now.login-india.xyz/login,1
http://axis-suspend-now.kyc-india.ml/login,1
http://sbi-suspend-now.claim-india.top/login,1
http://irctc-login-now.login-india.ga/login,1
http://paytm-win-now.win-india.pw/login,1
http://irctc-login-now.free-india.ml/login,1
http://gpay-suspend-now.reward-india.cf/login,1
http://airtel-verify-now.kyc-india.loan/login,1
http://paytm-claim-now.login-india.ml/login,1
http://bob-alert-now.reward-india.pw/login,1
http://uidai-free-now.kyc-india.cf/login,1
http://phonepe-alert-now.alert-india.ga/login,1
http://phonepe-login-now.win-india.loan/login,1
http://yesbank-free-now.kyc-india.xyz/login,1
http://paytm-login-now.free-india.ml/login,1
http://sbi-suspend-now.update-india.cf/login,1
http://sbi-update-now.reward-india.pw/login,1
http://gpay-login-now.kyc-india.loan/login,1
http://airtel-secure-now.kyc-india.ga/login,1
http://kotak-alert-now.free-india.tk/login,1
http://uidai-block-now.kyc-india.pw/login,1
http://sbi-free-now.alert-india.click/login,1
http://yesbank-update-now.claim-india.cf/login,1
http://yesbank-kyc-now.reward-india.xyz/login,1
http://flipkart-claim-now.reward-india.pw/login,1
http://icici-login-now.block-india.ga/login,1
http://axis-verify-now.verify-india.fun/login,1
http://bob-secure-now.login-india.ga/login,1
http://paytm-kyc-now.reward-india.buzz/login,1
http://paytm-kyc-now.alert-india.work/login,1
http://flipkart-alert-now.login-india.ga/login,1
http://icici-reward-now.win-india.loan/login,1
http://hdfc-reward-now.reward-india.cf/login,1
http://irctc-verify-now.alert-india.xyz/login,1
http://gpay-block-now.claim-india.xyz/login,1
http://jio-reward-now.verify-india.click/login,1
http://yesbank-kyc-now.suspend-india.loan/login,1
http://kotak-kyc-now.free-india.cf/login,1
http://icici-win-now.verify-india.buzz/login,1
http://irctc-win-now.secure-india.fun/login,1
http://hdfc-kyc-now.alert-india.cf/login,1
http://sbi-free-now.free-india.top/login,1
http://irctc-claim-now.block-india.ml/login,1
http://amazon-alert-now.reward-india.ml/login,1
http://pnb-suspend-now.verify-india.top/login,1
http://phonepe-verify-now.verify-india.ga/login,1
http://bob-login-now.block-india.buzz/login,1
http://pnb-free-now.reward-india.cf/login,1
http://amazon-win-now.update-india.cf/login,1
http://uidai-alert-now.secure-india.click/login,1
http://irctc-free-now.suspend-india.ga/login,1
http://axis-block-now.login-india.pw/login,1
http://uidai-free-now.alert-india.fun/login,1
http://uidai-block-now.win-india.cf/login,1
http://icici-secure-now.suspend-india.fun/login,1
http://trai-reward-now.verify-india.pw/login,1
http://yesbank-claim-now.verify-india.cf/login,1
http://gpay-kyc-now.reward-india.top/login,1
http://kotak-login-now.kyc-india.ml/login,1
http://jio-suspend-now.secure-india.top/login,1
http://axis-kyc-now.update-india.ml/login,1
http://aadhaar-suspend-now.win-india.loan/login,1
http://icici-free-now.update-india.click/login,1
http://kotak-block-now.claim-india.ga/login,1
http://airtel-verify-now.verify-india.fun/login,1
http://icici-kyc-now.free-india.work/login,1
http://amazon-win-now.win-india.ml/login,1
http://paytm-login-now.suspend-india.loan/login,1
http://kotak-alert-now.secure-india.ml/login,1
http://phonepe-claim-now.reward-india.fun/login,1
http://flipkart-win-now.block-india.fun/login,1
http://irctc-update-now.block-india.loan/login,1
http://trai-kyc-now.kyc-india.ga/login,1
http://flipkart-block-now.free-india.loan/login,1
http://irctc-verify-now.claim-india.buzz/login,1
http://aadhaar-secure-now.update-india.top/login,1
http://trai-verify-now.reward-india.fun/login,1
http://icici-win-now.login-india.fun/login,1
http://airtel-suspend-now.free-india.click/login,1
http://bob-secure-now.alert-india.fun/login,1
http://uidai-suspend-now.block-india.cf/login,1
http://bob-verify-now.free-india.click/login,1
http://trai-reward-now.free-india.work/login,1
http://airtel-suspend-now.reward-india.ga/login,1
http://aadhaar-login-now.verify-india.pw/login,1
http://flipkart-kyc-now.login-india.top/login,1
http://axis-verify-now.block-india.xyz/login,1
http://uidai-kyc-now.reward-india.tk/login,1
http://bob-reward-now.kyc-india.xyz/login,1
http://axis-reward-now.claim-india.click/login,1
http://yesbank-win-now.alert-india.buzz/login,1
http://trai-reward-now.secure-india.click/login,1
http://irctc-free-now.block-india.top/login,1
http://yesbank-claim-now.claim-india.work/login,1
http://pnb-update-now.kyc-india.cf/login,1
http://irctc-reward-now.secure-india.xyz/login,1
http://sbi-verify-now.reward-india.loan/login,1
http://flipkart-claim-now.block-india.top/login,1
http://trai-kyc-now.secure-india.buzz/login,1
http://hdfc-claim-now.update-india.top/login,1
http://bob-claim-now.secure-india.click/login,1
http://axis-kyc-now.kyc-india.cf/login,1
http://kotak-secure-now.update-india.loan/login,1
http://uidai-suspend-now.alert-india.cf/login,1
http://sbi-kyc-now.login-india.ga/login,1
http://trai-reward-now.block-india.top/login,1
http://sbi-block-now.login-india.click/login,1
http://irctc-verify-now.win-india.tk/login,1
http://flipkart-verify-now.login-india.top/login,1
http://gpay-verify-now.suspend-india.cf/login,1
http://airtel-kyc-now.login-india.loan/login,1
http://amazon-verify-now.kyc-india.xyz/login,1
http://yesbank-win-now.verify-india.loan/login,1
http://aadhaar-login-now.verify-india.pw/login,1
http://airtel-win-now.update-india.ga/login,1
http://airtel-free-now.suspend-india.xyz/login,1
http://uidai-reward-now.free-india.tk/login,1
http://irctc-suspend-now.alert-india.pw/login,1
http://irctc-kyc-now.secure-india.click/login,1
http://paytm-block-now.secure-india.tk/login,1
http://gpay-claim-now.reward-india.pw/login,1
http://airtel-block-now.verify-india.cf/login,1
http://yesbank-verify-now.alert-india.ga/login,1
http://pnb-reward-now.win-india.work/login,1
http://kotak-block-now.verify-india.pw/login,1
http://yesbank-alert-now.free-india.buzz/login,1
http://jio-suspend-now.secure-india.buzz/login,1
http://sbi-claim-now.suspend-india.buzz/login,1
http://aadhaar-verify-now.kyc-india.buzz/login,1
http://amazon-verify-now.kyc-india.fun/login,1
http://airtel-secure-now.kyc-india.buzz/login,1
http://hdfc-login-now.update-india.click/login,1
http://trai-suspend-now.kyc-india.click/login,1
http://trai-secure-now.suspend-india.xyz/login,1
http://flipkart-login-now.secure-india.ml/login,1
http://hdfc-login-now.update-india.pw/login,1
http://flipkart-free-now.alert-india.work/login,1
http://kotak-block-now.reward-india.work/login,1
http://pnb-suspend-now.claim-india.tk/login,1
http://kotak-update-now.block-india.top/login,1
http://airtel-free-now.block-india.fun/login,1
http://phonepe-login-now.verify-india.loan/login,1
http://trai-win-now.kyc-india.pw/login,1
http://yesbank-free-now.block-india.top/login,1
http://trai-secure-now.update-india.pw/login,1
http://amazon-kyc-now.login-india.buzz/login,1
http://jio-kyc-now.reward-india.xyz/login,1
http://pnb-win-now.block-india.top/login,1
http://airtel-kyc-now.alert-india.top/login,1
http://irctc-secure-now.block-india.ga/login,1
http://axis-alert-now.login-india.fun/login,1
http://sbi-reward-now.reward-india.ml/login,1
http://uidai-login-now.free-india.buzz/login,1
http://icici-claim-now.update-india.loan/login,1
http://icici-alert-now.block-india.loan/login,1
http://paytm-secure-now.kyc-india.top/login,1
http://pnb-claim-now.suspend-india.cf/login,1
http://amazon-suspend-now.block-india.pw/login,1
http://sbi-reward-now.kyc-india.ga/login,1
http://paytm-alert-now.win-india.ml/login,1
http://jio-free-now.alert-india.tk/login,1
http://flipkart-suspend-now.block-india.pw/login,1
http://sbi-kyc-now.kyc-india.ga/login,1
http://irctc-free-now.suspend-india.xyz/login,1
http://hdfc-win-now.reward-india.click/login,1
http://airtel-win-now.block-india.buzz/login,1
http://flipkart-verify-now.free-india.loan/login,1
http://airtel-alert-now.alert-india.pw/login,1
http://yesbank-win-now.secure-india.tk/login,1
http://flipkart-reward-now.alert-india.click/login,1
http://yesbank-login-now.suspend-india.loan/login,1
http://icici-block-now.block-india.pw/login,1
http://hdfc-alert-now.win-india.ga/login,1
http://flipkart-block-now.update-india.click/login,1
http://uidai-update-now.claim-india.work/login,1
http://hdfc-block-now.suspend-india.cf/login,1
http://pnb-block-now.suspend-india.fun/login,1
http://bob-kyc-now.reward-india.loan/login,1
http://gpay-block-now.secure-india.loan/login,1
http://trai-alert-now.reward-india.ga/login,1
http://trai-verify-now.kyc-india.xyz/login,1
http://irctc-reward-now.update-india.ml/login,1
http://jio-suspend-now.reward-india.buzz/login,1
http://axis-kyc-now.update-india.buzz/login,1
http://sbi-free-now.claim-india.fun/login,1
http://icici-block-now.block-india.tk/login,1
http://paytm-suspend-now.free-india.loan/login,1
http://trai-free-now.reward-india.buzz/login,1
http://axis-block-now.kyc-india.xyz/login,1
http://irctc-verify-now.reward-india.top/login,1
http://hdfc-update-now.verify-india.work/login,1
http://uidai-kyc-now.login-india.work/login,1
http://paytm-suspend-now.block-india.ml/login,1
http://bob-block-now.suspend-india.ga/login,1
http://jio-secure-now.win-india.loan/login,1
http://amazon-free-now.secure-india.pw/login,1
http://flipkart-verify-now.login-india.fun/login,1
http://yesbank-verify-now.reward-india.work/login,1
http://yesbank-alert-now.block-india.pw/login,1
http://amazon-block-now.win-india.ga/login,1
http://gpay-claim-now.claim-india.fun/login,1
http://flipkart-verify-now.alert-india.work/login,1
http://jio-win-now.update-india.ml/login,1
http://gpay-update-now.claim-india.click/login,1
http://yesbank-free-now.verify-india.buzz/login,1
http://yesbank-alert-now.free-india.xyz/login,1
http://pnb-kyc-now.free-india.tk/login,1
http://trai-alert-now.suspend-india.pw/login,1
http://jio-block-now.secure-india.fun/login,1
http://airtel-secure-now.verify-india.cf/login,1
http://pnb-block-now.block-india.ga/login,1
http://axis-update-now.secure-india.tk/login,1
http://kotak-alert-now.verify-india.buzz/login,1
http://axis-kyc-now.login-india.buzz/login,1
http://yesbank-verify-now.login-india.top/login,1
http://aadhaar-alert-now.update-india.click/login,1
http://bob-block-now.suspend-india.tk/login,1
http://hdfc-suspend-now.free-india.work/login,1
http://flipkart-suspend-now.alert-india.loan/login,1
http://hdfc-kyc-now.login-india.buzz/login,1
http://kotak-free-now.secure-india.click/login,1
http://amazon-block-now.secure-india.cf/login,1
http://amazon-alert-now.suspend-india.cf/login,1
http://sbi-login-now.reward-india.fun/login,1
http://amazon-secure-now.verify-india.tk/login,1
http://amazon-login-now.kyc-india.pw/login,1
http://yesbank-alert-now.login-india.work/login,1
http://trai-free-now.login-india.tk/login,1
http://pnb-suspend-now.alert-india.click/login,1
http://flipkart-win-now.kyc-india.pw/login,1
http://paytm-free-now.alert-india.ga/login,1
http://axis-block-now.reward-india.loan/login,1
http://gpay-win-now.verify-india.ml/login,1
http://uidai-update-now.claim-india.loan/login,1
http://pnb-win-now.free-india.cf/login,1
http://phonepe-login-now.login-india.ml/login,1
http://kotak-update-now.reward-india.fun/login,1
http://pnb-update-now.block-india.click/login,1
http://airtel-block-now.login-india.pw/login,1
http://amazon-reward-now.verify-india.work/login,1
http://gpay-secure-now.secure-india.top/login,1
http://irctc-win-now.secure-india.top/login,1
http://phonepe-win-now.update-india.click/login,1
http://uidai-claim-now.block-india.cf/login,1
http://icici-free-now.alert-india.cf/login,1
http://axis-reward-now.update-india.work/login,1
http://sbi-claim-now.verify-india.ml/login,1
http://phonepe-update-now.block-india.buzz/login,1
http://axis-reward-now.suspend-india.loan/login,1
http://icici-free-now.secure-india.tk/login,1
http://jio-secure-now.secure-india.buzz/login,1
http://irctc-reward-now.win-india.xyz/login,1
http://uidai-secure-now.block-india.ga/login,1
http://irctc-alert-now.secure-india.xyz/login,1
http://paytm-suspend-now.win-india.ml/login,1
http://aadhaar-reward-now.secure-india.buzz/login,1
http://jio-login-now.verify-india.ml/login,1
http://amazon-free-now.claim-india.fun/login,1
http://sbi-suspend-now.win-india.buzz/login,1
http://uidai-reward-now.win-india.ml/login,1
http://axis-block-now.login-india.top/login,1
http://bob-alert-now.alert-india.tk/login,1
http://bob-reward-now.reward-india.top/login,1
http://icici-verify-now.kyc-india.click/login,1
http://bob-login-now.secure-india.ml/login,1
http://hdfc-kyc-now.kyc-india.ml/login,1
http://jio-secure-now.suspend-india.pw/login,1
http://aadhaar-verify-now.update-india.ga/login,1
http://flipkart-reward-now.block-india.ga/login,1
http://amazon-alert-now.claim-india.pw/login,1
http://sbi-update-now.alert-india.work/login,1
http://icici-claim-now.kyc-india.buzz/login,1
http://kotak-secure-now.reward-india.tk/login,1
http://airtel-secure-now.verify-india.pw/login,1
http://phonepe-login-now.login-india.click/login,1
http://icici-alert-now.secure-india.top/login,1
http://pnb-reward-now.secure-india.ml/login,1
http://bob-verify-now.update-india.loan/login,1
http://bob-login-now.alert-india.ml/login,1
http://bob-login-now.update-india.pw/login,1
http://uidai-claim-now.win-india.buzz/login,1
http://bob-suspend-now.free-india.click/login,1
http://pnb-suspend-now.kyc-india.buzz/login,1
http://phonepe-alert-now.free-india.work/login,1
http://bob-secure-now.update-india.cf/login,1
http://hdfc-verify-now.login-india.loan/login,1
http://yesbank-verify-now.kyc-india.fun/login,1
http://yesbank-claim-now.update-india.fun/login,1
http://gpay-secure-now.secure-india.buzz/login,1
http://airtel-block-now.reward-india.work/login,1
http://paytm-kyc-now.block-india.loan/login,1
http://jio-suspend-now.verify-india.cf/login,1
http://irctc-login-now.login-india.tk/login,1
http://airtel-claim-now.secure-india.top/login,1
http://icici-claim-now.free-india.work/login,1
http://kotak-suspend-now.login-india.ml/login,1
http://pnb-update-now.update-india.cf/login,1
http://uidai-alert-now.block-india.loan/login,1
http://flipkart-suspend-now.claim-india.ga/login,1
http://icici-kyc-now.win-india.xyz/login,1
http://kotak-verify-now.suspend-india.click/login,1
http://kotak-login-now.alert-india.work/login,1
http://amazon-reward-now.update-india.loan/login,1
http://gpay-verify-now.win-india.loan/login,1
http://pnb-block-now.verify-india.xyz/login,1
http://axis-win-now.win-india.loan/login,1
http://irctc-login-now.update-india.cf/login,1
http://gpay-suspend-now.update-india.click/login,1
http://icici-update-now.secure-india.ga/login,1
http://amazon-alert-now.block-india.top/login,1
http://phonepe-free-now.update-india.xyz/login,1
http://irctc-block-now.update-india.loan/login,1
http://flipkart-update-now.verify-india.pw/login,1
http://bob-free-now.block-india.click/login,1
http://amazon-secure-now.kyc-india.click/login,1
http://flipkart-verify-now.reward-india.buzz/login,1
http://aadhaar-free-now.verify-india.ml/login,1
http://amazon-suspend-now.free-india.ga/login,1
http://jio-win-now.update-india.click/login,1
http://airtel-kyc-now.win-india.fun/login,1
http://gpay-verify-now.reward-india.xyz/login,1
http://hdfc-kyc-now.login-india.xyz/login,1
http://phonepe-block-now.reward-india.click/login,1
http://yesbank-win-now.verify-india.buzz/login,1
http://yesbank-kyc-now.kyc-india.cf/login,1
http://axis-update-now.secure-india.ml/login,1
http://sbi-reward-now.reward-india.work/login,1
http://hdfc-update-now.claim-india.tk/login,1
http://airtel-claim-now.win-india.pw/login,1
http://uidai-kyc-now.verify-india.tk/login,1
http://bob-reward-now.login-india.ga/login,1
http://trai-kyc-now.kyc-india.ml/login,1
http://paytm-secure-now.verify-india.xyz/login,1
http://yesbank-login-now.suspend-india.ml/login,1
http://phonepe-free-now.kyc-india.xyz/login,1
http://pnb-reward-now.kyc-india.buzz/login,1
http://sbi-update-now.free-india.fun/login,1
http://hdfc-update-now.update-india.ga/login,1
http://airtel-block-now.secure-india.ga/login,1
http://jio-suspend-now.update-india.ga/login,1
http://jio-free-now.kyc-india.click/login,1
http://phonepe-block-now.reward-india.tk/login,1
http://gpay-kyc-now.login-india.fun/login,1
http://airtel-claim-now.reward-india.buzz/login,1
http://kotak-claim-now.kyc-india.ga/login,1
http://kotak-kyc-now.block-india.top/login,1
http://kotak-secure-now.suspend-india.work/login,1
http://amazon-verify-now.kyc-india.cf/login,1
http://uidai-block-now.reward-india.top/login,1
http://gpay-secure-now.kyc-india.fun/login,1
http://hdfc-win-now.suspend-india.click/login,1
http://jio-reward-now.alert-india.buzz/login,1
http://irctc-free-now.login-india.cf/login,1
http://uidai-block-now.free-india.buzz/login,1
http://pnb-kyc-now.suspend-india.work/login,1
http://jio-claim-now.reward-india.tk/login,1
http://yesbank-win-now.kyc-india.top/login,1
http://bob-claim-now.claim-india.pw/login,1
http://icici-secure-now.alert-india.top/login,1
http://phonepe-claim-now.login-india.buzz/login,1
http://trai-verify-now.suspend-india.top/login,1
http://amazon-secure-now.update-india.cf/login,1
http://irctc-claim-now.login-india.ga/login,1
http://bob-suspend-now.win-india.click/login,1
http://phonepe-secure-now.alert-india.cf/login,1
http://bob-reward-now.win-india.click/login,1
http://jio-claim-now.login-india.loan/login,1
http://uidai-win-now.win-india.fun/login,1
http://amazon-kyc-now.free-india.pw/login,1
http://aadhaar-claim-now.win-india.ga/login,1
http://paytm-secure-now.login-india.fun/login,1
http://bob-alert-now.suspend-india.ml/login,1
http://kotak-update-now.claim-india.work/login,1
http://icici-kyc-now.free-india.work/login,1
http://amazon-login-now.win-india.buzz/login,1
http://aadhaar-login-now.claim-india.cf/login,1
http://gpay-free-now.secure-india.top/login,1
http://aadhaar-claim-now.block-india.fun/login,1
http://amazon-login-now.free-india.pw/login,1
http://sbi-reward-now.update-india.top/login,1
http://aadhaar-kyc-now.secure-india.pw/login,1
http://irctc-suspend-now.free-india.ga/login,1
http://aadhaar-free-now.update-india.top/login,1
http://axis-claim-now.login-india.buzz/login,1
http://trai-update-now.update-india.top/login,1
http://trai-free-now.login-india.fun/login,1
http://flipkart-update-now.verify-india.ga/login,1
http://sbi-alert-now.login-india.work/login,1
http://paytm-reward-now.verify-india.work/login,1
http://phonepe-verify-now.update-india.cf/login,1
http://aadhaar-suspend-now.reward-india.work/login,1
http://aadhaar-win-now.verify-india.loan/login,1
http://paytm-reward-now.win-india.cf/login,1
http://uidai-login-now.update-india.ml/login,1
http://axis-secure-now.reward-india.ga/login,1
http://uidai-secure-now.alert-india.top/login,1
http://phonepe-claim-now.free-india.cf/login,1
http://paytm-win-now.suspend-india.buzz/login,1
http://phonepe-reward-now.win-india.cf/login,1
http://pnb-reward-now.login-india.ga/login,1
http://axis-alert-now.kyc-india.fun/login,1
http://uidai-suspend-now.free-india.cf/login,1
http://sbi-login-now.reward-india.pw/login,1
http://airtel-block-now.free-india.tk/login,1
http://axis-kyc-now.free-india.top/login,1
http://bob-win-now.secure-india.pw/login,1
http://flipkart-update-now.suspend-india.top/login,1
http://flipkart-free-now.verify-india.top/login,1
http://aadhaar-login-now.login-india.click/login,1
http://jio-suspend-now.update-india.xyz/login,1
http://axis-reward-now.update-india.ml/login,1
http://pnb-suspend-now.verify-india.tk/login,1
http://bob-win-now.login-india.pw/login,1
http://airtel-win-now.suspend-india.xyz/login,1
http://icici-login-now.login-india.ga/login,1
http://airtel-secure-now.login-india.work/login,1
http://amazon-alert-now.free-india.ga/login,1
http://airtel-block-now.update-india.cf/login,1
http://hdfc-suspend-now.block-india.fun/login,1
http://airtel-update-now.win-india.xyz/login,1
http://icici-reward-now.alert-india.pw/login,1
http://gpay-verify-now.update-india.cf/login,1
http://aadhaar-update-now.update-india.top/login,1
http://sbi-secure-now.suspend-india.buzz/login,1
http://uidai-free-now.free-india.tk/login,1
http://sbi-verify-now.secure-india.buzz/login,1
http://phonepe-verify-now.kyc-india.loan/login,1
http://aadhaar-reward-now.reward-india.tk/login,1
http://bob-block-now.verify-india.fun/login,1
http://icici-suspend-now.suspend-india.xyz/login,1
http://jio-secure-now.kyc-india.tk/login,1
http://gpay-secure-now.block-india.fun/login,1
http://yesbank-secure-now.block-india.cf/login,1
http://paytm-verify-now.login-india.click/login,1
http://gpay-update-now.reward-india.xyz/login,1
http://irctc-suspend-now.free-india.tk/login,1
http://irctc-suspend-now.update-india.ga/login,1
http://aadhaar-reward-now.verify-india.tk/login,1
http://yesbank-alert-now.update-india.fun/login,1
http://icici-alert-now.update-india.ga/login,1
http://paytm-win-now.update-india.pw/login,1
http://kotak-verify-now.kyc-india.cf/login,1
http://flipkart-free-now.verify-india.ml/login,1
http://trai-block-now.free-india.tk/login,1
http://kotak-update-now.update-india.ml/login,1
http://aadhaar-alert-now.free-india.cf/login,1
http://yesbank-kyc-now.alert-india.fun/login,1
http://icici-suspend-now.login-india.top/login,1
http://irctc-block-now.claim-india.work/login,1
http://bob-secure-now.reward-india.ga/login,1
http://icici-login-now.block-india.tk/login,1
http://hdfc-free-now.alert-india.cf/login,1
http://axis-free-now.reward-india.tk/login,1
http://uidai-secure-now.kyc-india.ga/login,1
http://paytm-update-now.claim-india.cf/login,1
http://hdfc-update-now.win-india.ga/login,1
http://icici-claim-now.login-india.click/login,1
http://hdfc-reward-now.suspend-india.buzz/login,1
http://amazon-free-now.kyc-india.top/login,1
http://icici-reward-now.block-india.cf/login,1
http://pnb-claim-now.kyc-india.click/login,1
http://phonepe-free-now.alert-india.fun/login,1
http://kotak-update-now.verify-india.ml/login,1
http://pnb-secure-now.alert-india.fun/login,1
http://icici-win-now.alert-india.pw/login,1
http://aadhaar-suspend-now.win-india.pw/login,1
http://airtel-block-now.block-india.click/login,1
http://amazon-reward-now.suspend-india.cf/login,1
http://trai-suspend-now.suspend-india.ga/login,1
http://hdfc-verify-now.claim-india.tk/login,1
http://uidai-free-now.win-india.fun/login,1
http://yesbank-reward-now.alert-india.click/login,1
http://bob-login-now.claim-india.click/login,1
http://trai-secure-now.kyc-india.ml/login,1
http://flipkart-free-now.win-india.tk/login,1
http://flipkart-kyc-now.reward-india.top/login,1
http://paytm-free-now.claim-india.top/login,1
http://pnb-verify-now.secure-india.top/login,1
http://sbi-alert-now.verify-india.buzz/login,1
http://hdfc-update-now.secure-india.buzz/login,1
http://airtel-update-now.login-india.xyz/login,1
http://bob-block-now.free-india.top/login,1
http://phonepe-secure-now.verify-india.fun/login,1
http://trai-alert-now.update-india.xyz/login,1
http://sbi-free-now.reward-india.top/login,1
http://aadhaar-suspend-now.verify-india.buzz/login,1
http://airtel-update-now.alert-india.ml/login,1
http://aadhaar-kyc-now.verify-india.work/login,1
http://amazon-kyc-now.login-india.loan/login,1
http://axis-update-now.claim-india.buzz/login,1
http://phonepe-kyc-now.login-india.ml/login,1
http://aadhaar-kyc-now.kyc-india.ml/login,1
http://aadhaar-kyc-now.secure-india.xyz/login,1
http://aadhaar-secure-now.alert-india.click/login,1
http://paytm-block-now.login-india.click/login,1
http://uidai-suspend-now.secure-india.xyz/login,1
http://sbi-secure-now.update-india.xyz/login,1
http://aadhaar-secure-now.alert-india.pw/login,1
http://axis-login-now.claim-india.tk/login,1
http://axis-login-now.claim-india.buzz/login,1
http://sbi-claim-now.login-india.click/login,1
http://flipkart-kyc-now.kyc-india.buzz/login,1
http://trai-suspend-now.kyc-india.xyz/login,1
http://amazon-secure-now.update-india.buzz/login,1
http://pnb-alert-now.block-india.xyz/login,1
http://flipkart-block-now.login-india.xyz/login,1
http://paytm-block-now.verify-india.tk/login,1
http://sbi-secure-now.update-india.pw/login,1
http://kotak-win-now.claim-india.ga/login,1
http://kotak-update-now.suspend-india.click/login,1
http://paytm-block-now.update-india.buzz/login,1
http://airtel-secure-now.alert-india.loan/login,1
http://amazon-alert-now.secure-india.fun/login,1
http://paytm-block-now.verify-india.ml/login,1
http://icici-free-now.block-india.buzz/login,1
http://aadhaar-suspend-now.login-india.xyz/login,1
http://bob-login-now.claim-india.work/login,1
http://aadhaar-free-now.win-india.xyz/login,1
http://jio-alert-now.block-india.pw/login,1
http://axis-free-now.kyc-india.tk/login,1
http://jio-free-now.suspend-india.fun/login,1
http://flipkart-secure-now.login-india.fun/login,1
http://bob-suspend-now.suspend-india.xyz/login,1
http://yesbank-claim-now.block-india.click/login,1
http://pnb-alert-now.claim-india.pw/login,1
http://uidai-secure-now.win-india.xyz/login,1
http://aadhaar-secure-now.kyc-india.pw/login,1
http://sbi-reward-now.suspend-india.top/login,1
http://uidai-free-now.verify-india.fun/login,1
http://kotak-claim-now.kyc-india.loan/login,1
http://aadhaar-reward-now.verify-india.top/login,1
http://icici-win-now.verify-india.top/login,1
http://yesbank-reward-now.alert-india.ga/login,1
http://jio-alert-now.secure-india.click/login,1
http://flipkart-verify-now.update-india.top/login,1
http://yesbank-kyc-now.alert-india.top/login,1
http://icici-login-now.reward-india.buzz/login,1
http://aadhaar-update-now.secure-india.pw/login,1
http://aadhaar-verify-now.kyc-india.click/login,1
http://jio-free-now.verify-india.loan/login,1
http://airtel-login-now.alert-india.fun/login,1
http://bob-suspend-now.suspend-india.ml/login,1
http://bob-secure-now.secure-india.cf/login,1
http://flipkart-alert-now.kyc-india.click/login,1
http://sbi-block-now.secure-india.buzz/login,1
http://phonepe-login-now.win-india.ml/login,1
http://airtel-kyc-now.login-india.cf/login,1
http://trai-verify-now.verify-india.cf/login,1
http://icici-alert-now.win-india.ml/login,1
http://kotak-update-now.win-india.click/login,1
http://yesbank-login-now.reward-india.pw/login,1
http://axis-claim-now.block-india.click/login,1
http://yesbank-alert-now.secure-india.pw/login,1
http://sbi-reward-now.kyc-india.work/login,1
http://uidai-reward-now.verify-india.ml/login,1
http://airtel-kyc-now.claim-india.work/login,1
http://hdfc-login-now.login-india.ga/login,1
http://paytm-suspend-now.claim-india.buzz/login,1
http://kotak-claim-now.kyc-india.ga/login,1
http://icici-claim-now.free-india.loan/login,1
http://paytm-block-now.reward-india.ga/login,1
http://hdfc-secure-now.verify-india.ml/login,1
http://amazon-reward-now.kyc-india.fun/login,1
http://icici-alert-now.kyc-india.tk/login,1
http://irctc-secure-now.kyc-india.pw/login,1
http://paytm-kyc-now.verify-india.cf/login,1
http://icici-reward-now.alert-india.loan/login,1
http://phonepe-update-now.claim-india.buzz/login,1
http://jio-suspend-now.kyc-india.top/login,1
http://bob-suspend-now.login-india.work/login,1
http://sbi-reward-now.login-india.ml/login,1
http://pnb-verify-now.login-india.tk/login,1
http://jio-suspend-now.kyc-india.loan/login,1
http://hdfc-secure-now.block-india.click/login,1
http://sbi-kyc-now.kyc-india.xyz/login,1
http://amazon-update-now.free-india.pw/login,1
http://hdfc-update-now.suspend-india.ga/login,1
http://jio-login-now.claim-india.pw/login,1
http://jio-alert-now.suspend-india.work/login,1
http://icici-suspend-now.verify-india.xyz/login,1
http://hdfc-free-now.verify-india.ml/login,1
http://uidai-free-now.claim-india.top/login,1
http://axis-reward-now.kyc-india.ml/login,1
http://yesbank-reward-now.win-india.fun/login,1
http://airtel-win-now.alert-india.tk/login,1
http://trai-win-now.claim-india.click/login,1
http://kotak-verify-now.win-india.work/login,1
http://uidai-suspend-now.kyc-india.ga/login,1
http://sbi-secure-now.claim-india.fun/login,1
http://gpay-kyc-now.win-india.ga/login,1
http://icici-reward-now.free-india.buzz/login,1
http://flipkart-alert-now.block-india.tk/login,1
http://kotak-claim-now.reward-india.cf/login,1
http://flipkart-win-now.secure-india.ga/login,1
http://flipkart-verify-now.win-india.tk/login,1
http://kotak-claim-now.login-india.buzz/login,1
http://axis-update-now.free-india.work/login,1
http://irctc-reward-now.reward-india.fun/login,1
http://amazon-claim-now.verify-india.click/login,1
http://phonepe-free-now.alert-india.buzz/login,1
http://amazon-update-now.kyc-india.xyz/login,1
http://uidai-kyc-now.block-india.tk/login,1
http://yesbank-alert-now.block-india.xyz/login,1
http://amazon-free-now.update-india.fun/login,1
http://hdfc-kyc-now.kyc-india.ga/login,1
http://icici-free-now.update-india.top/login,1
http://irctc-free-now.block-india.buzz/login,1
http://flipkart-verify-now.reward-india.buzz/login,1
http://irctc-free-now.reward-india.ga/login,1
http://yesbank-login-now.kyc-india.ml/login,1
http://gpay-free-now.alert-india.tk/login,1
http://aadhaar-claim-now.suspend-india.ml/login,1
http://icici-kyc-now.reward-india.buzz/login,1
http://trai-win-now.secure-india.buzz/login,1
http://trai-claim-now.reward-india.ga/login,1
http://irctc-update-now.update-india.cf/login,1
http://paytm-suspend-now.secure-india.ga/login,1
http://sbi-verify-now.verify-india.fun/login,1
http://jio-alert-now.claim-india.ga/login,1
http://uidai-block-now.suspend-india.fun/login,1
http://paytm-login-now.win-india.fun/login,1
http://icici-login-now.kyc-india.cf/login,1
http://amazon-claim-now.suspend-india.buzz/login,1
http://trai-reward-now.reward-india.pw/login,1
http://gpay-kyc-now.alert-india.loan/login,1
http://airtel-update-now.alert-india.buzz/login,1
http://aadhaar-login-now.free-india.work/login,1
http://amazon-claim-now.suspend-india.tk/login,1
http://yesbank-login-now.block-india.ml/login,1
http://hdfc-update-now.update-india.cf/login,1
http://sbi-reward-now.claim-india.ml/login,1
http://amazon-reward-now.secure-india.ml/login,1
http://amazon-alert-now.login-india.click/login,1
http://icici-kyc-now.alert-india.ml/login,1
http://airtel-claim-now.claim-india.ga/login,1
http://jio-alert-now.claim-india.buzz/login,1
http://bob-claim-now.reward-india.pw/login,1
http://irctc-reward-now.secure-india.loan/login,1
http://flipkart-block-now.secure-india.pw/login,1
http://amazon-kyc-now.kyc-india.cf/login,1
http://uidai-secure-now.win-india.click/login,1
http://axis-verify-now.secure-india.top/login,1
http://paytm-claim-now.verify-india.top/login,1
http://uidai-kyc-now.suspend-india.top/login,1
http://yesbank-reward-now.block-india.click/login,1
http://axis-kyc-now.free-india.xyz/login,1
http://amazon-kyc-now.alert-india.top/login,1
http://irctc-kyc-now.suspend-india.ga/login,1
http://yesbank-win-now.verify-india.pw/login,1
http://flipkart-suspend-now.login-india.cf/login,1
http://airtel-kyc-now.update-india.ml/login,1
http://uidai-update-now.secure-india.top/login,1
http://pnb-verify-now.kyc-india.ml/login,1
http://gpay-secure-now.alert-india.work/login,1
http://aadhaar-win-now.win-india.buzz/login,1
http://sbi-secure-now.claim-india.work/login,1
http://uidai-alert-now.kyc-india.click/login,1
http://axis-block-now.secure-india.fun/login,1
http://hdfc-alert-now.verify-india.ga/login,1
http://jio-free-now.suspend-india.loan/login,1
http://paytm-update-now.secure-india.work/login,1
http://aadhaar-free-now.kyc-india.ga/login,1
http://gpay-alert-now.free-india.fun/login,1
http://paytm-win-now.verify-india.pw/login,1
http://airtel-claim-now.update-india.fun/login,1
http://bob-alert-now.reward-india.fun/login,1
http://flipkart-verify-now.reward-india.ga/login,1
http://amazon-free-now.login-india.buzz/login,1
http://paytm-block-now.reward-india.ga/login,1
http://sbi-update-now.update-india.ml/login,1
http://paytm-verify-now.verify-india.fun/login,1
http://trai-secure-now.block-india.cf/login,1
http://paytm-reward-now.secure-india.loan/login,1
http://gpay-login-now.login-india.top/login,1
http://flipkart-free-now.suspend-india.top/login,1
http://sbi-block-now.kyc-india.fun/login,1
http://aadhaar-suspend-now.reward-india.work/login,1
http://icici-win-now.login-india.top/login,1
http://sbi-claim-now.free-india.buzz/login,1
http://airtel-suspend-now.secure-india.top/login,1
http://paytm-verify-now.block-india.click/login,1
http://amazon-secure-now.suspend-india.fun/login,1
http://hdfc-update-now.login-india.ml/login,1
http://airtel-suspend-now.claim-india.tk/login,1
http://uidai-login-now.claim-india.xyz/login,1
http://sbi-update-now.update-india.click/login,1
http://kotak-reward-now.update-india.work/login,1
http://pnb-block-now.win-india.fun/login,1
http://hdfc-block-now.verify-india.ga/login,1
http://trai-win-now.block-india.pw/login,1
http://hdfc-secure-now.secure-india.buzz/login,1
http://icici-verify-now.secure-india.xyz/login,1
http://airtel-login-now.update-india.click/login,1
http://bob-reward-now.block-india.click/login,1
http://icici-free-now.login-india.click/login,1
http://gpay-block-now.free-india.buzz/login,1
http://axis-secure-now.block-india.buzz/login,1
http://gpay-alert-now.secure-india.work/login,1
http://yesbank-claim-now.block-india.xyz/login,1
http://gpay-verify-now.suspend-india.buzz/login,1
http://sbi-update-now.reward-india.loan/login,1
http://yesbank-reward-now.secure-india.work/login,1
http://axis-alert-now.alert-india.loan/login,1
http://airtel-verify-now.update-india.pw/login,1
http://hdfc-kyc-now.alert-india.buzz/login,1
http://axis-reward-now.suspend-india.loan/login,1
http://aadhaar-free-now.win-india.ga/login,1
http://irctc-win-now.update-india.top/login,1
http://icici-update-now.claim-india.loan/login,1
http://bob-reward-now.block-india.top/login,1
http://axis-update-now.suspend-india.pw/login,1
http://irctc-reward-now.alert-india.click/login,1
http://uidai-win-now.win-india.loan/login,1
http://gpay-free-now.login-india.ml/login,1
http://amazon-update-now.alert-india.xyz/login,1
http://yesbank-verify-now.claim-india.loan/login,1
http://gpay-claim-now.login-india.cf/login,1
http://pnb-free-now.block-india.tk/login,1
http://uidai-claim-now.reward-india.click/login,1
http://flipkart-win-now.kyc-india.loan/login,1
http://pnb-login-now.claim-india.ga/login,1
http://jio-suspend-now.free-india.pw/login,1
http://trai-kyc-now.secure-india.ml/login,1
http://bob-reward-now.free-india.ml/login,1
http://axis-alert-now.win-india.work/login,1
http://yesbank-block-now.verify-india.tk/login,1
http://yesbank-block-now.secure-india.top/login,1
http://amazon-block-now.alert-india.pw/login,1
http://gpay-verify-now.login-india.xyz/login,1
http://paytm-block-now.claim-india.ga/login,1
http://phonepe-alert-now.kyc-india.work/login,1
http://bob-reward-now.suspend-india.loan/login,1
http://jio-secure-now.claim-india.tk/login,1
http://pnb-win-now.win-india.xyz/login,1
http://phonepe-claim-now.kyc-india.loan/login,1
http://pnb-secure-now.reward-india.tk/login,1
http://jio-verify-now.block-india.work/login,1
http://gpay-verify-now.block-india.pw/login,1
http://irctc-kyc-now.win-india.xyz/login,1
http://flipkart-login-now.block-india.fun/login,1
http://phonepe-alert-now.alert-india.work/login,1
http://flipkart-win-now.update-india.tk/login,1
http://trai-secure-now.kyc-india.click/login,1
http://paytm-win-now.win-india.work/login,1
http://trai-reward-now.login-india.xyz/login,1
http://hdfc-verify-now.alert-india.tk/login,1
http://paytm-update-now.verify-india.ml/login,1
http://airtel-kyc-now.login-india.cf/login,1
http://kotak-alert-now.login-india.buzz/login,1
http://hdfc-claim-now.win-india.buzz/login,1
http://irctc-win-now.free-india.work/login,1
http://irctc-update-now.suspend-india.fun/login,1
http://amazon-update-now.free-india.pw/login,1
http://uidai-free-now.alert-india.tk/login,1
http://bob-claim-now.win-india.pw/login,1
http://amazon-claim-now.reward-india.top/login,1
http://flipkart-reward-now.secure-india.xyz/login,1
http://bob-block-now.login-india.ga/login,1
http://kotak-secure-now.verify-india.xyz/login,1
http://pnb-kyc-now.kyc-india.cf/login,1
http://paytm-free-now.reward-india.buzz/login,1
http://pnb-login-now.alert-india.pw/login,1
http://gpay-win-now.kyc-india.ml/login,1
http://icici-suspend-now.update-india.cf/login,1
http://jio-suspend-now.win-india.xyz/login,1
http://flipkart-verify-now.claim-india.fun/login,1
http://kotak-alert-now.free-india.ga/login,1
http://amazon-verify-now.update-india.click/login,1
http://irctc-free-now.suspend-india.tk/login,1
http://icici-claim-now.verify-india.fun/login,1
http://axis-verify-now.update-india.top/login,1
http://paytm-reward-now.verify-india.xyz/login,1
http://trai-verify-now.kyc-india.top/login,1
http://pnb-block-now.suspend-india.fun/login,1
http://gpay-free-now.secure-india.work/login,1
http://yesbank-suspend-now.alert-india.loan/login,1
http://gpay-login-now.claim-india.cf/login,1
http://trai-block-now.win-india.ga/login,1
http://pnb-alert-now.update-india.pw/login,1
http://phonepe-update-now.secure-india.pw/login,1
http://bob-alert-now.suspend-india.tk/login,1
http://airtel-reward-now.login-india.fun/login,1
http://trai-reward-now.free-india.top/login,1
http://kotak-free-now.login-india.ml/login,1
http://sbi-login-now.update-india.work/login,1
http://paytm-free-now.reward-india.top/login,1
http://pnb-kyc-now.block-india.ml/login,1
http://kotak-reward-now.block-india.click/login,1
http://airtel-suspend-now.kyc-india.fun/login,1
http://irctc-free-now.kyc-india.cf/login,1
http://sbi-verify-now.verify-india.fun/login,1
http://paytm-verify-now.block-india.top/login,1
http://hdfc-update-now.secure-india.buzz/login,1
http://bob-verify-now.claim-india.tk/login,1
http://uidai-verify-now.block-india.click/login,1
http://airtel-login-now.kyc-india.work/login,1
http://axis-reward-now.free-india.ga/login,1
http://hdfc-free-now.win-india.fun/login,1
http://gpay-login-now.claim-india.top/login,1
http://gpay-reward-now.suspend-india.fun/login,1
http://gpay-verify-now.update-india.xyz/login,1
http://hdfc-win-now.verify-india.pw/login,1
http://hdfc-block-now.suspend-india.pw/login,1
http://jio-update-now.block-india.work/login,1
http://trai-update-now.win-india.xyz/login,1
http://kotak-block-now.verify-india.ml/login,1
http://trai-free-now.login-india.click/login,1
http://airtel-update-now.claim-india.loan/login,1
http://phonepe-suspend-now.free-india.xyz/login,1
http://jio-verify-now.secure-india.fun/login,1
http://jio-free-now.alert-india.top/login,1
http://amazon-update-now.login-india.top/login,1
http://bob-kyc-now.block-india.buzz/login,1
http://sbi-block-now.update-india.ml/login,1
http://paytm-free-now.free-india.top/login,1
http://trai-update-now.claim-india.pw/login,1
http://kotak-alert-now.win-india.cf/login,1
http://flipkart-verify-now.claim-india.fun/login,1
http://jio-update-now.update-india.xyz/login,1
http://pnb-free-now.block-india.ga/login,1
http://jio-verify-now.suspend-india.top/login,1
http://irctc-login-now.suspend-india.work/login,1
http://trai-secure-now.kyc-india.tk/login,1
http://aadhaar-suspend-now.update-india.fun/login,1
http://kotak-kyc-now.free-india.top/login,1
http://jio-alert-now.reward-india.fun/login,1
http://pnb-free-now.verify-india.fun/login,1
http://axis-reward-now.alert-india.top/login,1
http://irctc-win-now.update-india.loan/login,1
http://irctc-alert-now.reward-india.ml/login,1
http://trai-block-now.login-india.top/login,1
http://jio-reward-now.block-india.loan/login,1
http://pnb-verify-now.update-india.fun/login,1
http://bob-free-now.kyc-india.work/login,1
http://bob-kyc-now.suspend-india.ml/login,1
http://phonepe-reward-now.reward-india.top/login,1
http://flipkart-block-now.win-india.loan/login,1
http://sbi-suspend-now.win-india.fun/login,1
http://gpay-alert-now.free-india.top/login,1
http://icici-reward-now.claim-india.ml/login,1
http://phonepe-block-now.free-india.pw/login,1
http://aadhaar-suspend-now.verify-india.work/login,1
http://kotak-suspend-now.suspend-india.ga/login,1
http://yesbank-suspend-now.block-india.tk/login,1
http://paytm-claim-now.claim-india.pw/login,1
http://irctc-alert-now.alert-india.ml/login,1
http://amazon-claim-now.suspend-india.work/login,1
http://bob-secure-now.verify-india.loan/login,1
http://gpay-block-now.claim-india.fun/login,1
http://aadhaar-verify-now.claim-india.xyz/login,1
http://icici-win-now.secure-india.tk/login,1
http://flipkart-update-now.reward-india.click/login,1
http://irctc-block-now.suspend-india.ga/login,1
http://uidai-update-now.kyc-india.pw/login,1
http://pnb-reward-now.claim-india.tk/login,1
http://aadhaar-block-now.alert-india.tk/login,1
http://axis-secure-now.block-india.top/login,1
http://hdfc-verify-now.free-india.click/login,1
http://hdfc-verify-now.win-india.pw/login,1
http://phonepe-secure-now.secure-india.pw/login,1
http://phonepe-block-now.alert-india.loan/login,1
http://irctc-claim-now.free-india.work/login,1
http://hdfc-free-now.login-india.buzz/login,1
http://sbi-kyc-now.suspend-india.ga/login,1
http://sbi-update-now.update-india.fun/login,1
http://paytm-claim-now.free-india.xyz/login,1
http://icici-free-now.block-india.top/login,1
http://hdfc-alert-now.secure-india.ml/login,1
http://uidai-verify-now.reward-india.buzz/login,1
http://pnb-kyc-now.kyc-india.ml/login,1
http://jio-login-now.reward-india.pw/login,1
http://gpay-update-now.free-india.loan/login,1
http://sbi-reward-now.kyc-india.xyz/login,1
http://sbi-alert-now.free-india.ga/login,1
http://sbi-kyc-now.secure-india.ml/login,1
http://bob-free-now.win-india.top/login,1
http://paytm-secure-now.win-india.pw/login,1
http://flipkart-claim-now.login-india.work/login,1
http://kotak-verify-now.win-india.click/login,1
http://irctc-win-now.update-india.buzz/login,1
http://airtel-secure-now.reward-india.buzz/login,1
http://pnb-reward-now.free-india.work/login,1
http://airtel-verify-now.win-india.top/login,1
http://aadhaar-alert-now.login-india.click/login,1
http://kotak-secure-now.claim-india.ga/login,1
http://airtel-claim-now.win-india.tk/login,1
http://airtel-reward-now.free-india.top/login,1
http://aadhaar-block-now.free-india.top/login,1
http://pnb-block-now.login-india.buzz/login,1
http://airtel-block-now.login-india.cf/login,1
http://aadhaar-win-now.login-india.buzz/login,1
http://pnb-free-now.block-india.top/login,1
http://phonepe-reward-now.alert-india.ga/login,1
http://amazon-reward-now.secure-india.loan/login,1
http://yesbank-login-now.kyc-india.xyz/login,1
http://flipkart-alert-now.claim-india.loan/login,1
http://irctc-verify-now.block-india.pw/login,1
http://kotak-login-now.kyc-india.buzz/login,1
http://amazon-suspend-now.block-india.ga/login,1
http://airtel-secure-now.login-india.fun/login,1
http://amazon-suspend-now.win-india.click/login,1
http://aadhaar-verify-now.claim-india.xyz/login,1
http://kotak-claim-now.verify-india.click/login,1
http://hdfc-suspend-now.kyc-india.loan/login,1
http://airtel-reward-now.alert-india.ml/login,1
http://sbi-verify-now.alert-india.ga/login,1
http://airtel-kyc-now.suspend-india.ga/login,1
http://uidai-verify-now.win-india.work/login,1
http://flipkart-login-now.win-india.work/login,1
http://paytm-suspend-now.claim-india.cf/login,1
http://pnb-free-now.free-india.buzz/login,1
http://sbi-login-now.block-india.xyz/login,1
http://icici-reward-now.kyc-india.click/login,1
http://aadhaar-claim-now.update-india.click/login,1
http://hdfc-free-now.kyc-india.fun/login,1
http://sbi-secure-now.claim-india.xyz/login,1
http://phonepe-block-now.update-india.cf/login,1
http://gpay-claim-now.login-india.tk/login,1
http://paytm-alert-now.suspend-india.cf/login,1
http://jio-login-now.alert-india.pw/login,1
http://yesbank-login-now.update-india.fun/login,1
http://axis-update-now.kyc-india.ga/login,1
http://pnb-suspend-now.verify-india.cf/login,1
http://phonepe-reward-now.claim-india.ml/login,1
http://flipkart-secure-now.kyc-india.loan/login,1
http://amazon-free-now.reward-india.ml/login,1
http://pnb-update-now.win-india.xyz/login,1
http://trai-claim-now.alert-india.ga/login,1
http://trai-login-now.block-india.fun/login,1
http://pnb-claim-now.secure-india.click/login,1
http://icici-secure-now.free-india.top/login,1
http://hdfc-suspend-now.free-india.tk/login,1
http://uidai-login-now.claim-india.tk/login,1
http://icici-alert-now.free-india.cf/login,1
http://pnb-claim-now.claim-india.buzz/login,1
http://jio-win-now.alert-india.fun/login,1
http://hdfc-reward-now.kyc-india.work/login,1
http://phonepe-block-now.update-india.top/login,1
http://flipkart-login-now.login-india.work/login,1
http://airtel-reward-now.update-india.ml/login,1
http://icici-free-now.claim-india.work/login,1
http://pnb-reward-now.win-india.fun/login,1
http://phonepe-reward-now.secure-india.tk/login,1
http://phonepe-reward-now.verify-india.loan/login,1
http://airtel-block-now.update-india.loan/login,1
http://flipkart-reward-now.kyc-india.xyz/login,1
http://uidai-suspend-now.verify-india.top/login,1
http://uidai-login-now.update-india.pw/login,1
http://amazon-login-now.verify-india.ga/login,1
http://yesbank-update-now.reward-india.fun/login,1
http://irctc-verify-now.secure-india.click/login,1
http://hdfc-win-now.claim-india.fun/login,1
http://uidai-block-now.kyc-india.ml/login,1
http://amazon-alert-now.login-india.buzz/login,1
http://axis-kyc-now.login-india.cf/login,1
http://jio-block-now.block-india.loan/login,1
http://hdfc-secure-now.block-india.click/login,1
http://icici-free-now.secure-india.buzz/login,1
http://paytm-verify-now.kyc-india.click/login,1
http://jio-reward-now.secure-india.click/login,1
http://hdfc-free-now.kyc-india.loan/login,1
http://phonepe-win-now.login-india.tk/login,1
http://jio-secure-now.kyc-india.work/login,1
http://pnb-claim-now.alert-india.top/login,1
http://flipkart-kyc-now.suspend-india.pw/login,1
http://icici-update-now.win-india.click/login,1
http://kotak-suspend-now.verify-india.fun/login,1
http://kotak-free-now.secure-india.ga/login,1
http://icici-block-now.win-india.ga/login,1
http://kotak-login-now.reward-india.pw/login,1
http://pnb-login-now.update-india.xyz/login,1
http://phonepe-free-now.suspend-india.work/login,1
http://irctc-update-now.free-india.buzz/login,1
http://axis-claim-now.verify-india.top/login,1
http://paytm-free-now.suspend-india.tk/login,1
http://flipkart-suspend-now.kyc-india.top/login,1
http://yesbank-update-now.alert-india.ga/login,1
http://phonepe-block-now.update-india.top/login,1
http://paytm-free-now.suspend-india.tk/login,1
http://hdfc-win-now.block-india.work/login,1
http://jio-suspend-now.kyc-india.ml/login,1
http://axis-suspend-now.block-india.ga/login,1
http://bob-suspend-now.update-india.click/login,1
http://flipkart-login-now.free-india.work/login,1
http://amazon-alert-now.update-india.xyz/login,1
http://pnb-kyc-now.suspend-india.loan/login,1
http://flipkart-alert-now.verify-india.work/login,1
http://kotak-claim-now.suspend-india.fun/login,1
http://icici-claim-now.login-india.xyz/login,1
http://airtel-secure-now.claim-india.xyz/login,1
http://sbi-kyc-now.verify-india.ml/login,1
http://bob-win-now.block-india.ga/login,1
http://aadhaar-alert-now.block-india.pw/login,1
http://hdfc-login-now.win-india.cf/login,1
http://pnb-verify-now.kyc-india.pw/login,1
http://yesbank-block-now.reward-india.work/login,1
http://bob-verify-now.login-india.buzz/login,1
http://hdfc-secure-now.verify-india.pw/login,1
http://gpay-secure-now.reward-india.buzz/login,1
http://flipkart-free-now.claim-india.cf/login,1
http://icici-block-now.win-india.fun/login,1
http://paytm-login-now.reward-india.loan/login,1
http://trai-update-now.verify-india.tk/login,1
http://jio-block-now.free-india.ml/login,1
http://flipkart-kyc-now.update-india.xyz/login,1
http://yesbank-update-now.login-india.ga/login,1
http://airtel-reward-now.verify-india.tk/login,1
http://aadhaar-secure-now.kyc-india.ml/login,1
http://sbi-update-now.login-india.loan/login,1
http://aadhaar-kyc-now.claim-india.ga/login,1
http://phonepe-verify-now.block-india.fun/login,1
http://gpay-free-now.win-india.tk/login,1
http://bob-block-now.update-india.fun/login,1
http://amazon-login-now.reward-india.xyz/login,1
http://jio-block-now.suspend-india.buzz/login,1
http://icici-free-now.win-india.work/login,1
http://jio-win-now.reward-india.pw/login,1
http://sbi-alert-now.win-india.loan/login,1
http://uidai-win-now.secure-india.buzz/login,1
http://irctc-reward-now.alert-india.ml/login,1
http://hdfc-verify-now.verify-india.click/login,1
http://paytm-update-now.secure-india.fun/login,1
http://axis-verify-now.alert-india.xyz/login,1
http://flipkart-update-now.reward-india.ga/login,1
http://airtel-block-now.claim-india.xyz/login,1
http://aadhaar-suspend-now.claim-india.tk/login,1
http://phonepe-login-now.alert-india.xyz/login,1
http://trai-claim-now.update-india.tk/login,1
http://uidai-update-now.suspend-india.cf/login,1
http://kotak-claim-now.secure-india.click/login,1
http://amazon-suspend-now.alert-india.ml/login,1
http://bob-claim-now.claim-india.top/login,1
http://axis-suspend-now.kyc-india.work/login,1
http://amazon-alert-now.update-india.ga/login,1
http://flipkart-alert-now.win-india.buzz/login,1
http://axis-win-now.free-india.loan/login,1
http://trai-reward-now.kyc-india.top/login,1
http://jio-suspend-now.claim-india.top/login,1
http://axis-kyc-now.win-india.top/login,1
http://bob-alert-now.block-india.ga/login,1
http://sbi-claim-now.claim-india.work/login,1
http://gpay-alert-now.update-india.ga/login,1
http://aadhaar-block-now.alert-india.fun/login,1
http://kotak-verify-now.kyc-india.fun/login,1
http://paytm-login-now.free-india.buzz/login,1
http://kotak-free-now.reward-india.tk/login,1
http://kotak-secure-now.reward-india.top/login,1
http://phonepe-alert-now.reward-india.ga/login,1
http://gpay-verify-now.secure-india.buzz/login,1
http://axis-update-now.alert-india.top/login,1
http://axis-free-now.secure-india.ml/login,1
http://axis-claim-now.kyc-india.cf/login,1
http://trai-login-now.update-india.pw/login,1
http://bob-block-now.win-india.top/login,1
http://gpay-reward-now.secure-india.work/login,1
http://sbi-secure-now.reward-india.click/login,1
http://bob-block-now.suspend-india.top/login,1
http://uidai-block-now.alert-india.xyz/login,1
http://gpay-reward-now.block-india.loan/login,1
http://jio-verify-now.verify-india.cf/login,1
http://aadhaar-login-now.alert-india.buzz/login,1
http://jio-reward-now.win-india.ga/login,1
http://icici-claim-now.suspend-india.ml/login,1
http://paytm-win-now.suspend-india.tk/login,1
http://phonepe-alert-now.verify-india.top/login,1
http://yesbank-suspend-now.login-india.cf/login,1
http://icici-verify-now.secure-india.xyz/login,1
http://bob-win-now.free-india.ml/login,1
http://uidai-update-now.update-india.loan/login,1
http://flipkart-kyc-now.kyc-india.loan/login,1
http://phonepe-secure-now.alert-india.tk/login,1
http://trai-login-now.verify-india.tk/login,1
http://aadhaar-update-now.alert-india.fun/login,1
http://uidai-reward-now.free-india.xyz/login,1
http://irctc-claim-now.free-india.work/login,1
http://trai-suspend-now.win-india.fun/login,1
http://trai-free-now.secure-india.pw/login,1
http://irctc-secure-now.suspend-india.pw/login,1
http://flipkart-suspend-now.suspend-india.xyz/login,1
http://yesbank-kyc-now.kyc-india.tk/login,1
http://irctc-update-now.update-india.cf/login,1
http://aadhaar-reward-now.claim-india.top/login,1
http://pnb-block-now.win-india.tk/login,1
http://aadhaar-suspend-now.block-india.buzz/login,1
http://axis-verify-now.reward-india.tk/login,1
http://irctc-login-now.free-india.buzz/login,1
http://yesbank-reward-now.login-india.tk/login,1
http://amazon-login-now.update-india.ml/login,1
http://flipkart-claim-now.claim-india.work/login,1
http://phonepe-win-now.reward-india.tk/login,1
http://amazon-suspend-now.secure-india.pw/login,1
http://amazon-login-now.alert-india.loan/login,1
http://trai-update-now.update-india.pw/login,1
http://gpay-block-now.win-india.fun/login,1
http://uidai-free-now.suspend-india.pw/login,1
http://hdfc-reward-now.block-india.ml/login,1
http://hdfc-update-now.login-india.buzz/login,1
http://sbi-alert-now.update-india.top/login,1
http://irctc-claim-now.login-india.buzz/login,1
http://phonepe-update-now.reward-india.ga/login,1
http://gpay-reward-now.update-india.ga/login,1
http://icici-alert-now.suspend-india.loan/login,1
http://yesbank-secure-now.suspend-india.xyz/login,1
http://hdfc-secure-now.win-india.pw/login,1
http://hdfc-login-now.alert-india.buzz/login,1
http://phonepe-suspend-now.claim-india.fun/login,1
http://kotak-claim-now.block-india.click/login,1
http://trai-login-now.claim-india.fun/login,1
http://amazon-login-now.free-india.pw/login,1
http://uidai-block-now.update-india.ml/login,1
http://irctc-secure-now.win-india.ga/login,1
http://paytm-kyc-now.claim-india.click/login,1
http://axis-alert-now.secure-india.tk/login,1
http://phonepe-claim-now.block-india.tk/login,1
http://airtel-alert-now.reward-india.ml/login,1
http://axis-win-now.kyc-india.fun/login,1
http://gpay-reward-now.verify-india.tk/login,1
http://aadhaar-reward-now.login-india.pw/login,1
http://airtel-claim-now.secure-india.tk/login,1
http://gpay-win-now.block-india.cf/login,1
http://yesbank-login-now.update-india.click/login,1
http://bob-login-now.verify-india.pw/login,1
http://jio-verify-now.alert-india.pw/login,1
http://bob-block-now.free-india.fun/login,1
http://yesbank-suspend-now.verify-india.buzz/login,1
http://uidai-reward-now.win-india.buzz/login,1
http://kotak-claim-now.suspend-india.loan/login,1
http://flipkart-kyc-now.free-india.cf/login,1
http://hdfc-block-now.win-india.pw/login,1
http://phonepe-win-now.update-india.work/login,1
http://irctc-free-now.login-india.click/login,1
http://icici-reward-now.reward-india.loan/login,1
http://icici-update-now.login-india.ga/login,1
http://irctc-login-now.reward-india.work/login,1
http://sbi-alert-now.win-india.ml/login,1
http://axis-alert-now.free-india.ga/login,1
http://kotak-verify-now.win-india.ml/login,1
http://kotak-kyc-now.free-india.ml/login,1
http://phonepe-win-now.secure-india.tk/login,1
http://trai-win-now.login-india.xyz/login,1
http://amazon-free-now.login-india.ml/login,1
http://jio-reward-now.claim-india.cf/login,1
http://sbi-update-now.block-india.tk/login,1
http://kotak-secure-now.secure-india.ml/login,1
http://kotak-block-now.secure-india.ml/login,1
http://sbi-kyc-now.win-india.cf/login,1
http://jio-claim-now.verify-india.fun/login,1
http://kotak-alert-now.reward-india.click/login,1
http://icici-update-now.free-india.fun/login,1
http://trai-reward-now.free-india.tk/login,1
http://yesbank-reward-now.secure-india.xyz/login,1
http://uidai-secure-now.update-india.cf/login,1
http://irctc-claim-now.login-india.pw/login,1
http://aadhaar-suspend-now.win-india.tk/login,1
http://gpay-alert-now.verify-india.click/login,1
http://kotak-free-now.kyc-india.cf/login,1
http://yesbank-update-now.free-india.buzz/login,1
http://hdfc-block-now.kyc-india.top/login,1
http://icici-free-now.update-india.xyz/login,1
http://gpay-claim-now.reward-india.click/login,1
http://airtel-kyc-now.win-india.pw/login,1
http://uidai-kyc-now.verify-india.buzz/login,1
http://phonepe-login-now.alert-india.top/login,1
http://bob-reward-now.suspend-india.buzz/login,1
http://amazon-suspend-now.kyc-india.ml/login,1
http://uidai-claim-now.login-india.ga/login,1
http://aadhaar-reward-now.update-india.pw/login,1
http://airtel-update-now.update-india.buzz/login,1
http://aadhaar-login-now.suspend-india.buzz/login,1
http://sbi-suspend-now.login-india.cf/login,1
http://paytm-secure-now.free-india.buzz/login,1
http://paytm-secure-now.verify-india.top/login,1
http://amazon-free-now.kyc-india.loan/login,1
http://gpay-secure-now.reward-india.ga/login,1
http://gpay-secure-now.free-india.loan/login,1
http://aadhaar-suspend-now.login-india.ga/login,1
http://airtel-login-now.alert-india.click/login,1
http://axis-win-now.block-india.top/login,1
http://amazon-suspend-now.secure-india.fun/login,1
http://hdfc-block-now.reward-india.click/login,1
http://kotak-kyc-now.secure-india.ga/login,1
http://aadhaar-kyc-now.reward-india.pw/login,1
http://paytm-block-now.claim-india.click/login,1
http://sbi-alert-now.secure-india.ga/login,1
http://yesbank-verify-now.suspend-india.click/login,1
http://phonepe-block-now.free-india.loan/login,1
http://pnb-suspend-now.secure-india.work/login,1
http://sbi-login-now.suspend-india.top/login,1
http://amazon-secure-now.claim-india.ga/login,1
http://yesbank-suspend-now.update-india.work/login,1
http://bob-claim-now.verify-india.cf/login,1
http://flipkart-update-now.block-india.loan/login,1
http://gpay-verify-now.verify-india.pw/login,1
http://uidai-claim-now.secure-india.ml/login,1
http://aadhaar-block-now.alert-india.ga/login,1
http://airtel-secure-now.win-india.fun/login,1
http://bob-free-now.reward-india.loan/login,1
http://amazon-reward-now.alert-india.pw/login,1
http://aadhaar-suspend-now.suspend-india.cf/login,1
http://flipkart-verify-now.reward-india.fun/login,1
http://axis-alert-now.win-india.buzz/login,1
http://sbi-reward-now.suspend-india.xyz/login,1
http://icici-secure-now.suspend-india.work/login,1
http://icici-update-now.verify-india.ga/login,1
http://trai-secure-now.win-india.work/login,1
http://axis-claim-now.reward-india.work/login,1
http://pnb-reward-now.reward-india.fun/login,1
http://yesbank-verify-now.free-india.click/login,1
http://icici-block-now.win-india.loan/login,1
http://amazon-verify-now.free-india.tk/login,1
http://bob-alert-now.free-india.cf/login,1
http://airtel-suspend-now.win-india.buzz/login,1
http://phonepe-login-now.secure-india.fun/login,1
http://gpay-claim-now.suspend-india.buzz/login,1
http://amazon-suspend-now.block-india.click/login,1
http://sbi-secure-now.claim-india.xyz/login,1
http://yesbank-reward-now.reward-india.fun/login,1
http://uidai-login-now.alert-india.click/login,1
http://kotak-verify-now.kyc-india.fun/login,1
http://airtel-kyc-now.block-india.top/login,1
http://icici-alert-now.win-india.loan/login,1
http://uidai-kyc-now.claim-india.work/login,1
http://axis-secure-now.verify-india.ml/login,1
http://yesbank-verify-now.free-india.ga/login,1
http://aadhaar-claim-now.win-india.work/login,1
http://amazon-win-now.kyc-india.top/login,1
http://kotak-block-now.update-india.buzz/login,1
http://amazon-login-now.block-india.buzz/login,1
http://kotak-suspend-now.login-india.fun/login,1
http://amazon-block-now.verify-india.buzz/login,1
http://bob-login-now.claim-india.loan/login,1
http://pnb-login-now.verify-india.fun/login,1
http://icici-verify-now.update-india.ml/login,1
http://flipkart-block-now.suspend-india.top/login,1
http://yesbank-update-now.suspend-india.buzz/login,1
http://gpay-verify-now.secure-india.buzz/login,1
http://trai-claim-now.kyc-india.fun/login,1
http://irctc-alert-now.claim-india.loan/login,1
http://bob-alert-now.verify-india.ga/login,1
http://bob-claim-now.reward-india.ml/login,1
http://hdfc-login-now.win-india.top/login,1
http://gpay-secure-now.secure-india.buzz/login,1
http://kotak-login-now.free-india.pw/login,1
http://airtel-reward-now.block-india.pw/login,1
http://bob-win-now.win-india.fun/login,1
http://jio-login-now.update-india.loan/login,1
http://icici-free-now.kyc-india.ga/login,1
http://jio-claim-now.alert-india.buzz/login,1
http://amazon-update-now.alert-india.fun/login,1
http://hdfc-alert-now.login-india.tk/login,1
http://flipkart-secure-now.secure-india.click/login,1
http://flipkart-alert-now.reward-india.ml/login,1
http://amazon-kyc-now.reward-india.ga/login,1
http://bob-alert-now.block-india.click/login,1
http://hdfc-block-now.suspend-india.loan/login,1
http://irctc-alert-now.secure-india.work/login,1
http://pnb-suspend-now.secure-india.buzz/login,1
http://kotak-free-now.login-india.cf/login,1
http://trai-win-now.claim-india.ml/login,1
http://uidai-claim-now.login-india.work/login,1
http://flipkart-secure-now.verify-india.ga/login,1
http://irctc-reward-now.alert-india.top/login,1
http://aadhaar-alert-now.secure-india.xyz/login,1
http://airtel-kyc-now.verify-india.work/login,1
http://amazon-alert-now.claim-india.tk/login,1
http://kotak-suspend-now.alert-india.click/login,1
http://gpay-secure-now.update-india.tk/login,1
http://yesbank-alert-now.login-india.buzz/login,1
http://gpay-verify-now.suspend-india.pw/login,1
http://hdfc-verify-now.free-india.fun/login,1
http://hdfc-suspend-now.secure-india.fun/login,1
http://hdfc-reward-now.claim-india.top/login,1
http://pnb-win-now.block-india.ml/login,1
http://jio-win-now.secure-india.fun/login,1
http://airtel-claim-now.login-india.loan/login,1
http://yesbank-free-now.free-india.top/login,1
http://pnb-login-now.claim-india.ml/login,1
http://gpay-free-now.kyc-india.top/login,1
http://amazon-verify-now.free-india.buzz/login,1
http://sbi-verify-now.secure-india.work/login,1
http://sbi-suspend-now.win-india.tk/login,1
http://icici-verify-now.win-india.ga/login,1
http://kotak-suspend-now.free-india.click/login,1
http://amazon-update-now.update-india.pw/login,1
http://trai-suspend-now.suspend-india.fun/login,1
http://bob-claim-now.update-india.tk/login,1
http://aadhaar-update-now.free-india.click/login,1
http://trai-login-now.win-india.work/login,1
http://airtel-reward-now.reward-india.tk/login,1
http://kotak-win-now.secure-india.work/login,1
http://flipkart-reward-now.update-india.loan/login,1
http://amazon-block-now.alert-india.buzz/login,1
http://sbi-secure-now.win-india.work/login,1
http://uidai-reward-now.reward-india.buzz/login,1
http://bob-block-now.kyc-india.fun/login,1
http://sbi-win-now.claim-india.fun/login,1
http://paytm-claim-now.reward-india.click/login,1
http://uidai-claim-now.verify-india.loan/login,1
http://icici-secure-now.win-india.ml/login,1
http://jio-win-now.login-india.xyz/login,1
http://phonepe-suspend-now.win-india.ml/login,1
http://irctc-reward-now.secure-india.xyz/login,1
http://yesbank-secure-now.alert-india.buzz/login,1
http://jio-suspend-now.block-india.top/login,1
http://phonepe-kyc-now.update-india.cf/login,1
http://hdfc-claim-now.update-india.ga/login,1
http://icici-block-now.reward-india.top/login,1
http://hdfc-secure-now.alert-india.cf/login,1
http://flipkart-login-now.login-india.loan/login,1
http://uidai-update-now.secure-india.work/login,1
http://trai-claim-now.kyc-india.cf/login,1
http://flipkart-secure-now.secure-india.ml/login,1
http://sbi-login-now.claim-india.pw/login,1
http://airtel-secure-now.update-india.xyz/login,1
http://phonepe-win-now.login-india.loan/login,1
http://irctc-free-now.login-india.click/login,1
http://icici-block-now.win-india.buzz/login,1
http://amazon-reward-now.secure-india.work/login,1
http://irctc-secure-now.update-india.ga/login,1
http://icici-login-now.claim-india.tk/login,1
http://trai-free-now.login-india.xyz/login,1
http://paytm-claim-now.block-india.click/login,1
http://gpay-secure-now.reward-india.click/login,1
http://aadhaar-update-now.claim-india.ga/login,1
http://trai-block-now.claim-india.buzz/login,1
http://phonepe-win-now.update-india.work/login,1
http://aadhaar-suspend-now.claim-india.click/login,1
http://hdfc-suspend-now.block-india.cf/login,1
http://icici-kyc-now.block-india.top/login,1
http://yesbank-claim-now.block-india.tk/login,1
http://bob-alert-now.claim-india.pw/login,1
http://phonepe-login-now.block-india.ga/login,1
http://axis-suspend-now.login-india.cf/login,1
http://aadhaar-suspend-now.update-india.loan/login,1
http://hdfc-win-now.verify-india.ga/login,1
http://aadhaar-update-now.secure-india.top/login,1
http://gpay-secure-now.kyc-india.fun/login,1
http://phonepe-secure-now.kyc-india.tk/login,1
http://pnb-suspend-now.alert-india.fun/login,1
http://jio-verify-now.suspend-india.fun/login,1
http://axis-kyc-now.update-india.loan/login,1
http://yesbank-kyc-now.alert-india.ga/login,1
http://kotak-update-now.update-india.cf/login,1
http://bob-update-now.login-india.ga/login,1
http://icici-claim-now.free-india.click/login,1
http://pnb-login-now.verify-india.tk/login,1
http://yesbank-login-now.verify-india.ga/login,1
http://hdfc-secure-now.secure-india.xyz/login,1
http://flipkart-alert-now.block-india.tk/login,1
http://axis-verify-now.suspend-india.fun/login,1
http://amazon-claim-now.suspend-india.loan/login,1
http://kotak-free-now.claim-india.click/login,1
http://flipkart-reward-now.win-india.fun/login,1
http://amazon-login-now.win-india.cf/login,1
http://yesbank-secure-now.update-india.loan/login,1
http://phonepe-suspend-now.suspend-india.tk/login,1
http://paytm-reward-now.suspend-india.pw/login,1
http://airtel-claim-now.kyc-india.xyz/login,1
http://amazon-secure-now.free-india.tk/login,1
http://axis-verify-now.reward-india.tk/login,1
http://bob-free-now.reward-india.fun/login,1
http://icici-verify-now.verify-india.fun/login,1
http://trai-free-now.kyc-india.ml/login,1
http://airtel-kyc-now.win-india.tk/login,1
http://bob-block-now.kyc-india.top/login,1
http://trai-kyc-now.kyc-india.buzz/login,1
http://icici-free-now.alert-india.click/login,1
http://bob-kyc-now.free-india.top/login,1
http://uidai-reward-now.kyc-india.xyz/login,1
http://trai-login-now.free-india.cf/login,1
http://irctc-suspend-now.win-india.tk/login,1
http://sbi-verify-now.claim-india.pw/login,1
http://jio-kyc-now.free-india.buzz/login,1
http://pnb-alert-now.kyc-india.ml/login,1
http://aadhaar-free-now.alert-india.xyz/login,1
http://gpay-kyc-now.kyc-india.xyz/login,1
http://hdfc-free-now.free-india.work/login,1
http://airtel-block-now.claim-india.pw/login,1
http://irctc-win-now.kyc-india.cf/login,1
http://gpay-block-now.alert-india.tk/login,1
http://paytm-suspend-now.claim-india.tk/login,1
http://kotak-claim-now.kyc-india.fun/login,1
http://hdfc-claim-now.free-india.loan/login,1
http://sbi-win-now.kyc-india.buzz/login,1
http://trai-reward-now.verify-india.top/login,1
http://hdfc-secure-now.block-india.xyz/login,1
http://phonepe-kyc-now.secure-india.xyz/login,1
http://amazon-claim-now.secure-india.work/login,1
http://airtel-alert-now.reward-india.fun/login,1
http://yesbank-verify-now.win-india.pw/login,1
http://sbi-secure-now.update-india.buzz/login,1
http://trai-win-now.suspend-india.loan/login,1
http://yesbank-reward-now.reward-india.fun/login,1
http://airtel-login-now.verify-india.tk/login,1
http://bob-claim-now.free-india.click/login,1
http://amazon-kyc-now.login-india.loan/login,1
http://aadhaar-alert-now.block-india.loan/login,1
http://trai-alert-now.win-india.top/login,1
http://pnb-reward-now.win-india.pw/login,1
http://jio-update-now.login-india.top/login,1
http://hdfc-reward-now.free-india.ml/login,1
http://paytm-suspend-now.verify-india.tk/login,1
http://axis-win-now.login-india.loan/login,1
http://bob-verify-now.secure-india.work/login,1
http://uidai-secure-now.free-india.work/login,1
http://icici-suspend-now.suspend-india.xyz/login,1
http://gpay-block-now.verify-india.ga/login,1
http://yesbank-update-now.win-india.fun/login,1
http://airtel-block-now.suspend-india.click/login,1
http://jio-block-now.kyc-india.fun/login,1
http://uidai-secure-now.secure-india.tk/login,1
http://uidai-win-now.update-india.cf/login,1
http://flipkart-suspend-now.win-india.xyz/login,1
http://pnb-login-now.secure-india.work/login,1
http://paytm-block-now.login-india.pw/login,1
http://pnb-update-now.win-india.top/login,1
http://irctc-login-now.free-india.xyz/login,1
http://uidai-claim-now.win-india.ga/login,1
http://paytm-free-now.win-india.top/login,1
http://irctc-verify-now.block-india.cf/login,1
http://trai-block-now.reward-india.buzz/login,1
http://trai-win-now.reward-india.click/login,1
http://bob-win-now.free-india.ml/login,1
http://uidai-kyc-now.claim-india.buzz/login,1
http://aadhaar-free-now.kyc-india.ml/login,1
http://trai-kyc-now.win-india.loan/login,1
http://sbi-update-now.block-india.ga/login,1
http://paytm-login-now.claim-india.ga/login,1
http://hdfc-reward-now.block-india.loan/login,1
http://yesbank-reward-now.block-india.fun/login,1
http://kotak-free-now.reward-india.work/login,1
http://amazon-free-now.alert-india.loan/login,1
http://sbi-suspend-now.reward-india.cf/login,1
http://yesbank-block-now.login-india.work/login,1
http://airtel-win-now.secure-india.pw/login,1
http://yesbank-suspend-now.alert-india.click/login,1
http://paytm-update-now.login-india.click/login,1
http://gpay-update-now.alert-india.click/login,1
http://pnb-free-now.win-india.click/login,1
http://phonepe-block-now.win-india.pw/login,1
http://irctc-secure-now.block-india.fun/login,1
http://flipkart-secure-now.update-india.buzz/login,1
http://icici-win-now.free-india.cf/login,1
http://trai-reward-now.free-india.ml/login,1
http://amazon-alert-now.claim-india.tk/login,1
http://axis-suspend-now.suspend-india.work/login,1
http://amazon-secure-now.claim-india.ga/login,1
http://airtel-suspend-now.reward-india.click/login,1
http://yesbank-update-now.claim-india.buzz/login,1
http://amazon-secure-now.update-india.pw/login,1
http://bob-alert-now.block-india.pw/login,1
http://amazon-login-now.win-india.xyz/login,1
http://hdfc-suspend-now.login-india.click/login,1
http://trai-kyc-now.verify-india.tk/login,1
http://bob-login-now.verify-india.tk/login,1
http://yesbank-suspend-now.alert-india.buzz/login,1
http://paytm-kyc-now.secure-india.ml/login,1
http://paytm-block-now.secure-india.loan/login,1
http://gpay-secure-now.free-india.pw/login,1
http://phonepe-alert-now.reward-india.top/login,1
http://aadhaar-verify-now.suspend-india.buzz/login,1
http://trai-secure-now.reward-india.buzz/login,1
http://hdfc-update-now.free-india.loan/login,1
http://hdfc-secure-now.verify-india.ga/login,1
http://gpay-secure-now.block-india.xyz/login,1
http://icici-claim-now.login-india.work/login,1
http://jio-claim-now.block-india.top/login,1
http://bob-win-now.alert-india.tk/login,1
http://pnb-claim-now.secure-india.cf/login,1
http://amazon-verify-now.claim-india.ga/login,1
http://uidai-kyc-now.reward-india.xyz/login,1
http://amazon-alert-now.secure-india.fun/login,1
http://bob-free-now.win-india.ml/login,1
http://irctc-kyc-now.verify-india.buzz/login,1
http://yesbank-win-now.login-india.top/login,1
http://kotak-suspend-now.suspend-india.tk/login,1
http://axis-suspend-now.win-india.ml/login,1
http://trai-claim-now.reward-india.work/login,1
http://paytm-block-now.claim-india.fun/login,1
http://hdfc-kyc-now.update-india.click/login,1
http://yesbank-win-now.free-india.buzz/login,1
http://gpay-block-now.login-india.xyz/login,1
http://irctc-alert-now.claim-india.click/login,1
http://aadhaar-kyc-now.update-india.ml/login,1
http://bob-kyc-now.reward-india.cf/login,1
http://gpay-suspend-now.claim-india.top/login,1
http://irctc-free-now.block-india.cf/login,1
http://kotak-win-now.reward-india.xyz/login,1
http://flipkart-block-now.suspend-india.xyz/login,1
http://irctc-claim-now.update-india.buzz/login,1
http://uidai-win-now.suspend-india.tk/login,1
http://trai-update-now.alert-india.work/login,1
http://pnb-claim-now.update-india.ml/login,1
http://uidai-free-now.win-india.cf/login,1
http://kotak-update-now.secure-india.pw/login,1
http://phonepe-claim-now.login-india.buzz/login,1
http://axis-reward-now.secure-india.pw/login,1
http://aadhaar-kyc-now.block-india.buzz/login,1
http://jio-block-now.free-india.click/login,1
http://uidai-alert-now.secure-india.work/login,1
http://flipkart-reward-now.claim-india.top/login,1
http://yesbank-suspend-now.verify-india.work/login,1
http://sbi-claim-now.claim-india.cf/login,1
http://airtel-free-now.win-india.ga/login,1
http://kotak-login-now.reward-india.loan/login,1
http://irctc-free-now.alert-india.tk/login,1
http://yesbank-reward-now.suspend-india.ml/login,1
http://paytm-win-now.verify-india.pw/login,1
http://airtel-suspend-now.verify-india.work/login,1
http://bob-win-now.login-india.cf/login,1
http://axis-claim-now.login-india.click/login,1
http://uidai-alert-now.alert-india.tk/login,1
http://hdfc-free-now.verify-india.tk/login,1
http://axis-claim-now.free-india.cf/login,1
http://flipkart-alert-now.login-india.cf/login,1
http://airtel-login-now.free-india.tk/login,1
http://airtel-win-now.block-india.work/login,1
http://paytm-kyc-now.claim-india.click/login,1
http://flipkart-block-now.claim-india.top/login,1
http://airtel-update-now.login-india.click/login,1
http://airtel-free-now.win-india.buzz/login,1
http://irctc-secure-now.update-india.top/login,1
http://aadhaar-claim-now.free-india.click/login,1
http://flipkart-login-now.suspend-india.buzz/login,1
http://yesbank-kyc-now.login-india.ml/login,1
http://aadhaar-claim-now.claim-india.click/login,1
http://aadhaar-verify-now.free-india.fun/login,1
http://uidai-claim-now.alert-india.fun/login,1
http://kotak-alert-now.claim-india.loan/login,1
http://axis-free-now.reward-india.top/login,1
http://hdfc-kyc-now.block-india.cf/login,1
http://axis-login-now.reward-india.ml/login,1
http://jio-login-now.win-india.fun/login,1
http://kotak-alert-now.verify-india.cf/login,1
http://sbi-alert-now.update-india.cf/login,1
http://bob-suspend-now.alert-india.buzz/login,1
http://axis-secure-now.win-india.work/login,1
http://uidai-alert-now.win-india.fun/login,1
http://jio-secure-now.update-india.loan/login,1
http://pnb-win-now.claim-india.pw/login,1
http://yesbank-verify-now.block-india.fun/login,1
http://gpay-alert-now.secure-india.click/login,1
http://bob-verify-now.update-india.work/login,1
http://sbi-login-now.suspend-india.top/login,1
http://axis-verify-now.update-india.work/login,1
http://pnb-suspend-now.free-india.xyz/login,1
http://hdfc-update-now.alert-india.fun/login,1
http://hdfc-reward-now.alert-india.pw/login,1
http://airtel-suspend-now.verify-india.work/login,1
http://aadhaar-reward-now.win-india.pw/login,1
http://phonepe-block-now.claim-india.click/login,1
http://axis-reward-now.win-india.ml/login,1
http://axis-win-now.claim-india.pw/login,1
http://jio-free-now.block-india.pw/login,1
http://amazon-alert-now.reward-india.buzz/login,1
http://jio-claim-now.login-india.top/login,1
http://irctc-login-now.claim-india.buzz/login,1
http://pnb-win-now.block-india.pw/login,1
http://amazon-verify-now.alert-india.xyz/login,1
http://flipkart-kyc-now.kyc-india.loan/login,1
http://aadhaar-login-now.secure-india.tk/login,1
http://gpay-login-now.claim-india.tk/login,1
http://gpay-suspend-now.verify-india.tk/login,1
http://airtel-login-now.verify-india.pw/login,1
http://flipkart-secure-now.kyc-india.work/login,1
http://kotak-suspend-now.login-india.top/login,1
http://bob-free-now.login-india.click/login,1
http://irctc-win-now.win-india.pw/login,1
http://amazon-alert-now.update-india.fun/login,1
http://airtel-block-now.verify-india.ga/login,1
http://sbi-free-now.verify-india.work/login,1
http://jio-claim-now.free-india.top/login,1
http://pnb-block-now.kyc-india.top/login,1
http://sbi-block-now.kyc-india.click/login,1
http://phonepe-free-now.reward-india.ga/login,1
http://irctc-suspend-now.secure-india.fun/login,1
http://icici-kyc-now.block-india.loan/login,1
http://bob-reward-now.suspend-india.tk/login,1
http://icici-kyc-now.free-india.ml/login,1
http://gpay-kyc-now.update-india.cf/login,1
http://phonepe-claim-now.kyc-india.top/login,1
http://icici-update-now.suspend-india.work/login,1
http://aadhaar-suspend-now.kyc-india.click/login,1
http://kotak-reward-now.claim-india.work/login,1
http://airtel-free-now.free-india.cf/login,1
http://bob-claim-now.win-india.ga/login,1
http://phonepe-claim-now.free-india.click/login,1
http://airtel-secure-now.update-india.tk/login,1
http://trai-update-now.win-india.loan/login,1
http://yesbank-update-now.login-india.top/login,1
http://flipkart-login-now.block-india.xyz/login,1
http://yesbank-kyc-now.verify-india.ga/login,1
http://aadhaar-free-now.free-india.loan/login,1
http://axis-win-now.suspend-india.ga/login,1
http://flipkart-win-now.reward-india.loan/login,1
http://kotak-update-now.block-india.cf/login,1
http://irctc-update-now.secure-india.top/login,1
http://paytm-kyc-now.verify-india.tk/login,1
http://airtel-free-now.block-india.ga/login,1
http://gpay-login-now.claim-india.cf/login,1
http://hdfc-update-now.update-india.ml/login,1
http://flipkart-kyc-now.block-india.ga/login,1
http://bob-verify-now.login-india.xyz/login,1
http://trai-alert-now.reward-india.cf/login,1
http://flipkart-alert-now.verify-india.fun/login,1
http://uidai-verify-now.reward-india.buzz/login,1
http://irctc-reward-now.update-india.loan/login,1
http://jio-alert-now.reward-india.ml/login,1
http://pnb-verify-now.alert-india.top/login,1
http://irctc-win-now.update-india.buzz/login,1
http://amazon-kyc-now.update-india.work/login,1
http://paytm-verify-now.secure-india.loan/login,1
http://trai-block-now.reward-india.loan/login,1
http://hdfc-free-now.secure-india.tk/login,1
http://trai-reward-now.suspend-india.ga/login,1
http://hdfc-login-now.free-india.ml/login,1
http://bob-secure-now.free-india.click/login,1
http://bob-secure-now.suspend-india.top/login,1
http://flipkart-secure-now.update-india.pw/login,1
http://icici-reward-now.verify-india.click/login,1
http://jio-suspend-now.free-india.xyz/login,1
http://bob-secure-now.suspend-india.xyz/login,1
http://uidai-win-now.win-india.work/login,1
http://sbi-login-now.secure-india.ml/login,1
http://yesbank-free-now.update-india.fun/login,1
http://flipkart-free-now.verify-india.tk/login,1
http://aadhaar-update-now.win-india.click/login,1
http://aadhaar-suspend-now.update-india.ga/login,1
http://bob-block-now.kyc-india.pw/login,1
http://bob-alert-now.verify-india.work/login,1
http://airtel-kyc-now.update-india.click/login,1
http://jio-update-now.suspend-india.ga/login,1
http://bob-win-now.kyc-india.click/login,1
http://phonepe-reward-now.verify-india.ml/login,1
http://phonepe-update-now.reward-india.pw/login,1
http://sbi-block-now.win-india.loan/login,1
http://flipkart-claim-now.secure-india.loan/login,1
http://sbi-kyc-now.suspend-india.ga/login,1
http://gpay-claim-now.block-india.ga/login,1
http://trai-secure-now.login-india.buzz/login,1
http://icici-verify-now.reward-india.click/login,1
http://flipkart-login-now.claim-india.tk/login,1
http://irctc-secure-now.claim-india.cf/login,1
http://bob-suspend-now.login-india.fun/login,1
http://pnb-update-now.verify-india.ml/login,1
http://icici-secure-now.verify-india.tk/login,1
http://paytm-block-now.login-india.ga/login,1
http://icici-suspend-now.claim-india.click/login,1
http://trai-free-now.suspend-india.fun/login,1
http://irctc-suspend-now.suspend-india.xyz/login,1
http://jio-claim-now.suspend-india.work/login,1
http://axis-alert-now.alert-india.tk/login,1
http://irctc-win-now.verify-india.ga/login,1
http://hdfc-claim-now.reward-india.loan/login,1
http://flipkart-verify-now.suspend-india.cf/login,1
http://icici-kyc-now.secure-india.fun/login,1
http://bob-verify-now.claim-india.tk/login,1
http://bob-secure-now.block-india.ga/login,1
http://aadhaar-suspend-now.claim-india.ga/login,1
http://jio-alert-now.reward-india.loan/login,1
http://airtel-update-now.block-india.work/login,1
http://bob-alert-now.alert-india.buzz/login,1
http://amazon-verify-now.verify-india.top/login,1
http://airtel-login-now.secure-india.click/login,1
http://uidai-win-now.alert-india.buzz/login,1
http://jio-update-now.free-india.work/login,1
http://jio-verify-now.login-india.ga/login,1
http://phonepe-secure-now.suspend-india.top/login,1
http://flipkart-claim-now.alert-india.cf/login,1
http://yesbank-update-now.verify-india.cf/login,1
http://aadhaar-secure-now.block-india.xyz/login,1
http://uidai-secure-now.win-india.work/login,1
http://gpay-update-now.block-india.tk/login,1
http://pnb-reward-now.verify-india.click/login,1
http://kotak-kyc-now.alert-india.xyz/login,1
http://flipkart-suspend-now.suspend-india.click/login,1
http://uidai-win-now.secure-india.work/login,1
http://amazon-update-now.update-india.tk/login,1
http://hdfc-alert-now.suspend-india.work/login,1
http://bob-secure-now.alert-india.click/login,1
http://kotak-free-now.win-india.click/login,1
http://amazon-claim-now.alert-india.ml/login,1
http://trai-suspend-now.alert-india.ml/login,1
http://phonepe-reward-now.free-india.pw/login,1
http://gpay-secure-now.block-india.click/login,1
http://airtel-free-now.verify-india.ga/login,1
http://uidai-verify-now.suspend-india.loan/login,1
http://airtel-free-now.reward-india.loan/login,1
http://pnb-win-now.reward-india.xyz/login,1
http://amazon-reward-now.win-india.pw/login,1
http://phonepe-free-now.win-india.top/login,1
http://icici-login-now.block-india.ml/login,1
http://amazon-block-now.alert-india.xyz/login,1
http://flipkart-alert-now.alert-india.work/login,1
http://pnb-alert-now.verify-india.buzz/login,1
http://gpay-suspend-now.suspend-india.top/login,1
http://paytm-reward-now.login-india.work/login,1
http://flipkart-suspend-now.kyc-india.fun/login,1
http://flipkart-update-now.free-india.tk/login,1
http://hdfc-alert-now.login-india.click/login,1
http://axis-kyc-now.block-india.pw/login,1
http://amazon-kyc-now.kyc-india.buzz/login,1
http://hdfc-reward-now.block-india.buzz/login,1
http://phonepe-secure-now.login-india.ml/login,1
http://jio-login-now.free-india.ga/login,1
http://hdfc-kyc-now.login-india.pw/login,1
http://uidai-login-now.secure-india.cf/login,1
http://bob-verify-now.reward-india.fun/login,1
http://sbi-reward-now.suspend-india.cf/login,1
http://jio-free-now.verify-india.top/login,1
http://pnb-free-now.kyc-india.ga/login,1
http://yesbank-alert-now.block-india.top/login,1
http://yesbank-kyc-now.suspend-india.cf/login,1
http://icici-kyc-now.block-india.click/login,1
http://jio-alert-now.win-india.xyz/login,1
http://hdfc-reward-now.secure-india.cf/login,1
http://trai-block-now.claim-india.cf/login,1
http://aadhaar-alert-now.claim-india.ga/login,1
http://axis-update-now.suspend-india.buzz/login,1
http://trai-verify-now.secure-india.ml/login,1
http://pnb-claim-now.secure-india.ml/login,1
http://trai-verify-now.claim-india.ga/login,1
http://flipkart-reward-now.secure-india.ml/login,1
http://pnb-claim-now.verify-india.work/login,1
http://aadhaar-reward-now.block-india.loan/login,1
http://flipkart-block-now.reward-india.xyz/login,1
http://phonepe-verify-now.login-india.fun/login,1
http://uidai-kyc-now.kyc-india.tk/login,1
http://jio-update-now.alert-india.xyz/login,1
http://icici-suspend-now.win-india.click/login,1
http://aadhaar-reward-now.reward-india.ga/login,1
http://uidai-suspend-now.free-india.ml/login,1
http://aadhaar-alert-now.suspend-india.loan/login,1
http://irctc-kyc-now.block-india.work/login,1
http://gpay-win-now.update-india.cf/login,1
http://phonepe-secure-now.suspend-india.click/login,1
http://amazon-kyc-now.suspend-india.tk/login,1
http://irctc-free-now.suspend-india.top/login,1
http://kotak-secure-now.update-india.top/login,1
http://sbi-login-now.login-india.ml/login,1
http://aadhaar-block-now.block-india.xyz/login,1
http://irctc-verify-now.verify-india.click/login,1
http://icici-win-now.verify-india.ml/login,1
http://trai-alert-now.secure-india.click/login,1
http://icici-kyc-now.verify-india.ml/login,1
http://phonepe-win-now.win-india.buzz/login,1
http://sbi-update-now.win-india.work/login,1
http://pnb-secure-now.claim-india.cf/login,1
http://icici-reward-now.secure-india.loan/login,1
http://irctc-suspend-now.kyc-india.buzz/login,1
http://icici-verify-now.secure-india.top/login,1
http://amazon-kyc-now.alert-india.click/login,1
http://sbi-update-now.claim-india.ml/login,1
http://bob-free-now.free-india.pw/login,1
http://flipkart-secure-now.secure-india.ml/login,1
http://hdfc-login-now.win-india.top/login,1
http://hdfc-alert-now.block-india.click/login,1
http://kotak-win-now.block-india.ga/login,1
http://gpay-verify-now.suspend-india.click/login,1
http://trai-alert-now.kyc-india.ga/login,1
http://aadhaar-login-now.reward-india.loan/login,1
http://sbi-reward-now.verify-india.tk/login,1
http://airtel-claim-now.alert-india.pw/login,1
http://paytm-login-now.kyc-india.top/login,1
http://irctc-update-now.secure-india.fun/login,1
http://aadhaar-claim-now.block-india.fun/login,1
http://axis-suspend-now.free-india.work/login,1
http://sbi-update-now.claim-india.xyz/login,1
http://axis-suspend-now.reward-india.work/login,1
http://irctc-free-now.kyc-india.xyz/login,1
http://paytm-claim-now.update-india.pw/login,1
http://paytm-verify-now.update-india.loan/login,1
http://paytm-block-now.win-india.fun/login,1
http://pnb-kyc-now.login-india.ga/login,1
http://paytm-suspend-now.alert-india.xyz/login,1
http://airtel-suspend-now.free-india.ga/login,1
http://irctc-suspend-now.claim-india.loan/login,1
http://phonepe-suspend-now.update-india.click/login,1
http://aadhaar-free-now.claim-india.click/login,1
http://axis-update-now.reward-india.ga/login,1
http://flipkart-update-now.secure-india.pw/login,1
http://phonepe-verify-now.alert-india.click/login,1
http://flipkart-secure-now.win-india.tk/login,1
http://kotak-kyc-now.secure-india.loan/login,1
http://flipkart-login-now.suspend-india.top/login,1
http://phonepe-reward-now.kyc-india.click/login,1
http://icici-block-now.block-india.ga/login,1
http://icici-kyc-now.secure-india.buzz/login,1
http://uidai-alert-now.win-india.work/login,1
http://jio-free-now.reward-india.fun/login,1
http://flipkart-alert-now.kyc-india.cf/login,1
http://kotak-login-now.free-india.cf/login,1
http://gpay-free-now.claim-india.cf/login,1
http://flipkart-block-now.alert-india.ml/login,1
http://bob-claim-now.alert-india.tk/login,1
http://yesbank-reward-now.win-india.cf/login,1
http://jio-block-now.free-india.buzz/login,1
http://hdfc-kyc-now.suspend-india.pw/login,1
http://hdfc-login-now.secure-india.loan/login,1
http://sbi-free-now.secure-india.ml/login,1
http://kotak-alert-now.suspend-india.top/login,1
http://hdfc-free-now.verify-india.fun/login,1
http://hdfc-suspend-now.secure-india.xyz/login,1
http://icici-reward-now.win-india.click/login,1
http://irctc-login-now.alert-india.top/login,1
http://paytm-secure-now.kyc-india.top/login,1
http://bob-win-now.win-india.ml/login,1
http://paytm-claim-now.secure-india.pw/login,1
http://paytm-verify-now.login-india.top/login,1
http://jio-verify-now.suspend-india.tk/login,1
http://airtel-free-now.verify-india.tk/login,1
http://yesbank-kyc-now.alert-india.ga/login,1
http://axis-win-now.update-india.work/login,1
http://phonepe-kyc-now.reward-india.cf/login,1
http://icici-secure-now.alert-india.click/login,1
http://amazon-suspend-now.verify-india.xyz/login,1
http://icici-block-now.secure-india.ml/login,1
http://jio-login-now.claim-india.pw/login,1
http://trai-win-now.secure-india.work/login,1
http://kotak-kyc-now.kyc-india.pw/login,1
http://aadhaar-free-now.login-india.buzz/login,1
http://yesbank-suspend-now.reward-india.buzz/login,1
http://amazon-win-now.alert-india.work/login,1
http://icici-claim-now.login-india.pw/login,1
http://sbi-kyc-now.kyc-india.top/login,1
http://phonepe-win-now.secure-india.work/login,1
http://jio-reward-now.claim-india.xyz/login,1
http://hdfc-win-now.login-india.ml/login,1
http://uidai-verify-now.suspend-india.xyz/login,1
http://hdfc-reward-now.secure-india.work/login,1
http://amazon-update-now.free-india.cf/login,1
http://kotak-kyc-now.alert-india.loan/login,1
http://irctc-login-now.win-india.fun/login,1
http://yesbank-claim-now.secure-india.buzz/login,1
http://hdfc-win-now.secure-india.ml/login,1
http://jio-update-now.reward-india.pw/login,1
http://irctc-suspend-now.kyc-india.fun/login,1
http://hdfc-win-now.reward-india.work/login,1
http://pnb-secure-now.suspend-india.ga/login,1
http://gpay-secure-now.login-india.buzz/login,1
http://uidai-reward-now.suspend-india.xyz/login,1
http://airtel-claim-now.login-india.fun/login,1
http://uidai-kyc-now.win-india.click/login,1
http://phonepe-block-now.alert-india.loan/login,1
http://jio-claim-now.alert-india.ga/login,1
http://jio-block-now.update-india.ga/login,1
http://jio-verify-now.alert-india.ga/login,1
http://airtel-claim-now.login-india.buzz/login,1
http://gpay-verify-now.kyc-india.ga/login,1
http://amazon-secure-now.update-india.ml/login,1
http://paytm-secure-now.alert-india.cf/login,1
http://sbi-free-now.suspend-india.loan/login,1
http://pnb-login-now.win-india.work/login,1
http://phonepe-verify-now.login-india.ga/login,1
http://pnb-verify-now.claim-india.tk/login,1
http://bob-verify-now.kyc-india.ga/login,1
http://paytm-claim-now.update-india.xyz/login,1
http://irctc-win-now.update-india.click/login,1
http://pnb-claim-now.block-india.work/login,1
http://hdfc-suspend-now.secure-india.buzz/login,1
http://hdfc-secure-now.kyc-india.ml/login,1
http://kotak-claim-now.reward-india.cf/login,1
http://icici-update-now.suspend-india.pw/login,1
http://phonepe-claim-now.claim-india.tk/login,1
http://paytm-claim-now.login-india.loan/login,1
http://hdfc-alert-now.block-india.tk/login,1
http://uidai-update-now.login-india.fun/login,1
http://pnb-verify-now.claim-india.fun/login,1
http://jio-win-now.win-india.cf/login,1
http://airtel-update-now.suspend-india.fun/login,1
http://irctc-update-now.claim-india.fun/login,1
http://irctc-claim-now.claim-india.work/login,1
http://axis-reward-now.reward-india.ga/login,1
http://phonepe-block-now.free-india.buzz/login,1
http://paytm-secure-now.reward-india.ga/login,1
http://sbi-reward-now.update-india.fun/login,1
http://amazon-kyc-now.update-india.buzz/login,1
http://aadhaar-free-now.claim-india.fun/login,1
http://amazon-login-now.claim-india.ml/login,1
http://sbi-verify-now.alert-india.top/login,1
http://icici-claim-now.verify-india.cf/login,1
http://paytm-verify-now.claim-india.pw/login,1
http://aadhaar-free-now.reward-india.loan/login,1
http://pnb-free-now.free-india.top/login,1
http://flipkart-alert-now.update-india.cf/login,1
http://gpay-free-now.login-india.fun/login,1
http://amazon-verify-now.block-india.xyz/login,1
http://uidai-verify-now.update-india.xyz/login,1
http://icici-secure-now.reward-india.fun/login,1
http://axis-verify-now.win-india.ga/login,1
http://paytm-alert-now.block-india.loan/login,1
http://trai-block-now.update-india.loan/login,1
http://gpay-verify-now.secure-india.top/login,1
http://axis-reward-now.login-india.loan/login,1
http://trai-update-now.reward-india.loan/login,1
http://irctc-win-now.block-india.fun/login,1
http://pnb-update-now.block-india.buzz/login,1
http://pnb-reward-now.suspend-india.xyz/login,1
http://pnb-free-now.verify-india.buzz/login,1
http://uidai-reward-now.claim-india.top/login,1
http://aadhaar-block-now.kyc-india.top/login,1
http://irctc-kyc-now.block-india.xyz/login,1
http://sbi-alert-now.kyc-india.fun/login,1
http://irctc-kyc-now.verify-india.fun/login,1
http://aadhaar-update-now.free-india.buzz/login,1
http://kotak-alert-now.kyc-india.buzz/login,1
http://gpay-alert-now.login-india.click/login,1
http://amazon-secure-now.verify-india.work/login,1
http://trai-login-now.win-india.fun/login,1
http://sbi-block-now.login-india.xyz/login,1
http://bob-suspend-now.alert-india.loan/login,1
http://uidai-free-now.suspend-india.click/login,1
http://axis-free-now.secure-india.click/login,1
http://kotak-suspend-now.block-india.ga/login,1
http://amazon-alert-now.update-india.cf/login,1
http://bob-alert-now.secure-india.pw/login,1
http://hdfc-reward-now.reward-india.loan/login,1
http://trai-win-now.reward-india.work/login,1
http://pnb-update-now.block-india.click/login,1
http://irctc-update-now.update-india.top/login,1
http://kotak-claim-now.reward-india.xyz/login,1
http://pnb-free-now.suspend-india.click/login,1
http://bob-login-now.secure-india.ga/login,1
http://icici-block-now.verify-india.buzz/login,1
http://flipkart-login-now.suspend-india.ml/login,1
http://sbi-win-now.verify-india.ml/login,1
http://pnb-block-now.claim-india.top/login,1
http://yesbank-login-now.login-india.work/login,1
http://irctc-alert-now.login-india.xyz/login,1
http://gpay-update-now.reward-india.work/login,1
http://aadhaar-alert-now.update-india.pw/login,1
http://phonepe-reward-now.update-india.click/login,1
http://kotak-block-now.alert-india.buzz/login,1
http://paytm-verify-now.update-india.ml/login,1
http://airtel-free-now.verify-india.ml/login,1
http://pnb-secure-now.claim-india.click/login,1
http://sbi-free-now.verify-india.click/login,1
http://kotak-suspend-now.verify-india.loan/login,1
http://hdfc-free-now.suspend-india.pw/login,1
http://aadhaar-login-now.suspend-india.work/login,1
http://bob-free-now.alert-india.ga/login,1
http://trai-block-now.alert-india.ml/login,1
http://kotak-reward-now.update-india.top/login,1
http://gpay-verify-now.login-india.cf/login,1
http://jio-block-now.login-india.buzz/login,1
http://hdfc-verify-now.verify-india.pw/login,1
http://icici-secure-now.login-india.click/login,1
http://phonepe-suspend-now.secure-india.pw/login,1
http://jio-verify-now.alert-india.fun/login,1
http://airtel-update-now.alert-india.pw/login,1
http://uidai-free-now.reward-india.click/login,1
http://airtel-reward-now.reward-india.ml/login,1
http://trai-suspend-now.alert-india.fun/login,1
http://gpay-claim-now.update-india.loan/login,1
http://bob-kyc-now.kyc-india.click/login,1
http://paytm-alert-now.claim-india.buzz/login,1
http://bob-verify-now.verify-india.ml/login,1
http://paytm-login-now.verify-india.ml/login,1
http://jio-secure-now.verify-india.click/login,1
http://bob-win-now.alert-india.work/login,1
http://axis-kyc-now.claim-india.tk/login,1
http://pnb-block-now.suspend-india.fun/login,1
http://hdfc-secure-now.update-india.loan/login,1
http://phonepe-block-now.verify-india.click/login,1
http://icici-reward-now.reward-india.top/login,1
http://hdfc-win-now.block-india.tk/login,1
http://phonepe-login-now.suspend-india.ml/login,1
http://irctc-block-now.block-india.cf/login,1
http://airtel-alert-now.free-india.pw/login,1
http://hdfc-suspend-now.block-india.top/login,1
http://gpay-reward-now.update-india.click/login,1
http://paytm-alert-now.reward-india.pw/login,1
http://yesbank-block-now.secure-india.cf/login,1
http://kotak-kyc-now.verify-india.ml/login,1
http://phonepe-secure-now.win-india.loan/login,1
http://paytm-secure-now.block-india.loan/login,1
http://bob-login-now.win-india.tk/login,1
http://jio-alert-now.login-india.work/login,1
http://icici-secure-now.claim-india.xyz/login,1
http://jio-update-now.update-india.loan/login,1
http://hdfc-win-now.kyc-india.top/login,1
http://bob-free-now.suspend-india.tk/login,1
http://airtel-update-now.suspend-india.ga/login,1
http://uidai-reward-now.verify-india.top/login,1
http://icici-verify-now.secure-india.work/login,1
http://icici-block-now.suspend-india.fun/login,1
http://axis-update-now.suspend-india.pw/login,1
http://paytm-win-now.claim-india.top/login,1
http://paytm-secure-now.win-india.work/login,1
http://amazon-block-now.block-india.buzz/login,1
http://gpay-secure-now.update-india.xyz/login,1
http://jio-secure-now.update-india.cf/login,1
http://icici-login-now.update-india.loan/login,1
http://axis-update-now.block-india.buzz/login,1
http://axis-secure-now.verify-india.click/login,1
http://icici-win-now.win-india.ga/login,1
http://phonepe-claim-now.free-india.tk/login,1
http://flipkart-suspend-now.free-india.xyz/login,1
http://kotak-secure-now.alert-india.xyz/login,1
http://trai-claim-now.reward-india.xyz/login,1
http://uidai-win-now.secure-india.xyz/login,1
http://bob-alert-now.update-india.cf/login,1
http://trai-alert-now.block-india.ga/login,1
http://icici-verify-now.login-india.tk/login,1
http://airtel-claim-now.reward-india.cf/login,1
http://yesbank-alert-now.kyc-india.ml/login,1
http://flipkart-claim-now.free-india.work/login,1
http://airtel-verify-now.alert-india.fun/login,1
http://airtel-verify-now.login-india.ga/login,1
http://flipkart-secure-now.secure-india.pw/login,1
http://uidai-suspend-now.block-india.work/login,1
http://sbi-suspend-now.login-india.ga/login,1
http://axis-win-now.login-india.top/login,1
http://kotak-update-now.kyc-india.buzz/login,1
http://bob-secure-now.update-india.xyz/login,1
http://bob-verify-now.login-india.ml/login,1
http://amazon-alert-now.claim-india.ga/login,1
http://icici-win-now.free-india.loan/login,1
http://hdfc-claim-now.alert-india.top/login,1
http://jio-update-now.free-india.xyz/login,1
http://icici-verify-now.block-india.pw/login,1
http://bob-free-now.claim-india.cf/login,1
http://amazon-update-now.kyc-india.click/login,1
http://jio-reward-now.verify-india.top/login,1
http://kotak-verify-now.verify-india.cf/login,1
http://flipkart-secure-now.block-india.top/login,1
http://flipkart-suspend-now.secure-india.loan/login,1
http://bob-free-now.free-india.pw/login,1
http://trai-suspend-now.secure-india.loan/login,1
http://airtel-block-now.update-india.work/login,1
http://sbi-free-now.login-india.top/login,1
http://axis-verify-now.verify-india.work/login,1
http://flipkart-verify-now.update-india.work/login,1
http://irctc-login-now.free-india.work/login,1
http://yesbank-suspend-now.secure-india.pw/login,1
http://gpay-login-now.verify-india.work/login,1
http://trai-update-now.update-india.tk/login,1
http://flipkart-update-now.suspend-india.fun/login,1
http://amazon-verify-now.verify-india.cf/login,1
http://sbi-kyc-now.update-india.cf/login,1
http://kotak-secure-now.update-india.click/login,1
http://yesbank-suspend-now.reward-india.work/login,1
http://airtel-login-now.login-india.ga/login,1
http://trai-secure-now.free-india.pw/login,1
http://amazon-win-now.claim-india.click/login,1
http://phonepe-login-now.suspend-india.tk/login,1
http://irctc-free-now.verify-india.ga/login,1
http://jio-claim-now.login-india.xyz/login,1
http://hdfc-secure-now.suspend-india.fun/login,1
http://uidai-suspend-now.kyc-india.top/login,1
http://bob-claim-now.login-india.fun/login,1
http://bob-win-now.update-india.fun/login,1
http://irctc-free-now.alert-india.ga/login,1
http://axis-alert-now.login-india.pw/login,1
http://kotak-reward-now.win-india.ml/login,1
http://airtel-block-now.alert-india.fun/login,1
http://paytm-login-now.win-india.loan/login,1
http://pnb-block-now.reward-india.click/login,1
http://jio-suspend-now.kyc-india.work/login,1
http://bob-block-now.alert-india.buzz/login,1
http://icici-secure-now.win-india.tk/login,1
http://jio-secure-now.suspend-india.ga/login,1
http://axis-alert-now.suspend-india.top/login,1
http://flipkart-verify-now.reward-india.xyz/login,1
http://pnb-claim-now.block-india.buzz/login,1
http://axis-alert-now.login-india.click/login,1
http://flipkart-suspend-now.kyc-india.tk/login,1
http://axis-reward-now.kyc-india.click/login,1
http://sbi-reward-now.win-india.pw/login,1
http://aadhaar-suspend-now.login-india.click/login,1
http://airtel-reward-now.secure-india.top/login,1
http://gpay-suspend-now.block-india.fun/login,1
http://flipkart-verify-now.update-india.cf/login,1
http://yesbank-claim-now.alert-india.xyz/login,1
http://jio-suspend-now.win-india.ga/login,1
http://airtel-free-now.kyc-india.work/login,1
http://axis-win-now.block-india.top/login,1
http://bob-win-now.suspend-india.ml/login,1
http://pnb-claim-now.kyc-india.pw/login,1
http://hdfc-claim-now.verify-india.pw/login,1
http://phonepe-reward-now.verify-india.xyz/login,1
http://hdfc-free-now.update-india.tk/login,1
http://hdfc-update-now.claim-india.top/login,1
http://icici-reward-now.update-india.pw/login,1
http://flipkart-login-now.block-india.cf/login,1
http://airtel-win-now.suspend-india.buzz/login,1
http://trai-update-now.kyc-india.tk/login,1
http://jio-verify-now.verify-india.buzz/login,1
http://aadhaar-block-now.kyc-india.buzz/login,1
http://gpay-block-now.secure-india.buzz/login,1
http://bob-suspend-now.suspend-india.xyz/login,1
http://aadhaar-reward-now.alert-india.ml/login,1
http://gpay-free-now.login-india.tk/login,1
http://hdfc-secure-now.free-india.cf/login,1
http://trai-update-now.alert-india.buzz/login,1
http://flipkart-free-now.login-india.buzz/login,1
http://amazon-claim-now.claim-india.fun/login,1
http://amazon-update-now.suspend-india.ml/login,1
http://paytm-update-now.block-india.loan/login,1
http://paytm-kyc-now.verify-india.top/login,1
http://gpay-update-now.block-india.fun/login,1
http://bob-secure-now.update-india.work/login,1
http://bob-update-now.free-india.buzz/login,1
http://jio-verify-now.kyc-india.ga/login,1
http://amazon-secure-now.update-india.fun/login,1
http://amazon-suspend-now.login-india.top/login,1
http://trai-login-now.claim-india.buzz/login,1
http://uidai-update-now.reward-india.work/login,1
http://amazon-secure-now.verify-india.ga/login,1
http://paytm-login-now.suspend-india.buzz/login,1
http://icici-win-now.suspend-india.fun/login,1
http://jio-free-now.kyc-india.click/login,1
http://paytm-block-now.kyc-india.buzz/login,1
http://bob-alert-now.update-india.ml/login,1
http://bob-suspend-now.login-india.work/login,1
http://uidai-secure-now.suspend-india.pw/login,1
http://uidai-claim-now.kyc-india.ml/login,1
http://yesbank-kyc-now.suspend-india.top/login,1
http://airtel-secure-now.secure-india.buzz/login,1
http://trai-secure-now.login-india.fun/login,1
http://amazon-win-now.win-india.loan/login,1
http://amazon-block-now.update-india.tk/login,1
http://icici-secure-now.login-india.ga/login,1
http://hdfc-reward-now.secure-india.xyz/login,1
http://trai-verify-now.claim-india.loan/login,1
http://irctc-alert-now.update-india.click/login,1
http://yesbank-win-now.claim-india.pw/login,1
http://hdfc-free-now.reward-india.fun/login,1
http://phonepe-alert-now.block-india.work/login,1
http://hdfc-kyc-now.claim-india.pw/login,1
http://axis-win-now.kyc-india.xyz/login,1
http://airtel-reward-now.login-india.work/login,1
http://phonepe-update-now.reward-india.ml/login,1
http://bob-reward-now.win-india.xyz/login,1
http://gpay-kyc-now.login-india.click/login,1
http://trai-secure-now.update-india.loan/login,1
http://sbi-kyc-now.suspend-india.click/login,1
http://pnb-free-now.suspend-india.pw/login,1
http://uidai-alert-now.alert-india.ga/login,1
http://flipkart-suspend-now.login-india.pw/login,1
http://pnb-alert-now.suspend-india.click/login,1
http://pnb-update-now.suspend-india.buzz/login,1
http://paytm-secure-now.win-india.work/login,1
http://airtel-free-now.update-india.tk/login,1
http://icici-alert-now.free-india.ga/login,1
http://bob-alert-now.verify-india.ga/login,1
http://trai-reward-now.kyc-india.click/login,1
http://bob-free-now.alert-india.top/login,1
http://axis-update-now.kyc-india.click/login,1
http://aadhaar-secure-now.win-india.ml/login,1
http://gpay-login-now.verify-india.xyz/login,1
http://aadhaar-verify-now.claim-india.top/login,1
http://jio-verify-now.win-india.loan/login,1
http://paytm-suspend-now.kyc-india.buzz/login,1
http://airtel-free-now.block-india.ml/login,1
http://trai-alert-now.login-india.ml/login,1
http://axis-verify-now.alert-india.buzz/login,1
http://trai-block-now.login-india.tk/login,1
http://phonepe-free-now.alert-india.ga/login,1
http://amazon-claim-now.secure-india.loan/login,1
http://pnb-kyc-now.kyc-india.xyz/login,1
http://irctc-kyc-now.verify-india.tk/login,1
http://flipkart-verify-now.block-india.cf/login,1
http://paytm-block-now.alert-india.cf/login,1
http://icici-reward-now.free-india.fun/login,1
http://phonepe-alert-now.suspend-india.fun/login,1
http://amazon-login-now.free-india.top/login,1
http://yesbank-update-now.kyc-india.pw/login,1
http://yesbank-claim-now.claim-india.tk/login,1
http://sbi-verify-now.claim-india.tk/login,1
http://hdfc-block-now.update-india.pw/login,1
http://kotak-win-now.block-india.cf/login,1
http://paytm-kyc-now.reward-india.ml/login,1
http://gpay-win-now.verify-india.xyz/login,1
http://gpay-reward-now.verify-india.work/login,1
http://paytm-kyc-now.login-india.click/login,1
http://hdfc-kyc-now.win-india.buzz/login,1
http://trai-login-now.verify-india.fun/login,1
http://gpay-free-now.secure-india.buzz/login,1
http://paytm-free-now.secure-india.ga/login,1
http://flipkart-claim-now.login-india.pw/login,1
http://axis-reward-now.suspend-india.ml/login,1
http://aadhaar-verify-now.suspend-india.tk/login,1
http://amazon-win-now.reward-india.ga/login,1
http://axis-reward-now.reward-india.pw/login,1
http://bob-block-now.alert-india.fun/login,1
http://kotak-verify-now.login-india.ga/login,1
http://sbi-secure-now.claim-india.cf/login,1
http://airtel-update-now.verify-india.top/login,1
http://axis-reward-now.reward-india.cf/login,1
http://uidai-alert-now.verify-india.xyz/login,1
http://aadhaar-secure-now.secure-india.fun/login,1
http://yesbank-block-now.verify-india.tk/login,1
http://yesbank-win-now.free-india.tk/login,1
http://irctc-reward-now.secure-india.ml/login,1
http://uidai-reward-now.win-india.ml/login,1
http://trai-verify-now.suspend-india.ml/login,1
http://kotak-update-now.update-india.click/login,1
http://sbi-claim-now.verify-india.buzz/login,1
http://amazon-suspend-now.suspend-india.fun/login,1
http://amazon-update-now.win-india.fun/login,1
http://gpay-update-now.claim-india.ml/login,1
http://yesbank-claim-now.kyc-india.fun/login,1
http://jio-win-now.kyc-india.ml/login,1
http://aadhaar-verify-now.claim-india.loan/login,1
http://aadhaar-login-now.alert-india.buzz/login,1
http://flipkart-free-now.secure-india.ga/login,1
http://pnb-secure-now.win-india.xyz/login,1
http://kotak-alert-now.reward-india.ml/login,1
http://yesbank-win-now.free-india.ga/login,1
http://pnb-verify-now.update-india.tk/login,1
http://axis-claim-now.kyc-india.click/login,1
http://yesbank-block-now.free-india.top/login,1
http://phonepe-alert-now.alert-india.fun/login,1
http://aadhaar-block-now.block-india.ml/login,1
http://bob-verify-now.login-india.tk/login,1
http://flipkart-secure-now.block-india.pw/login,1
http://sbi-login-now.verify-india.cf/login,1
http://pnb-block-now.block-india.xyz/login,1
http://uidai-alert-now.update-india.loan/login,1
http://amazon-update-now.secure-india.ml/login,1
http://phonepe-suspend-now.login-india.click/login,1
http://yesbank-win-now.secure-india.buzz/login,1
http://pnb-suspend-now.kyc-india.xyz/login,1
http://yesbank-win-now.claim-india.pw/login,1
http://amazon-alert-now.claim-india.work/login,1
http://irctc-suspend-now.suspend-india.tk/login,1
http://axis-free-now.login-india.work/login,1
http://uidai-block-now.login-india.xyz/login,1
http://kotak-claim-now.alert-india.top/login,1
http://paytm-alert-now.secure-india.click/login,1
http://axis-update-now.reward-india.xyz/login,1
http://aadhaar-suspend-now.claim-india.loan/login,1
http://uidai-alert-now.verify-india.tk/login,1
http://pnb-free-now.kyc-india.ml/login,1
http://axis-login-now.login-india.top/login,1
http://trai-suspend-now.reward-india.xyz/login,1
http://sbi-block-now.login-india.cf/login,1
http://flipkart-reward-now.free-india.fun/login,1
http://icici-kyc-now.free-india.loan/login,1
http://uidai-block-now.suspend-india.pw/login,1
http://jio-verify-now.free-india.work/login,1
http://airtel-reward-now.update-india.fun/login,1
http://axis-win-now.login-india.fun/login,1
http://uidai-suspend-now.free-india.work/login,1
http://uidai-suspend-now.kyc-india.work/login,1
http://axis-free-now.claim-india.fun/login,1
http://bob-verify-now.login-india.ga/login,1
http://trai-free-now.alert-india.fun/login,1
http://aadhaar-block-now.free-india.click/login,1
http://paytm-block-now.claim-india.fun/login,1
http://aadhaar-suspend-now.block-india.top/login,1
http://trai-free-now.update-india.loan/login,1
http://airtel-login-now.suspend-india.work/login,1
http://bob-win-now.login-india.xyz/login,1
http://uidai-verify-now.free-india.xyz/login,1
http://irctc-login-now.alert-india.pw/login,1
http://kotak-suspend-now.suspend-india.pw/login,1
http://kotak-secure-now.claim-india.work/login,1
http://airtel-secure-now.secure-india.tk/login,1
http://hdfc-alert-now.reward-india.pw/login,1
http://phonepe-win-now.reward-india.ml/login,1
http://bob-free-now.claim-india.cf/login,1
http://jio-secure-now.alert-india.click/login,1
http://uidai-update-now.win-india.top/login,1
http://sbi-win-now.secure-india.ga/login,1
http://yesbank-suspend-now.free-india.loan/login,1
http://gpay-suspend-now.block-india.click/login,1
http://uidai-win-now.verify-india.work/login,1
http://uidai-reward-now.claim-india.loan/login,1
http://yesbank-alert-now.block-india.ga/login,1
http://irctc-claim-now.reward-india.buzz/login,1
http://aadhaar-update-now.reward-india.work/login,1
http://trai-secure-now.login-india.cf/login,1
http://hdfc-alert-now.win-india.ga/login,1
http://hdfc-alert-now.free-india.buzz/login,1
http://axis-free-now.alert-india.work/login,1
http://bob-update-now.free-india.buzz/login,1
http://gpay-claim-now.free-india.xyz/login,1
http://sbi-alert-now.block-india.loan/login,1
http://gpay-reward-now.suspend-india.ml/login,1
http://paytm-login-now.login-india.fun/login,1
http://trai-claim-now.secure-india.xyz/login,1
http://jio-login-now.reward-india.pw/login,1
http://uidai-suspend-now.claim-india.ml/login,1
http://aadhaar-claim-now.free-india.xyz/login,1
http://phonepe-login-now.update-india.ml/login,1
http://bob-claim-now.login-india.ml/login,1
http://flipkart-login-now.claim-india.fun/login,1
http://yesbank-update-now.secure-india.pw/login,1
http://flipkart-kyc-now.secure-india.pw/login,1
http://hdfc-login-now.kyc-india.ml/login,1
http://jio-secure-now.alert-india.work/login,1
http://icici-secure-now.reward-india.pw/login,1
http://yesbank-verify-now.suspend-india.ga/login,1
http://pnb-claim-now.claim-india.click/login,1
http://flipkart-verify-now.kyc-india.xyz/login,1
http://hdfc-reward-now.update-india.work/login,1
http://airtel-update-now.login-india.top/login,1
http://kotak-secure-now.claim-india.pw/login,1
http://airtel-alert-now.reward-india.tk/login,1
http://phonepe-update-now.block-india.pw/login,1
http://jio-free-now.suspend-india.tk/login,1
http://paytm-alert-now.free-india.fun/login,1
http://sbi-reward-now.claim-india.xyz/login,1
http://flipkart-win-now.reward-india.tk/login,1
http://paytm-kyc-now.kyc-india.loan/login,1
http://jio-free-now.win-india.buzz/login,1
http://sbi-claim-now.reward-india.cf/login,1
http://kotak-reward-now.block-india.fun/login,1
http://pnb-login-now.free-india.xyz/login,1
http://airtel-claim-now.claim-india.click/login,1
http://yesbank-suspend-now.claim-india.xyz/login,1
http://paytm-reward-now.login-india.fun/login,1
http://yesbank-reward-now.verify-india.work/login,1
http://irctc-alert-now.block-india.pw/login,1
http://kotak-login-now.login-india.buzz/login,1
http://paytm-alert-now.reward-india.ga/login,1
http://uidai-win-now.suspend-india.xyz/login,1
http://airtel-free-now.reward-india.xyz/login,1
http://sbi-block-now.kyc-india.fun/login,1
http://jio-reward-now.suspend-india.top/login,1
http://paytm-reward-now.suspend-india.xyz/login,1
http://phonepe-free-now.kyc-india.ml/login,1
http://hdfc-suspend-now.alert-india.click/login,1
http://yesbank-free-now.verify-india.top/login,1
http://axis-alert-now.suspend-india.xyz/login,1
http://amazon-free-now.alert-india.xyz/login,1
http://icici-claim-now.free-india.tk/login,1
http://phonepe-verify-now.verify-india.ga/login,1
http://uidai-login-now.secure-india.cf/login,1
http://hdfc-alert-now.reward-india.pw/login,1
http://irctc-kyc-now.update-india.top/login,1
http://phonepe-win-now.update-india.loan/login,1
http://gpay-free-now.login-india.buzz/login,1
http://jio-suspend-now.win-india.buzz/login,1
http://icici-win-now.suspend-india.ml/login,1
http://uidai-reward-now.free-india.pw/login,1
http://paytm-update-now.verify-india.click/login,1
http://jio-verify-now.alert-india.tk/login,1
http://phonepe-kyc-now.reward-india.xyz/login,1
http://hdfc-block-now.kyc-india.ml/login,1
http://trai-login-now.free-india.work/login,1
http://flipkart-win-now.secure-india.ml/login,1
http://flipkart-verify-now.claim-india.cf/login,1
http://aadhaar-claim-now.alert-india.fun/login,1
http://aadhaar-block-now.alert-india.ml/login,1
http://aadhaar-kyc-now.verify-india.top/login,1
http://gpay-kyc-now.kyc-india.fun/login,1
http://trai-win-now.win-india.fun/login,1
http://sbi-update-now.kyc-india.top/login,1
http://uidai-block-now.verify-india.cf/login,1
http://airtel-reward-now.win-india.top/login,1
http://pnb-block-now.suspend-india.click/login,1
http://paytm-win-now.secure-india.work/login,1
http://amazon-verify-now.suspend-india.top/login,1
http://sbi-free-now.reward-india.cf/login,1
http://flipkart-kyc-now.win-india.buzz/login,1
http://airtel-claim-now.kyc-india.click/login,1
http://flipkart-login-now.alert-india.loan/login,1
http://flipkart-win-now.secure-india.work/login,1
http://irctc-block-now.block-india.cf/login,1
http://sbi-alert-now.verify-india.fun/login,1
http://airtel-reward-now.claim-india.work/login,1
http://flipkart-alert-now.verify-india.top/login,1
http://icici-kyc-now.suspend-india.loan/login,1
http://trai-suspend-now.alert-india.ml/login,1
http://aadhaar-secure-now.kyc-india.top/login,1
http://trai-verify-now.suspend-india.ml/login,1
http://trai-kyc-now.reward-india.buzz/login,1
http://icici-win-now.free-india.top/login,1
http://airtel-update-now.alert-india.xyz/login,1
http://sbi-claim-now.login-india.work/login,1
http://icici-free-now.block-india.top/login,1
http://hdfc-claim-now.reward-india.fun/login,1
http://bob-block-now.block-india.xyz/login,1
http://gpay-update-now.win-india.buzz/login,1
http://bob-reward-now.secure-india.work/login,1
http://uidai-claim-now.free-india.tk/login,1
http://paytm-alert-now.suspend-india.loan/login,1
http://gpay-update-now.kyc-india.cf/login,1
http://paytm-block-now.free-india.click/login,1
http://jio-claim-now.free-india.buzz/login,1
http://airtel-update-now.reward-india.xyz/login,1
http://icici-suspend-now.suspend-india.tk/login,1
http://aadhaar-free-now.secure-india.loan/login,1
http://sbi-block-now.alert-india.xyz/login,1
http://axis-alert-now.verify-india.fun/login,1
http://trai-win-now.free-india.top/login,1
http://irctc-update-now.claim-india.ml/login,1
http://hdfc-alert-now.alert-india.buzz/login,1
http://axis-win-now.verify-india.work/login,1
http://kotak-verify-now.secure-india.ga/login,1
http://jio-reward-now.block-india.pw/login,1
http://pnb-win-now.alert-india.pw/login,1
http://bob-alert-now.win-india.ml/login,1
http://kotak-reward-now.update-india.buzz/login,1
http://hdfc-claim-now.update-india.tk/login,1
http://hdfc-suspend-now.verify-india.xyz/login,1
http://irctc-verify-now.update-india.work/login,1
http://aadhaar-win-now.claim-india.xyz/login,1
http://phonepe-verify-now.claim-india.xyz/login,1
http://paytm-claim-now.free-india.cf/login,1
http://uidai-alert-now.kyc-india.buzz/login,1
http://jio-win-now.free-india.pw/login,1
http://phonepe-verify-now.update-india.xyz/login,1
http://phonepe-suspend-now.alert-india.click/login,1
http://irctc-secure-now.free-india.work/login,1
http://yesbank-free-now.login-india.pw/login,1
http://amazon-claim-now.suspend-india.fun/login,1
http://flipkart-win-now.secure-india.cf/login,1
http://phonepe-claim-now.kyc-india.top/login,1
http://airtel-free-now.free-india.ml/login,1
http://hdfc-secure-now.update-india.top/login,1
http://kotak-update-now.claim-india.fun/login,1
http://gpay-alert-now.secure-india.xyz/login,1
http://pnb-update-now.login-india.ga/login,1
http://flipkart-suspend-now.login-india.work/login,1
http://amazon-reward-now.win-india.pw/login,1
http://flipkart-reward-now.block-india.tk/login,1
http://bob-verify-now.block-india.click/login,1
